GEO.id,GEO.id2,GEO.display-label,HD01_VD01,HD02_VD01,HD01_VD02,HD02_VD02,HD01_VD03,HD02_VD03,HD01_VD04,HD02_VD04,HD01_VD05,HD02_VD05,HD01_VD06,HD02_VD06,HD01_VD07,HD02_VD07,HD01_VD08,HD02_VD08,HD01_VD09,HD02_VD09,HD01_VD10,HD02_VD10
Id,Id2,Geography,Estimate; Total:,Margin of Error; Total:,Estimate; Total: - White alone,Margin of Error; Total: - White alone,Estimate; Total: - Black or African American alone,Margin of Error; Total: - Black or African American alone,Estimate; Total: - American Indian and Alaska Native alone,Margin of Error; Total: - American Indian and Alaska Native alone,Estimate; Total: - Asian alone,Margin of Error; Total: - Asian alone,Estimate; Total: - Native Hawaiian and Other Pacific Islander alone,Margin of Error; Total: - Native Hawaiian and Other Pacific Islander alone,Estimate; Total: - Some other race alone,Margin of Error; Total: - Some other race alone,Estimate; Total: - Two or more races:,Margin of Error; Total: - Two or more races:,Estimate; Total: - Two or more races: - Two races including Some other race,Margin of Error; Total: - Two or more races: - Two races including Some other race,"Estimate; Total: - Two or more races: - Two races excluding Some other race, and three or more races","Margin of Error; Total: - Two or more races: - Two races excluding Some other race, and three or more races"
1600000US0107000,0107000,"Birmingham city, Alabama",212653,923,51751,3784,154281,4085,413,336,1617,655,23,37,1968,1140,2600,1281,358,411,2242,1209
1600000US0121184,0121184,"Dothan city, Alabama",69400,1142,42496,1322,24772,1366,104,71,538,182,0,189,422,295,1068,343,80,77,988,309
1600000US0135896,0135896,"Hoover city, Alabama",84352,35,64794,3351,11914,3048,0,189,3433,1518,0,189,2975,2300,1236,876,80,132,1156,811
1600000US0137000,0137000,"Huntsville city, Alabama",187592,678,117137,4019,58918,4072,461,377,4196,1095,170,135,2036,1442,4674,1620,140,134,4534,1635
1600000US0150000,0150000,"Mobile city, Alabama",194670,39,85101,4045,101500,4307,458,267,2823,1650,0,189,2326,2272,2462,1697,34,64,2428,1691
1600000US0151000,0151000,"Montgomery city, Alabama",200486,27,69942,2119,120378,1931,359,270,5732,797,58,95,1415,891,2602,969,236,203,2366,965
1600000US0177256,0177256,"Tuscaloosa city, Alabama",96116,32,49611,2968,42277,2879,122,147,2368,719,0,189,355,472,1383,638,0,189,1383,638
1600000US0203000,0203000,"Anchorage municipality, Alaska",301010,*****,194958,2661,17041,2011,21093,2372,27805,1667,6629,623,5122,2006,28362,4067,1727,1128,26635,4023
1600000US0404720,0404720,"Avondale city, Arizona",79621,87,58729,4028,8253,3022,758,424,3691,1436,0,200,4274,1793,3916,1368,389,373,3527,1271
1600000US0410670,0410670,"Casas Adobes CDP, Arizona",72867,5846,58435,4806,1328,754,724,738,992,586,41,107,6011,2679,5336,1828,2482,1488,2854,1085
1600000US0412000,0412000,"Chandler city, Arizona",254275,43,196801,5619,12129,3515,5102,1909,20254,3357,294,233,8897,3600,10798,1927,1217,701,9581,1824
1600000US0423620,0423620,"Flagstaff city, Arizona",68786,23,52626,2341,2053,506,6566,2192,2721,537,0,200,2292,1114,2528,1049,469,273,2059,1014
1600000US0427400,0427400,"Gilbert town, Arizona",239282,48,194359,5348,7108,2735,3730,1309,17164,3646,356,276,6845,2850,9720,1772,1405,797,8315,1575
1600000US0427820,0427820,"Glendale city, Arizona",237529,63,182397,5983,13931,3447,2839,1109,13440,3679,367,383,12933,4114,11622,3380,1824,829,9798,3351
1600000US0428380,0428380,"Goodyear city, Arizona",75676,52,60436,3582,7876,3277,952,816,2609,1136,174,207,1085,983,2544,1099,374,371,2170,1066
1600000US0446000,0446000,"Mesa city, Arizona",464682,96,406265,7263,15288,2786,7689,2666,8467,1900,1569,1127,13687,3212,11717,2537,1909,746,9808,2401
1600000US0454050,0454050,"Peoria city, Arizona",166955,105,141299,4154,6488,2381,583,530,7416,2953,57,93,5411,2289,5701,2087,1014,1150,4687,1686
1600000US0455000,0455000,"Phoenix city, Arizona",1537045,99,1122320,18031,102038,8112,32233,5114,57181,5736,4750,1560,168750,14924,49773,5619,14123,3021,35650,5203
1600000US0464210,0464210,"San Tan Valley CDP, Arizona",94390,7636,80498,6519,3747,1918,3448,2689,2009,1704,527,589,1283,793,2878,1415,645,634,2233,1300
1600000US0465000,0465000,"Scottsdale city, Arizona",230502,49,203489,4461,2873,1199,2946,2536,9719,2351,0,200,5351,2194,6124,1506,712,622,5412,1411
1600000US0471510,0471510,"Surprise city, Arizona",126278,40,105253,4891,7346,2632,1185,1165,2278,1227,124,152,6500,4128,3592,1158,1012,884,2580,1036
1600000US0473000,0473000,"Tempe city, Arizona",172836,78,122827,5932,10474,2696,5447,2549,12215,2262,824,752,15291,3986,5758,1513,656,566,5102,1432
1600000US0477000,0477000,"Tucson city, Arizona",527948,105,390699,7605,24531,2679,14654,2577,16829,2038,1608,690,55297,6048,24330,3541,6969,2152,17361,2765
1600000US0485540,0485540,"Yuma city, Arizona",93399,27,67779,3869,2925,945,416,352,1480,777,0,200,16543,3376,4256,1472,772,568,3484,1336
1600000US0523290,0523290,"Fayetteville city, Arkansas",80614,34,66892,2431,5151,1504,510,298,1562,802,12,25,2858,1987,3629,1343,194,223,3435,1274
1600000US0524550,0524550,"Fort Smith city, Arkansas",87362,41,66198,1461,9023,602,702,465,4808,827,0,190,1926,1088,4705,1446,860,742,3845,1268
1600000US0535710,0535710,"Jonesboro city, Arkansas",72214,23,53915,1028,13322,1683,453,850,1081,220,668,1126,421,348,2354,1326,113,220,2241,1281
1600000US0541000,0541000,"Little Rock city, Arkansas",197701,40,104537,4331,81462,4269,272,214,4521,1342,57,96,2018,1475,4834,1469,298,344,4536,1433
1600000US0550450,0550450,"North Little Rock city, Arkansas",66813,30,33691,3529,29729,3461,355,435,847,548,0,190,320,384,1871,892,374,468,1497,847
1600000US0566080,0566080,"Springdale city, Arkansas",78122,2267,54629,5018,541,624,239,252,2398,1274,4424,2038,13142,4426,2749,1953,724,881,2025,1728
1600000US0600562,0600562,"Alameda city, California",77661,34,39547,3252,4175,1255,90,133,23967,3405,719,489,2539,1538,6624,1879,1353,862,5271,1747
1600000US0600884,0600884,"Alhambra city, California",85585,66,18449,3338,1587,825,374,450,43917,4490,262,311,18290,3500,2706,1156,593,408,2113,1063
1600000US0602000,0602000,"Anaheim city, California",346961,140,240418,7659,6943,1778,549,374,62641,6332,794,571,22372,5603,13244,2975,1787,882,11457,2837
1600000US0602252,0602252,"Antioch city, California",108953,82,51135,5002,23209,3851,747,794,11208,3538,1437,1460,11450,3721,9767,2451,2814,1570,6953,2063
1600000US0602364,0602364,"Apple Valley town, California",71586,41,60526,2623,3545,1580,310,451,3148,1560,41,67,2008,1051,2008,866,362,295,1646,789
1600000US0602553,0602553,"Arden-Arcade CDP, California",99903,7240,66654,6287,7812,2257,275,216,7467,2262,90,116,12078,4701,5527,1697,1620,1335,3907,1251
1600000US0603526,0603526,"Bakersfield city, California",368748,55,259615,7410,26666,3369,6158,3057,22915,3199,596,395,35299,5889,17499,3832,3793,1218,13706,3486
1600000US0603666,0603666,"Baldwin Park city, California",77134,47,20465,3326,2462,1634,212,260,16304,3096,327,489,35509,4515,1855,1092,1116,784,739,590
1600000US0604982,0604982,"Bellflower city, California",78246,47,26514,3121,9640,2331,251,257,11311,2671,159,200,26760,3941,3611,1602,2241,1109,1370,1253
1600000US0606000,0606000,"Berkeley city, California",118851,30,72378,3572,10058,2354,536,321,21796,2818,82,140,4932,1703,9069,2121,1308,1468,7761,1660
1600000US0608786,0608786,"Buena Park city, California",83114,43,49863,4427,2280,1655,726,614,24612,3682,0,200,2773,1252,2860,1192,802,406,2058,1027
1600000US0608954,0608954,"Burbank city, California",105366,30,74271,4118,1149,766,776,678,10489,2437,0,200,11441,3140,7240,2560,1914,1045,5326,2308
1600000US0610046,0610046,"Camarillo city, California",66932,39,53249,2948,1408,751,164,185,6484,2099,0,200,2605,1418,3022,1456,658,607,2364,1316
1600000US0611194,0611194,"Carlsbad city, California",112310,52,96417,3590,343,367,131,150,8469,2145,0,200,1100,647,5850,2467,467,507,5383,2285
1600000US0611390,0611390,"Carmichael CDP, California",66493,5265,54942,5116,3418,1572,449,391,2820,1234,258,312,1081,619,3525,1130,400,315,3125,1048
1600000US0611530,0611530,"Carson city, California",93272,36,27836,4299,20520,4306,99,165,23732,4393,2274,1564,15206,3369,3605,1450,615,508,2990,1277
1600000US0613014,0613014,"Chico city, California",89187,42,74917,2397,1711,809,482,307,2709,1203,187,268,5359,1752,3822,1371,321,284,3501,1355
1600000US0613210,0613210,"Chino city, California",84743,76,37633,3747,6203,2215,651,351,7497,1492,385,332,25355,3688,7019,1493,2221,1056,4798,1216
1600000US0613214,0613214,"Chino Hills city, California",77005,40,32640,4284,4225,2763,164,272,25789,3834,0,200,9532,4095,4655,1531,1575,864,3080,1388
1600000US0613392,0613392,"Chula Vista city, California",260977,51,176481,8478,10652,3221,199,165,39570,6561,1242,811,18087,3918,14746,3370,3757,1485,10989,2832
1600000US0613588,0613588,"Citrus Heights city, California",86147,33,73036,2479,3097,1358,160,178,2500,812,97,117,3840,1618,3417,1141,829,642,2588,945
1600000US0614218,0614218,"Clovis city, California",102190,37,68887,5132,4462,2272,1748,1109,12094,2988,532,579,11125,3530,3342,940,915,614,2427,819
1600000US0615044,0615044,"Compton city, California",98596,35,43354,5006,31877,5227,254,327,804,598,460,564,19420,3510,2427,1490,1855,1359,572,458
1600000US0616000,0616000,"Concord city, California",127511,52,93582,4957,4491,1991,758,630,12592,2535,106,175,8745,3067,7237,2229,2078,1302,5159,1771
1600000US0616350,0616350,"Corona city, California",161498,59,108631,5178,10263,2496,227,274,21221,3488,820,706,12455,2660,7881,1755,1666,1042,6215,1644
1600000US0616532,0616532,"Costa Mesa city, California",112793,50,67025,4959,2462,1554,123,199,10330,2592,664,597,27365,4639,4824,1293,887,549,3937,1170
1600000US0617918,0617918,"Daly City city, California",106099,36,21455,4046,3113,1410,0,200,60677,5456,722,600,16165,4848,3967,1477,765,520,3202,1212
1600000US0618100,0618100,"Davis city, California",66733,37,38895,2121,2249,977,0,200,17268,1462,117,188,4057,1501,4147,1144,213,233,3934,1088
1600000US0619766,0619766,"Downey city, California",114168,37,59116,4562,3687,1506,263,246,10765,3093,1133,1686,34580,5143,4624,1718,3320,1731,1304,610
1600000US0620802,0620802,"East Los Angeles CDP, California",117267,7153,55657,6268,761,580,734,985,1711,665,39,63,57152,5917,1213,655,971,579,242,264
1600000US0621712,0621712,"El Cajon city, California",103075,66,73709,4662,7354,2288,355,299,4523,2353,1638,2069,7261,2567,8235,3147,1540,1654,6695,2592
1600000US0622020,0622020,"Elk Grove city, California",163560,61,79022,6061,17451,3763,3345,2863,45696,5048,625,656,3848,1355,13573,2708,3034,1229,10539,2878
1600000US0622230,0622230,"El Monte city, California",116617,56,66916,5326,785,583,692,508,34597,4115,387,367,11648,3330,1592,796,377,273,1215,718
1600000US0622804,0622804,"Escondido city, California",150252,47,119782,4785,4380,1852,913,1021,10064,2893,152,242,9035,2537,5926,2186,1173,845,4753,1942
1600000US0623182,0623182,"Fairfield city, California",111139,54,53687,4164,14203,2557,651,580,19094,3441,1374,981,14699,3390,7431,1857,626,399,6805,1836
1600000US0624638,0624638,"Folsom city, California",75366,32,50413,3290,4966,1235,164,215,12453,2644,695,907,3354,1478,3321,1105,473,322,2848,1067
1600000US0624680,0624680,"Fontana city, California",204953,43,81353,7882,15249,3407,1805,1429,15230,4598,1216,1459,80584,7931,9516,2724,2594,1316,6922,2551
1600000US0626000,0626000,"Fremont city, California",228760,33,58799,5217,7888,2484,1354,571,126464,6337,2172,1065,19729,5443,12354,3131,2924,1208,9430,2454
1600000US0627000,0627000,"Fresno city, California",515985,63,267332,9506,40245,3860,4356,1404,67486,4750,385,403,114236,9144,21945,3883,3560,1108,18385,3731
1600000US0628000,0628000,"Fullerton city, California",139663,59,75857,6197,3469,1673,551,492,33352,5538,768,944,20426,5222,5240,2013,1081,873,4159,1881
1600000US0629000,0629000,"Garden Grove city, California",175085,53,73705,5725,1160,829,926,931,69512,6575,95,113,27072,4947,2615,963,203,153,2412,937
1600000US0630000,0630000,"Glendale city, California",200161,38,139421,5544,2101,967,875,521,32543,3660,0,200,18224,3589,6997,1837,2648,1215,4349,1373
1600000US0632548,0632548,"Hawthorne city, California",87591,45,29553,4160,19618,3106,475,406,5238,1651,0,200,13293,3576,19414,4236,1170,796,18244,3974
1600000US0633000,0633000,"Hayward city, California",154633,70,70988,5420,19394,3577,787,460,39747,5102,2255,1021,13289,3294,8173,1989,1582,861,6591,1719
1600000US0633182,0633182,"Hemet city, California",83040,41,60734,4863,10817,4190,1046,787,3102,2728,0,200,5006,2169,2335,978,291,412,2044,894
1600000US0633434,0633434,"Hesperia city, California",92744,34,76059,3915,7796,3556,1116,714,2035,1112,0,200,3919,1687,1819,723,301,207,1518,693
1600000US0636000,0636000,"Huntington Beach city, California",200814,43,151238,5336,2261,934,1563,947,23707,3351,366,214,11119,3593,10560,1983,1119,653,9441,1842
1600000US0636448,0636448,"Indio city, California",85639,39,39606,4217,1200,868,810,832,2489,1575,33,60,37719,4490,3782,1985,2610,1675,1172,863
1600000US0636546,0636546,"Inglewood city, California",111901,32,29382,3722,48988,4798,964,722,1496,953,379,528,25314,4309,5378,2138,732,600,4646,2059
1600000US0636770,0636770,"Irvine city, California",248521,43,120744,8559,6816,3549,420,314,94616,8856,89,123,9632,3909,16204,7178,2118,1313,14086,7125
1600000US0637692,0637692,"Jurupa Valley city, California",98843,34,52346,5670,2865,1201,1803,1213,3029,1489,165,221,33435,5537,5200,2793,1614,1678,3586,2128
1600000US0639248,0639248,"Laguna Niguel city, California",65435,49,50110,2977,1684,934,446,542,6978,1896,154,258,2763,1474,3300,1233,958,584,2342,1161
1600000US0639496,0639496,"Lake Forest city, California",80125,82,56964,4151,1450,1363,1015,1090,9860,2493,117,139,8270,3269,2449,787,405,354,2044,785
1600000US0639892,0639892,"Lakewood city, California",81641,56,38864,3614,5522,1707,600,483,12818,2299,958,602,19475,4121,3404,1127,1065,854,2339,767
1600000US0640130,0640130,"Lancaster city, California",161036,37,96978,7122,38908,6477,1068,710,6809,2617,748,637,8155,3076,8370,1856,2272,1182,6098,1701
1600000US0641992,0641992,"Livermore city, California",86856,56,69338,3442,1504,884,171,165,8448,2717,193,302,2933,1567,4269,1111,937,633,3332,1098
1600000US0643000,0643000,"Long Beach city, California",473605,109,257998,8064,59993,6486,2428,1388,68620,6422,4891,2811,57858,7579,21817,3243,5374,1427,16443,2778
1600000US0644000,0644000,"Los Angeles city, California",3928827,94,2101883,24516,350773,10651,32059,6067,456847,14381,8781,2441,844671,22081,133813,8012,33636,3811,100177,6912
1600000US0644574,0644574,"Lynwood city, California",71846,31,36863,4560,7440,2548,374,352,177,186,34,62,26093,4633,865,763,345,567,520,514
1600000US0645484,0645484,"Manteca city, California",73477,65,47219,5585,1519,986,854,527,8488,4627,28,51,10854,3489,4515,2066,1739,1555,2776,1337
1600000US0646842,0646842,"Menifee city, California",85201,70,57741,4225,5329,1876,759,834,4991,1864,442,482,12232,3505,3707,1174,526,352,3181,1150
1600000US0646898,0646898,"Merced city, California",81739,30,39143,3170,5510,1083,248,214,11036,2414,91,157,21154,3237,4557,1537,2201,1151,2356,1075
1600000US0647766,0647766,"Milpitas city, California",73679,31,14487,3053,1570,718,242,255,45908,3905,399,281,7482,2605,3591,1438,735,550,2856,1427
1600000US0648256,0648256,"Mission Viejo city, California",97231,80,75620,4826,666,517,274,341,8490,2248,0,200,7748,4773,4433,1326,534,339,3899,1258
1600000US0648354,0648354,"Modesto city, California",209308,76,157995,5689,7099,1746,1813,895,15262,3201,1666,1015,17652,4592,7821,2008,1825,915,5996,1817
1600000US0649270,0649270,"Moreno Valley city, California",202978,47,81239,7587,34318,4327,1441,865,16389,3926,1113,862,61609,7589,6869,2186,1686,863,5183,1983
1600000US0649670,0649670,"Mountain View city, California",79374,29,46016,3925,2314,1197,44,76,24891,3643,61,102,2254,1412,3794,1300,267,173,3527,1277
1600000US0650076,0650076,"Murrieta city, California",108371,46,74588,5666,10562,3607,916,937,4706,1702,485,508,9070,4576,8044,2065,1352,867,6692,1998
1600000US0650258,0650258,"Napa city, California",80009,30,60725,3157,984,574,462,576,2337,955,0,200,12971,2928,2530,1497,1168,1233,1362,547
1600000US0651182,0651182,"Newport Beach city, California",87242,84,72550,3001,105,138,454,287,8108,2651,124,227,2195,1209,3706,1444,1338,1195,2368,1041
1600000US0652526,0652526,"Norwalk city, California",107111,59,61646,4741,3933,1625,597,524,17246,3080,298,336,21127,4128,2264,899,899,452,1365,657
1600000US0653000,0653000,"Oakland city, California",413782,59,155910,8022,100601,4549,5166,1931,63484,4641,3456,1456,59256,7283,25909,3053,5203,1625,20706,2822
1600000US0653322,0653322,"Oceanside city, California",174552,43,136101,5229,8423,2609,921,635,10364,2270,1619,1487,8808,2636,8316,2115,1716,1274,6600,1681
1600000US0653896,0653896,"Ontario city, California",169085,43,78675,5573,9450,2695,1819,980,8449,2263,1368,1128,64013,6148,5311,1772,2387,1150,2924,1302
1600000US0653980,0653980,"Orange city, California",139826,59,96705,6384,1983,716,626,693,17408,4269,0,200,17717,5476,5387,1794,589,426,4798,1763
1600000US0654652,0654652,"Oxnard city, California",205434,44,157195,5000,3661,1437,3933,2279,16563,2780,273,271,17669,3193,6140,2259,1364,690,4776,2121
1600000US0655156,0655156,"Palmdale city, California",158274,43,62018,6426,19408,3788,635,384,7596,2125,176,193,61887,6593,6554,1844,2365,1207,4189,1270
1600000US0655282,0655282,"Palo Alto city, California",66968,54,39273,2885,860,575,9,22,23519,2885,303,304,332,322,2672,1016,7,16,2665,1014
1600000US0656000,0656000,"Pasadena city, California",140860,76,72395,4485,13692,2991,237,220,24929,3733,168,166,23408,3952,6031,1446,1767,722,4264,1283
1600000US0656700,0656700,"Perris city, California",73751,34,19993,3713,5743,2261,331,456,2679,1732,0,200,42613,5241,2392,1350,933,831,1459,1080
1600000US0657456,0657456,"Pittsburg city, California",68122,71,23628,3981,11429,2846,300,294,10204,2662,1136,943,13643,3958,7782,2659,1624,880,6158,2507
1600000US0657792,0657792,"Pleasanton city, California",77676,37,47454,3737,1353,913,98,83,24241,3879,432,464,860,604,3238,1584,53,89,3185,1584
1600000US0658072,0658072,"Pomona city, California",153381,111,96332,5660,9334,2474,838,541,13332,3051,128,183,29524,4678,3893,1245,1685,804,2208,900
1600000US0659444,0659444,"Rancho Cordova city, California",69727,51,44655,2710,5425,1512,204,227,8088,1715,482,412,6382,2240,4491,1347,621,523,3870,1245
1600000US0659451,0659451,"Rancho Cucamonga city, California",174302,38,108124,6575,14551,4122,2909,2798,22543,4315,0,200,19041,3764,7134,1929,1812,718,5322,1793
1600000US0659920,0659920,"Redding city, California",91588,33,78324,1830,1434,793,783,466,3178,1166,0,200,2231,1239,5638,1520,638,398,5000,1455
1600000US0659962,0659962,"Redlands city, California",70618,26,51452,3653,5057,2036,551,503,6106,3054,1352,1905,3633,1686,2467,990,363,326,2104,953
1600000US0660018,0660018,"Redondo Beach city, California",68146,29,51220,2409,1167,864,0,200,7840,2001,56,91,2686,1543,5177,1452,649,559,4528,1403
1600000US0660102,0660102,"Redwood City city, California",82868,49,48245,4288,1729,854,753,816,9756,2127,426,542,18083,4163,3876,1457,1623,1020,2253,1065
1600000US0660466,0660466,"Rialto city, California",102740,36,60732,5154,12805,2796,980,862,1913,975,324,546,20680,4081,5306,2261,1338,1055,3968,1958
1600000US0660620,0660620,"Richmond city, California",108562,40,32448,4383,23452,3276,727,615,17022,3313,1427,938,26659,5013,6827,2120,669,576,6158,1952
1600000US0662000,0662000,"Riverside city, California",319519,72,215584,9167,17937,3816,3660,2387,25919,4883,1327,921,39802,6280,15290,2997,2383,744,12907,2969
1600000US0662938,0662938,"Roseville city, California",128593,74,101770,3292,1810,862,211,240,13808,2153,443,461,4234,2242,6317,1627,1627,917,4690,1237
1600000US0664000,0664000,"Sacramento city, California",485193,76,234625,8193,69249,5675,3151,1293,90255,5692,8600,1999,47449,6140,31864,4292,4965,1393,26899,4055
1600000US0664224,0664224,"Salinas city, California",156678,37,123642,5216,1854,984,1061,602,11261,2169,0,200,14540,4566,4320,1840,1202,968,3118,1495
1600000US0665000,0665000,"San Bernardino city, California",215227,60,125109,6681,30580,4280,1701,1103,10270,2717,369,332,39809,4607,7389,1989,1895,882,5494,1619
1600000US0665042,0665042,"San Buenaventura (Ventura) city, California",109478,33,93981,2597,1845,1098,1047,751,3117,1438,166,165,3613,1483,5709,1911,1177,698,4532,1849
1600000US0665084,0665084,"San Clemente city, California",65342,66,51265,3910,341,382,127,157,3074,1230,1967,2062,4137,2679,4431,1602,937,690,3494,1381
1600000US0666000,0666000,"San Diego city, California",1381083,79,889280,12800,89431,7422,5347,1497,228372,9707,4525,1195,95090,8478,69038,6754,6881,1530,62157,6679
1600000US0667000,0667000,"San Francisco city, California",852469,*****,403610,5813,45986,1930,2382,638,289650,3176,3665,394,65067,6784,42109,3957,6226,1967,35883,3373
1600000US0668000,0668000,"San Jose city, California",1015796,70,438911,12789,29970,2859,4929,1557,349632,9257,4493,1487,140986,12953,46875,4519,11843,2155,35032,4306
1600000US0668084,0668084,"San Leandro city, California",89347,35,38286,3896,12174,3009,1411,877,24185,3723,1477,1128,7124,3220,4690,1348,1208,732,3482,1133
1600000US0668196,0668196,"San Marcos city, California",92910,67,56080,5407,2425,996,281,282,9899,2718,1257,1069,14097,3939,8871,3286,3412,2229,5459,2422
1600000US0668252,0668252,"San Mateo city, California",102885,43,67681,3622,1731,759,241,296,21896,3240,679,480,5776,2370,4881,1372,1038,878,3843,1188
1600000US0668378,0668378,"San Ramon city, California",75319,52,31885,3490,2145,1510,39,67,34938,3367,798,1008,797,544,4717,1799,768,581,3949,1700
1600000US0669000,0669000,"Santa Ana city, California",334924,46,167781,9723,2555,1226,2487,1186,35172,4291,1394,1467,120686,9195,4849,1352,2101,898,2748,1018
1600000US0669070,0669070,"Santa Barbara city, California",91208,49,71822,4018,338,237,776,591,3085,1069,278,456,10087,4111,4822,1727,1315,1263,3507,1279
1600000US0669084,0669084,"Santa Clara city, California",122198,42,58345,4921,3314,996,415,352,47647,4896,922,1094,3798,2035,7757,1900,2001,976,5756,1630
1600000US0669088,0669088,"Santa Clarita city, California",181559,46,129839,5104,7063,2500,915,483,19273,3035,170,217,11981,3241,12318,2298,1273,901,11045,2228
1600000US0669196,0669196,"Santa Maria city, California",103414,28,82363,4134,3022,1617,659,506,3791,1524,205,291,9541,3072,3833,1525,1037,851,2796,1202
1600000US0670000,0670000,"Santa Monica city, California",92989,31,75667,3190,2882,1002,1068,1226,7017,1570,0,200,2473,1568,3882,1303,251,237,3631,1272
1600000US0670098,0670098,"Santa Rosa city, California",174166,35,123008,6059,1797,894,3621,2513,10570,2190,904,907,21659,5316,12607,2890,895,584,11712,2833
1600000US0672016,0672016,"Simi Valley city, California",126873,38,102150,3524,1351,928,911,1320,13572,2646,170,160,4092,1544,4627,1454,441,280,4186,1449
1600000US0673080,0673080,"South Gate city, California",96299,54,55677,4793,1065,761,183,249,591,531,98,165,36094,4874,2591,1379,1622,1190,969,701
1600000US0673262,0673262,"South San Francisco city, California",67011,26,26050,4134,2171,1026,190,197,27320,4050,1482,1003,6924,2400,2874,1123,805,717,2069,967
1600000US0675000,0675000,"Stockton city, California",302405,78,138630,7736,41846,2963,1927,874,61559,5555,3571,890,32380,5698,22492,3998,3575,1571,18917,3607
1600000US0677000,0677000,"Sunnyvale city, California",149984,37,75207,4717,2448,1671,348,252,62966,4920,311,409,3529,1368,5175,1348,370,488,4805,1371
1600000US0678120,0678120,"Temecula city, California",109446,85,84170,3981,3451,1510,317,278,12960,2946,376,355,3429,1346,4743,1630,737,459,4006,1603
1600000US0678582,0678582,"Thousand Oaks city, California",129344,36,106424,3089,1873,1156,312,310,10462,1911,191,256,3787,1748,6295,1580,1613,1010,4682,1253
1600000US0680000,0680000,"Torrance city, California",148483,51,79909,4712,3283,1653,1295,832,48414,4345,589,793,5692,2539,9301,2072,3014,1503,6287,1648
1600000US0680238,0680238,"Tracy city, California",85835,41,52258,4709,3059,1417,229,251,13582,3535,167,286,9358,3215,7182,2290,1278,931,5904,2012
1600000US0680812,0680812,"Turlock city, California",71246,28,56043,3011,1497,851,63,77,4363,1980,583,655,4839,1963,3858,1388,1120,767,2738,1244
1600000US0680854,0680854,"Tustin city, California",80617,40,35234,4347,2256,1276,737,571,15809,3257,606,721,21675,5522,4300,1853,668,505,3632,1814
1600000US0681204,0681204,"Union City city, California",73608,57,13375,2026,4218,1694,68,91,40474,3536,666,429,9841,3379,4966,1467,1658,1013,3308,1126
1600000US0681344,0681344,"Upland city, California",76039,34,45968,3888,5446,2046,313,338,5438,1397,0,200,15879,3847,2995,1650,584,511,2411,1602
1600000US0681554,0681554,"Vacaville city, California",95863,43,62369,3615,8782,2127,708,420,8329,2503,45,82,8303,2360,7327,2652,1875,1599,5452,2015
1600000US0681666,0681666,"Vallejo city, California",120210,71,50444,4184,26352,3507,627,518,31015,3133,244,226,4151,1612,7377,2144,559,292,6818,2082
1600000US0682590,0682590,"Victorville city, California",121911,56,74162,6620,21298,5260,1408,1216,5250,2400,519,539,14056,4078,5218,2396,1236,696,3982,2198
1600000US0682954,0682954,"Visalia city, California",129280,35,103599,3830,3777,1238,1075,854,5317,1724,0,200,7969,2546,7543,2899,2751,2336,4792,1978
1600000US0682996,0682996,"Vista city, California",98086,44,72080,4150,1643,769,423,293,4738,1665,162,207,14670,3886,4370,1382,1188,814,3182,1155
1600000US0683346,0683346,"Walnut Creek city, California",67664,35,52265,2935,1114,613,135,220,9875,2175,64,116,767,662,3444,1396,44,72,3400,1387
1600000US0684200,0684200,"West Covina city, California",108445,56,36506,3767,5140,1858,730,861,32130,3750,0,200,29869,3948,4070,1344,2104,991,1966,1025
1600000US0684550,0684550,"Westminster city, California",92062,41,39397,4742,226,221,710,551,44784,4443,168,148,4626,1720,2151,803,401,347,1750,703
1600000US0685292,0685292,"Whittier city, California",87348,107,50894,4704,943,703,157,157,3572,1314,186,288,27717,4798,3879,1498,1926,1231,1953,941
1600000US0686832,0686832,"Yorba Linda city, California",67824,33,50544,3235,1181,1371,141,230,9650,2367,0,200,1688,938,4620,1960,827,527,3793,1887
1600000US0686972,0686972,"Yuba City city, California",65775,25,44523,1937,2236,594,759,225,11367,1907,624,797,2959,1657,3307,1294,214,225,3093,1258
1600000US0803455,0803455,"Arvada city, Colorado",113775,1220,105457,2226,788,469,994,667,2668,1071,0,192,1093,750,2775,932,681,523,2094,758
1600000US0804000,0804000,"Aurora city, Colorado",353381,724,222225,8836,50629,4199,4671,2332,18068,2714,693,321,37848,6905,19247,2815,4873,1694,14374,2372
1600000US0807850,0807850,"Boulder city, Colorado",105101,43,93080,1889,1099,464,351,307,4550,978,89,175,2342,1547,3590,1127,433,521,3157,1024
1600000US0812815,0812815,"Centennial city, Colorado",107193,54,93347,2728,2381,939,262,268,5839,2024,400,387,1569,968,3395,810,303,264,3092,741
1600000US0816000,0816000,"Colorado Springs city, Colorado",445820,54,350458,5124,20843,2614,1820,819,15377,2035,705,524,30714,5224,25903,3464,4878,1443,21025,2908
1600000US0820000,0820000,"Denver city, Colorado",663862,*****,520398,5172,62757,2413,7326,2047,24784,1139,174,294,25722,4410,22701,3085,4122,1270,18579,2919
1600000US0827425,0827425,"Fort Collins city, Colorado",156473,39,139809,2585,2721,562,1085,420,4549,997,451,265,3243,1844,4615,1444,373,320,4242,1378
1600000US0832155,0832155,"Greeley city, Colorado",98593,30,85289,3206,2287,725,855,745,509,361,48,94,5629,2389,3976,1498,841,843,3135,1221
1600000US0836410,0836410,"Highlands Ranch CDP, Colorado",100192,4321,89874,4525,643,524,185,175,5807,1222,30,52,885,503,2768,892,439,327,2329,804
1600000US0843000,0843000,"Lakewood city, Colorado",149650,45,135026,2706,2634,971,1875,994,2544,949,107,137,2900,1017,4564,1773,1362,1172,3202,1217
1600000US0845970,0845970,"Longmont city, Colorado",90189,28,75498,2545,1551,801,1661,1318,3841,1678,0,192,4538,1369,3100,1353,1366,1151,1734,657
1600000US0846465,0846465,"Loveland city, Colorado",72647,28,67489,1576,166,194,756,786,787,533,967,1148,775,538,1707,808,251,306,1456,758
1600000US0862000,0862000,"Pueblo city, Colorado",108439,57,78493,3408,3138,576,2077,1145,955,414,0,192,18643,3556,5133,1522,889,846,4244,1006
1600000US0877290,0877290,"Thornton city, Colorado",130309,39,114844,2603,2723,1225,1085,710,5100,1935,136,135,2593,1200,3828,1228,198,239,3630,1195
1600000US0883835,0883835,"Westminster city, Colorado",112099,54,94151,3101,2886,1340,2202,1620,7522,2310,45,77,2363,939,2930,903,698,404,2232,839
1600000US0908000,0908000,"Bridgeport city, Connecticut",147608,33,55760,5125,52367,4476,774,452,4045,1415,0,197,28719,4413,5943,1795,2774,1158,3169,1249
1600000US0918430,0918430,"Danbury city, Connecticut",83795,45,54030,3823,6312,2229,210,200,3955,1561,0,197,15739,3531,3549,1684,2396,1591,1153,551
1600000US0937000,0937000,"Hartford city, Connecticut",124721,59,45701,4289,46063,3924,518,292,4392,2159,16,35,20505,3707,7526,2350,2405,1328,5121,1999
1600000US0950370,0950370,"New Britain city, Connecticut",72889,43,52870,3185,6789,1883,166,285,2415,968,281,333,8731,2453,1637,731,743,520,894,537
1600000US0952000,0952000,"New Haven city, Connecticut",130285,39,55948,4529,45210,3710,418,265,6409,1533,76,124,17109,3497,5115,1748,950,870,4165,1422
1600000US0955990,0955990,"Norwalk city, Connecticut",88144,28,61782,3707,15160,2954,526,414,5466,1900,100,165,3589,1936,1521,899,318,366,1203,881
1600000US0973000,0973000,"Stamford city, Connecticut",128283,39,75547,4315,17081,3759,175,267,12426,2564,103,175,20358,4247,2593,893,574,462,2019,766
1600000US0980000,0980000,"Waterbury city, Connecticut",109311,37,63630,4793,21262,2898,15,32,2306,1368,0,197,14499,3971,7599,2966,988,747,6611,2790
1600000US1077580,1077580,"Wilmington city, Delaware",71808,40,25207,2882,38949,3281,54,85,1203,912,142,231,5058,1960,1195,615,138,195,1057,562
1600000US1150000,1150000,"Washington city, District of Columbia",658893,*****,265077,3969,321346,2832,1859,722,24910,1142,172,198,28798,4648,16731,2508,1379,487,15352,2430
1600000US1200410,1200410,"Alafaya CDP, Florida",84594,10707,59191,9085,8539,4846,0,214,6993,3835,0,214,6055,4895,3816,1864,1388,1433,2428,1307
1600000US1207300,1207300,"Boca Raton city, Florida",91321,47,76186,3415,4575,1854,100,165,4151,1854,0,214,3358,1737,2951,1649,934,1166,2017,1275
1600000US1207875,1207875,"Boynton Beach city, Florida",73121,35,46096,4173,23558,4225,62,104,1412,964,310,439,1032,978,651,445,35,60,616,446
1600000US1208150,1208150,"Brandon CDP, Florida",105125,7268,74502,6242,15262,3358,99,123,5530,2195,254,278,3373,1283,6105,2629,387,295,5718,2667
1600000US1210275,1210275,"Cape Coral city, Florida",169855,31,151511,3569,12082,3603,193,197,2248,1220,0,214,2172,1320,1649,902,231,252,1418,864
1600000US1212875,1212875,"Clearwater city, Florida",110709,40,89704,4376,13512,3975,238,189,2984,2257,0,214,970,619,3301,1278,676,516,2625,1216
1600000US1214400,1214400,"Coral Springs city, Florida",127963,53,83957,5737,24524,5136,1095,941,8207,2340,0,214,5967,2285,4213,1614,1424,1238,2789,1234
1600000US1216475,1216475,"Davie town, Florida",98905,48,78648,3503,8025,2598,499,579,5261,2060,416,459,2342,1059,3714,1421,1227,632,2487,1236
1600000US1216725,1216725,"Deerfield Beach city, Florida",78898,64,53889,4284,18785,3844,566,896,1495,987,0,214,1285,1077,2878,1323,330,266,2548,1334
1600000US1217100,1217100,"Delray Beach city, Florida",65054,26,37237,3542,22824,3385,67,111,1552,820,0,214,2284,1572,1090,1021,262,348,828,746
1600000US1217200,1217200,"Deltona city, Florida",86907,60,71540,3133,10851,2961,1031,865,1478,1185,0,214,867,559,1140,662,223,239,917,638
1600000US1224000,1224000,"Fort Lauderdale city, Florida",176018,46,115219,4477,52714,4730,151,193,2524,984,228,332,2147,1097,3035,966,637,545,2398,887
1600000US1224125,1224125,"Fort Myers city, Florida",70916,38,46198,3359,19087,3152,59,74,1337,817,72,120,2689,1529,1474,753,229,283,1245,669
1600000US1225175,1225175,"Gainesville city, Florida",128474,54,84169,3191,27889,2958,316,221,8928,1203,206,239,1286,612,5680,1423,403,506,5277,1408
1600000US1230000,1230000,"Hialeah city, Florida",235566,36,222473,3540,7059,2581,114,187,189,290,0,214,4518,1815,1213,609,318,224,895,615
1600000US1232000,1232000,"Hollywood city, Florida",148040,39,106466,5381,25510,3698,93,147,4450,2010,0,214,4373,2021,7148,2087,2061,1021,5087,1762
1600000US1232275,1232275,"Homestead city, Florida",65514,45,48289,4323,12621,3916,0,214,1390,1107,0,214,420,417,2794,1727,42,69,2752,1720
1600000US1235000,1235000,"Jacksonville city, Florida",853376,33,508647,4601,267080,3911,2047,878,39525,2201,288,204,10815,3289,24974,5214,2598,1765,22376,4713
1600000US1236100,1236100,"Kendall CDP, Florida",79143,8360,69430,8310,3044,2477,0,214,4315,1781,0,214,730,698,1624,818,373,276,1251,783
1600000US1236950,1236950,"Kissimmee city, Florida",66729,39,44302,3817,8607,2648,0,214,1775,1083,0,214,8928,3796,3117,1471,1660,1247,1457,909
1600000US1238250,1238250,"Lakeland city, Florida",102335,45,73705,3675,22623,3537,481,298,1482,750,0,214,1273,780,2771,1347,310,290,2461,1312
1600000US1239425,1239425,"Largo city, Florida",79028,42,68353,2832,5141,2082,179,195,1538,727,64,88,2100,1735,1653,819,124,153,1529,789
1600000US1239550,1239550,"Lauderhill city, Florida",70636,42,16063,3503,49551,3475,224,273,1810,1039,0,214,827,945,2161,1154,541,398,1620,1114
1600000US1239925,1239925,"Lehigh Acres CDP, Florida",111416,6601,77443,6521,24924,3414,170,171,2034,996,660,1097,3795,1596,2390,1367,572,742,1818,1171
1600000US1243975,1243975,"Melbourne city, Florida",78486,34,63745,3309,9822,3147,635,707,1327,517,0,214,516,404,2441,1096,267,275,2174,1077
1600000US1245000,1245000,"Miami city, Florida",430341,65,315691,7957,87384,6565,419,470,3829,1444,38,64,14820,3995,8160,2632,2203,1404,5957,2369
1600000US1245025,1245025,"Miami Beach city, Florida",91721,46,73268,3846,2839,850,288,337,1075,492,185,303,12280,3785,1786,716,785,462,1001,567
1600000US1245060,1245060,"Miami Gardens city, Florida",112270,31,23368,4415,83203,4625,602,850,1289,836,366,598,1898,1419,1544,1094,585,614,959,739
1600000US1245975,1245975,"Miramar city, Florida",134991,42,58241,7139,59679,7205,0,214,9912,4020,0,214,3016,1997,4143,1918,775,599,3368,1820
1600000US1253000,1253000,"Orlando city, Florida",262396,91,162828,7186,72050,6024,566,437,10579,3195,186,311,11090,3062,5097,1538,1318,604,3779,1288
1600000US1254000,1254000,"Palm Bay city, Florida",105845,32,76043,4321,22675,4072,303,360,2287,957,0,214,2333,1420,2204,1157,671,672,1533,893
1600000US1254200,1254200,"Palm Coast city, Florida",82388,2816,67091,2781,10320,1113,77,129,2499,268,65,107,683,514,1653,892,325,491,1328,733
1600000US1255775,1255775,"Pembroke Pines city, Florida",164625,38,105626,6543,41538,6082,240,275,7620,2517,0,214,7343,3211,2258,706,354,255,1904,687
1600000US1256825,1256825,"Pine Hills CDP, Florida",76021,9238,8939,2436,58325,8424,37,63,1861,1170,0,214,5334,2765,1525,981,309,297,1216,905
1600000US1257425,1257425,"Plantation city, Florida",91454,37,65570,3588,17348,3849,3,8,4375,1885,392,547,1041,727,2725,1295,540,492,2185,1280
1600000US1258050,1258050,"Pompano Beach city, Florida",106115,47,66950,4399,32714,4430,213,230,1685,1185,0,214,1156,1063,3397,1611,583,594,2814,1542
1600000US1258715,1258715,"Port St. Lucie city, Florida",174093,65,129836,4297,30765,3974,293,328,3679,1141,0,214,4257,1957,5263,3032,2038,2264,3225,1984
1600000US1260950,1260950,"Riverview CDP, Florida",81226,7357,51260,5753,13295,3638,345,443,3215,2032,491,675,9098,3187,3522,1783,692,643,2830,1672
1600000US1263000,1263000,"St. Petersburg city, Florida",253682,57,172432,5163,58321,4402,753,477,10078,2488,345,341,3594,2633,8159,2301,247,291,7912,2271
1600000US1268350,1268350,"Spring Hill CDP, Florida",98950,4818,87883,4993,5187,1429,143,161,1860,535,0,214,1881,975,1996,866,351,382,1645,756
1600000US1269700,1269700,"Sunrise city, Florida",91256,32,50278,4427,33701,4294,89,105,2651,1123,0,214,2430,1713,2107,1065,312,235,1795,1026
1600000US1270600,1270600,"Tallahassee city, Florida",188106,39,108478,3166,68156,3090,277,294,7398,922,211,336,906,448,2680,849,304,291,2376,797
1600000US1271000,1271000,"Tampa city, Florida",358684,64,231131,7772,88164,6193,1168,1248,14094,2671,340,458,11524,3509,12263,2996,3508,2041,8755,2208
1600000US1272145,1272145,"Town 'n' Country CDP, Florida",87874,7805,72504,8167,6299,2411,133,169,4421,1992,0,214,2283,2400,2234,895,135,157,2099,860
1600000US1276582,1276582,"Weston city, Florida",69091,36,57471,4137,5089,3719,969,1492,2574,1392,0,214,1932,1474,1056,619,468,470,588,420
1600000US1276600,1276600,"West Palm Beach city, Florida",104017,52,58348,4352,34889,4269,0,214,4533,1863,198,298,3566,1623,2483,995,1061,916,1422,682
1600000US1303440,1303440,"Athens-Clarke County unified government (balance), Georgia",119841,322,75599,2245,33041,736,52,104,5565,580,0,211,3544,2170,2040,863,252,371,1788,683
1600000US1304000,1304000,"Atlanta city, Georgia",456012,48,188315,6466,234394,7609,638,483,17133,2629,81,109,6044,2585,9407,2039,1261,793,8146,1930
1600000US1304204,1304204,"Augusta-Richmond County consolidated government (balance), Georgia",197465,1134,76062,1524,111432,1711,405,379,3681,474,0,211,1856,1037,4029,1416,287,285,3742,1398
1600000US1319000,1319000,"Columbus city, Georgia",200887,*****,91379,1800,89440,1679,843,285,4689,766,322,503,7206,1990,7008,1660,1296,986,5712,1394
1600000US1342425,1342425,"Johns Creek city, Georgia",83108,40,50622,4950,8616,5969,81,138,21177,3498,0,211,611,613,2001,1119,290,426,1711,1118
1600000US1349008,1349008,"Macon-Bibb County, Georgia",153633,206,66160,410,81483,1329,0,211,3060,218,37,76,277,311,2616,1340,214,276,2402,1341
1600000US1367284,1367284,"Roswell city, Georgia",94073,63,72875,4290,12074,3484,356,356,6322,2553,132,222,929,928,1385,818,377,381,1008,727
1600000US1368516,1368516,"Sandy Springs city, Georgia",101914,39,67771,3982,22990,3326,208,239,7409,2086,112,141,1204,1340,2220,932,557,552,1663,820
1600000US1369000,1369000,"Savannah city, Georgia",144355,33,56434,3663,79829,3672,184,174,2915,897,299,163,1416,928,3278,1131,397,314,2881,1027
1600000US1380508,1380508,"Warner Robins city, Georgia",73060,249,37604,4068,27923,3508,1033,1072,2303,974,0,211,1952,1737,2245,1376,770,1228,1475,820
1600000US1571550,1571550,"Urban Honolulu CDP, Hawaii",350403,52,59358,4001,6229,1362,504,367,188187,6389,34203,4953,4157,1405,57765,4870,2484,1020,55281,4845
1600000US1608830,1608830,"Boise City city, Idaho",216280,38,189444,3391,5660,1090,2096,1103,8529,3499,0,190,3387,1976,7164,2594,828,497,6336,2487
1600000US1656260,1656260,"Nampa city, Idaho",88208,27,77022,2763,502,564,1441,992,1421,828,223,216,4254,1891,3345,1365,1087,929,2258,1167
1600000US1702154,1702154,"Arlington Heights village, Illinois",74445,1728,63594,2376,1591,589,215,360,5684,1315,0,182,2156,1331,1205,729,390,474,815,568
1600000US1703012,1703012,"Aurora city, Illinois",200708,6499,108563,7904,24226,4529,1114,1013,13694,3127,0,182,46303,6132,6808,1930,1430,807,5378,1703
1600000US1706613,1706613,"Bloomington city, Illinois",78743,47,62291,2445,7196,1765,31,53,5734,1081,0,182,2078,1255,1413,563,283,391,1130,517
1600000US1707133,1707133,"Bolingbrook village, Illinois",73414,2950,31390,3903,17310,3627,0,182,6442,1895,0,182,14718,4570,3554,1647,561,731,2993,1495
1600000US1712385,1712385,"Champaign city, Illinois",84520,33,58095,2780,14631,2278,96,152,9262,1775,0,182,264,307,2172,1034,0,182,2172,1034
1600000US1714000,1714000,"Chicago city, Illinois",2722407,79,1317969,18162,852756,9974,7567,1886,164633,9999,1012,520,313392,16057,65078,6123,20746,3429,44332,4474
1600000US1714351,1714351,"Cicero town, Illinois",84359,29,38660,4637,4333,2152,302,388,392,336,38,63,39338,4866,1296,874,1255,870,41,67
1600000US1718823,1718823,"Decatur city, Illinois",73081,2306,52791,2177,14645,1666,360,457,1012,412,0,182,98,82,4175,1197,257,314,3918,1169
1600000US1723074,1723074,"Elgin city, Illinois",116548,4387,77318,6133,7982,2768,1315,1352,7382,2546,0,182,19415,5024,3136,1387,708,525,2428,1270
1600000US1724582,1724582,"Evanston city, Illinois",75657,29,53053,3023,13875,2408,97,158,4641,992,36,73,1517,1297,2438,935,234,272,2204,900
1600000US1738570,1738570,"Joliet city, Illinois",146578,5331,91846,5439,27243,4252,848,699,4390,1799,0,182,17197,3644,5054,1873,937,660,4117,1773
1600000US1751622,1751622,"Naperville city, Illinois",145396,1179,105858,4826,6869,2362,271,264,26893,3911,0,182,1333,724,4172,1434,430,376,3742,1435
1600000US1757225,1757225,"Palatine village, Illinois",69357,54,49525,3896,1850,1151,0,182,9186,3031,0,182,7430,3332,1366,950,617,686,749,661
1600000US1759000,1759000,"Peoria city, Illinois",117288,2499,72749,3442,29175,2461,505,267,6125,941,36,61,4048,1675,4650,1573,790,680,3860,1425
1600000US1765000,1765000,"Rockford city, Illinois",148996,2067,100083,3803,31647,2794,752,884,4837,940,0,182,6688,2112,4989,1362,891,588,4098,1225
1600000US1768003,1768003,"Schaumburg village, Illinois",75287,1745,51747,3732,3063,1393,85,108,14270,2727,50,85,4542,2702,1530,625,276,266,1254,605
1600000US1770122,1770122,"Skokie village, Illinois",65128,60,38619,3963,5624,2656,0,182,17626,3393,0,182,808,808,2451,1127,277,373,2174,1059
1600000US1772000,1772000,"Springfield city, Illinois",116649,92,84056,1701,24449,1044,285,214,2655,752,93,158,2442,1303,2669,907,286,336,2383,884
1600000US1779293,1779293,"Waukegan city, Illinois",88998,4099,61329,4409,14983,2998,242,245,6141,1683,196,316,2970,1149,3137,1851,1011,861,2126,1570
1600000US1805860,1805860,"Bloomington city, Indiana",83423,3230,67845,3086,4127,687,465,353,7956,917,0,187,552,426,2478,832,114,166,2364,781
1600000US1810342,1810342,"Carmel city, Indiana",87015,1477,75200,2379,892,597,0,187,9233,1718,0,187,709,675,981,568,136,229,845,548
1600000US1822000,1822000,"Evansville city, Indiana",121299,2530,98832,2807,15483,1167,125,172,1063,806,193,292,1892,1140,3711,1229,647,563,3064,992
1600000US1823278,1823278,"Fishers town, Indiana",84967,2729,71598,3903,5601,1790,0,187,4820,1668,0,187,0,187,2948,1385,336,287,2612,1340
1600000US1825000,1825000,"Fort Wayne city, Indiana",256023,4297,188136,4512,37046,3100,374,293,11591,1349,23,38,7200,1920,11653,2113,536,491,11117,2029
1600000US1827000,1827000,"Gary city, Indiana",71180,3270,9198,1934,58451,3232,35,73,70,102,0,187,1436,793,1990,908,132,133,1858,898
1600000US1831000,1831000,"Hammond city, Indiana",78383,27,39842,3029,15713,2594,254,379,357,298,0,187,17902,3224,4315,1809,1477,694,2838,1673
1600000US1836003,1836003,"Indianapolis city (balance), Indiana",851353,3661,538499,8160,234712,5138,1642,1200,22865,1509,1197,1066,29723,6604,22715,2760,1824,941,20891,2582
1600000US1840788,1840788,"Lafayette city, Indiana",67012,2808,55778,2945,6416,1240,0,187,1801,1021,0,187,740,572,2277,1012,33,57,2244,1007
1600000US1851876,1851876,"Muncie city, Indiana",70580,1724,58502,1780,8491,744,0,187,1521,320,16,34,603,600,1447,768,125,133,1322,755
1600000US1871000,1871000,"South Bend city, Indiana",103019,3975,66836,4051,26037,2353,402,359,1879,999,61,103,1990,819,5814,1726,649,563,5165,1685
1600000US1912000,1912000,"Cedar Rapids city, Iowa",129183,47,113288,1887,7185,1810,180,220,4856,651,0,155,617,596,3057,1053,123,124,2934,1039
1600000US1919000,1919000,"Davenport city, Iowa",102431,59,82549,1525,12011,1313,559,344,2901,1029,0,155,948,550,3463,1309,262,221,3201,1277
1600000US1921000,1921000,"Des Moines city, Iowa",209064,91,162648,2288,24954,1985,651,490,12270,1856,381,620,1420,627,6740,1657,336,310,6404,1606
1600000US1938595,1938595,"Iowa City city, Iowa",73424,35,61104,2057,3657,1440,376,256,5244,1278,0,155,440,263,2603,1164,154,180,2449,1191
1600000US1973335,1973335,"Sioux City city, Iowa",81392,2120,68647,2543,2873,652,2288,445,2845,219,0,155,2879,1254,1860,790,146,166,1714,769
1600000US1982425,1982425,"Waterloo city, Iowa",68365,23,51181,1359,10865,1044,168,136,1802,895,0,155,1924,971,2425,986,241,233,2184,914
1600000US2036000,2036000,"Kansas City city, Kansas",148323,2214,89758,2884,36749,1866,1133,403,5739,276,1048,1526,9223,2072,4673,1355,947,682,3726,1071
1600000US2038900,2038900,"Lawrence city, Kansas",91282,3167,74304,2980,4048,933,2630,607,5467,827,0,168,555,568,4278,1359,511,550,3767,1199
1600000US2052575,2052575,"Olathe city, Kansas",133059,41,115210,2961,5316,1557,240,184,6467,2161,0,168,1727,919,4099,1459,672,597,3427,1246
1600000US2053775,2053775,"Overland Park city, Kansas",184524,45,158289,2769,8210,2007,290,207,11133,1796,205,285,1091,747,5306,1440,293,251,5013,1433
1600000US2071000,2071000,"Topeka city, Kansas",127223,37,101516,1528,13814,1671,1156,465,1091,591,0,168,1351,808,8295,1756,1235,846,7060,1636
1600000US2079000,2079000,"Wichita city, Kansas",388413,40,291746,4233,45961,2832,4132,1393,18450,1724,0,168,12083,2986,16041,2301,1556,669,14485,2330
1600000US2146027,2146027,"Lexington-Fayette urban county, Kentucky",310797,*****,235076,2571,44857,1585,1816,1482,11115,819,364,459,8428,2384,9141,2065,856,843,8285,1783
1600000US2148006,2148006,"Louisville/Jefferson County metro government (balance), Kentucky",612775,59,433942,3159,141930,3912,1455,633,14568,1633,491,475,2376,1050,18013,3220,1461,750,16552,3248
1600000US2205000,2205000,"Baton Rouge city, Louisiana",228909,58,88292,5072,128973,5036,545,410,6305,2156,63,104,2114,1181,2617,997,64,109,2553,995
1600000US2208920,2208920,"Bossier City city, Louisiana",67453,64,44248,2063,17473,2278,211,277,1219,781,1357,1364,472,463,2473,961,209,226,2264,962
1600000US2239475,2239475,"Kenner city, Louisiana",67058,34,43967,3587,14145,3020,353,478,4168,2080,0,201,3206,1608,1219,811,212,260,1007,750
1600000US2240735,2240735,"Lafayette city, Louisiana",126068,32,85031,3810,36362,3780,149,203,2367,1026,0,201,0,201,2159,1255,75,130,2084,1228
1600000US2241155,2241155,"Lake Charles city, Louisiana",74875,52,34284,2948,36649,2862,116,133,1900,852,0,201,291,264,1635,889,176,265,1459,858
1600000US2250115,2250115,"Metairie CDP, Louisiana",144239,7122,119055,6601,14604,2213,266,338,6248,1679,0,201,2482,1233,1584,730,424,405,1160,515
1600000US2255000,2255000,"New Orleans city, Louisiana",384320,*****,133630,1480,227369,1646,442,339,11598,622,393,490,5219,1622,5669,1073,499,307,5170,1032
1600000US2270000,2270000,"Shreveport city, Louisiana",197979,989,75071,2715,115368,2440,724,337,2451,778,183,194,1658,1041,2524,1184,566,465,1958,947
1600000US2360545,2360545,"Portland city, Maine",66669,21,56753,1853,6095,1290,0,159,1191,658,0,159,1187,1099,1443,809,50,91,1393,798
1600000US2404000,2404000,"Baltimore city, Maryland",622793,*****,188819,2638,390044,2619,1565,671,16984,631,108,142,11584,2363,13689,2534,946,643,12743,2394
1600000US2407125,2407125,"Bethesda CDP, Maryland",62097,3362,49100,3458,2064,982,0,193,8576,2126,0,193,239,258,2118,867,377,373,1741,783
1600000US2419125,2419125,"Columbia CDP, Maryland",97728,5662,53899,3628,26729,3336,42,60,11230,2400,0,193,712,551,5116,1985,725,759,4391,1831
1600000US2426000,2426000,"Ellicott City CDP, Maryland",72295,4616,44942,3765,6319,2513,345,311,18914,2831,0,193,537,400,1238,539,61,97,1177,524
1600000US2430325,2430325,"Frederick city, Maryland",68404,31,44726,2622,14017,2616,268,225,4553,1301,171,304,1285,898,3384,1368,192,223,3192,1354
1600000US2431175,2431175,"Gaithersburg city, Maryland",66807,48,28701,4411,10523,2509,290,362,13015,2985,0,193,11557,4687,2721,1361,425,300,2296,1286
1600000US2432025,2432025,"Germantown CDP, Maryland",85021,6243,44751,5306,15018,3564,1077,1292,16485,3581,0,193,4241,2356,3449,1245,411,311,3038,1220
1600000US2432650,2432650,"Glen Burnie CDP, Maryland",69906,6839,43934,4915,16527,3908,259,411,4915,2076,0,193,1512,2091,2759,1145,49,82,2710,1145
1600000US2467675,2467675,"Rockville city, Maryland",65941,31,39811,3787,6334,2118,29,46,12574,2410,0,193,5331,3583,1862,731,214,245,1648,659
1600000US2472450,2472450,"Silver Spring CDP, Maryland",77726,6336,36489,4556,22689,3984,388,405,5231,1584,47,85,10191,3578,2691,971,747,674,1944,694
1600000US2481175,2481175,"Waldorf CDP, Maryland",72048,4492,24656,3150,38932,3740,113,174,2489,1104,100,125,1672,1395,4086,1713,566,768,3520,1468
1600000US2507000,2507000,"Boston city, Massachusetts",656051,2875,347662,6481,160952,5365,2337,1049,64034,1583,59,108,49490,5818,31517,4935,4991,2015,26526,4325
1600000US2509000,2509000,"Brockton city, Massachusetts",94780,27,46817,3380,37951,3521,78,125,1144,835,176,317,3244,1581,5370,2102,775,662,4595,2162
1600000US2511000,2511000,"Cambridge city, Massachusetts",109699,33,75441,3329,11756,2570,119,175,15569,1998,41,81,2075,650,4698,1089,941,533,3757,941
1600000US2523000,2523000,"Fall River city, Massachusetts",88705,33,70903,3294,4835,1672,390,466,2460,1231,0,198,6648,2556,3469,1477,462,546,3007,1352
1600000US2524960,2524960,"Framingham CDP, Massachusetts",70744,28,51521,3387,4042,1765,0,198,6464,2595,39,66,2972,1321,5706,2577,221,211,5485,2561
1600000US2534550,2534550,"Lawrence city, Massachusetts",78192,30,28376,3038,2488,1464,409,347,3282,2018,0,198,41822,3637,1815,906,766,649,1049,677
1600000US2537000,2537000,"Lowell city, Massachusetts",109931,62,66372,5136,7234,2315,400,473,20392,3989,90,178,12039,3360,3404,1253,981,843,2423,941
1600000US2537490,2537490,"Lynn city, Massachusetts",92137,32,42525,4186,10920,2330,692,606,8613,2235,0,198,24171,4279,5216,1970,362,315,4854,2063
1600000US2545000,2545000,"New Bedford city, Massachusetts",94855,42,64226,3945,7997,1850,675,581,1553,1263,0,198,17458,3508,2946,1046,1684,826,1262,582
1600000US2545560,2545560,"Newton city, Massachusetts",88298,44,67118,2908,4292,1502,49,84,12648,2301,0,198,1266,1144,2925,942,157,142,2768,959
1600000US2555745,2555745,"Quincy city, Massachusetts",93391,32,61080,3370,6627,2374,71,116,23087,2704,52,88,440,420,2034,828,461,511,1573,817
1600000US2562535,2562535,"Somerville city, Massachusetts",78903,27,59704,3869,6773,2945,128,160,7053,2268,47,77,1558,896,3640,1234,237,244,3403,1207
1600000US2567000,2567000,"Springfield city, Massachusetts",153994,30,89178,4807,31162,2973,979,564,3018,1282,207,305,21846,4443,7604,2470,1452,1508,6152,1820
1600000US2582000,2582000,"Worcester city, Massachusetts",183033,62,127637,4511,23382,3104,701,348,12608,2833,64,107,7292,2415,11349,2751,1380,1324,9969,2595
1600000US2603000,2603000,"Ann Arbor city, Michigan",117759,44,84224,3022,8320,2040,321,185,20215,2173,69,113,708,507,3902,1359,70,86,3832,1360
1600000US2621000,2621000,"Dearborn city, Michigan",95546,48,84605,2509,4626,2015,293,377,1766,788,77,91,1097,975,3082,1097,482,396,2600,1007
1600000US2622000,2622000,"Detroit city, Michigan",680281,71,98650,5901,539810,6845,3157,1045,8478,2513,0,165,16176,3678,14010,2848,1603,630,12407,2676
1600000US2627440,2627440,"Farmington Hills city, Michigan",81440,28,54472,3311,14175,2811,150,237,10427,2052,0,165,435,408,1781,837,23,42,1758,832
1600000US2629000,2629000,"Flint city, Michigan",98990,51,41403,3404,51099,3438,949,914,89,117,103,158,681,485,4666,1864,74,117,4592,1863
1600000US2634000,2634000,"Grand Rapids city, Michigan",193793,33,129315,4404,41785,3643,1235,950,3309,1109,182,285,10873,3352,7094,1728,2073,1042,5021,1410
1600000US2642160,2642160,"Kalamazoo city, Michigan",75909,46,50761,2395,17349,2345,369,218,1487,594,256,400,882,472,4805,1574,21,40,4784,1572
1600000US2646000,2646000,"Lansing city, Michigan",113659,1083,71402,2699,26253,2864,358,323,3446,1318,0,165,3358,1196,8842,2304,680,404,8162,2182
1600000US2649000,2649000,"Livonia city, Michigan",94959,26,87142,2001,3663,1394,115,153,3032,1349,0,165,161,130,846,513,0,165,846,513
1600000US2669035,2669035,"Rochester Hills city, Michigan",73120,29,56741,2917,4257,2040,120,121,9189,2459,0,165,794,732,2019,1032,259,420,1760,996
1600000US2674900,2674900,"Southfield city, Michigan",73001,27,17612,2428,51281,2720,157,198,1398,855,0,165,106,147,2447,1006,196,182,2251,998
1600000US2676460,2676460,"Sterling Heights city, Michigan",131729,47,110735,3540,8829,2330,0,165,7911,1917,0,165,750,773,3504,1176,164,179,3340,1190
1600000US2680700,2680700,"Troy city, Michigan",83120,55,56799,2904,4574,1850,128,157,19053,2557,151,242,610,750,1805,866,320,196,1485,847
1600000US2684000,2684000,"Warren city, Michigan",135099,27,98314,4643,24664,4068,390,303,8262,2229,0,165,722,636,2747,1242,5,11,2742,1242
1600000US2686000,2686000,"Westland city, Michigan",82318,34,56769,3214,19550,3028,741,378,3093,1604,84,137,1156,830,925,418,0,165,925,418
1600000US2688940,2688940,"Wyoming city, Michigan",74820,29,57562,3837,3987,1421,1381,1112,1854,1220,0,165,5887,3800,4149,1535,271,201,3878,1489
1600000US2706616,2706616,"Bloomington city, Minnesota",86319,30,67923,3296,6534,2928,134,209,6444,2110,78,128,1200,807,4006,1566,857,870,3149,1309
1600000US2707966,2707966,"Brooklyn Park city, Minnesota",78741,51,43609,4736,20194,4272,0,141,10561,2567,0,141,1531,1232,2846,1367,0,141,2846,1367
1600000US2717000,2717000,"Duluth city, Minnesota",86242,28,77008,1192,2539,851,1633,641,1601,411,0,141,527,362,2934,947,164,172,2770,901
1600000US2717288,2717288,"Eagan city, Minnesota",66087,31,51982,2542,4306,1901,198,158,6979,1618,0,141,1101,1015,1521,499,155,158,1366,514
1600000US2743000,2743000,"Minneapolis city, Minnesota",407181,95,265873,6631,79484,5872,5483,1558,22768,3142,138,136,16896,4053,16539,2570,708,369,15831,2560
1600000US2751730,2751730,"Plymouth city, Minnesota",75065,39,57747,3842,4959,2549,495,532,7600,1945,0,141,875,839,3389,2667,99,162,3290,2675
1600000US2754880,2754880,"Rochester city, Minnesota",111398,36,91434,1081,8325,744,203,150,9073,765,0,141,777,548,1586,544,0,141,1586,544
1600000US2756896,2756896,"St. Cloud city, Minnesota",64221,1773,53791,2045,6438,1101,617,261,1500,722,0,141,364,332,1511,722,101,101,1410,703
1600000US2758000,2758000,"St. Paul city, Minnesota",297644,44,168906,4650,47793,3604,3274,976,53863,3024,0,141,9138,2601,14670,2769,1428,712,13242,2634
1600000US2771428,2771428,"Woodbury city, Minnesota",66799,34,56628,2470,2362,1873,0,141,5082,1657,97,156,216,223,2414,1161,78,103,2336,1168
1600000US2829700,2829700,"Gulfport city, Mississippi",71747,31,43523,2221,25345,2236,52,96,465,307,10,22,626,465,1726,859,49,81,1677,845
1600000US2836000,2836000,"Jackson city, Mississippi",171146,307,35402,3013,132824,3303,142,105,1398,697,0,206,97,166,1283,771,96,131,1187,754
1600000US2915670,2915670,"Columbia city, Missouri",116892,53,91000,2472,13105,2345,57,109,6179,1125,4,10,968,758,5579,1674,282,354,5297,1619
1600000US2935000,2935000,"Independence city, Missouri",117503,42,97936,3898,6539,2048,923,624,1949,1163,482,332,5881,2877,3793,1604,936,1206,2857,1252
1600000US2938000,2938000,"Kansas City city, Missouri",470816,200,275205,5784,139981,5898,1886,998,11402,1910,486,474,24389,3831,17467,2882,3105,1309,14362,2557
1600000US2941348,2941348,"Lee's Summit city, Missouri",94627,927,79132,2949,6740,2280,327,272,2229,1211,233,223,3561,1540,2405,1350,140,182,2265,1357
1600000US2954074,2954074,"O'Fallon city, Missouri",83999,43,75050,2022,4185,1566,123,166,3168,1337,0,181,179,263,1294,698,0,181,1294,698
1600000US2964082,2964082,"St. Charles city, Missouri",68087,30,59340,1872,5406,1668,98,154,1404,846,32,49,522,447,1285,580,0,181,1285,580
1600000US2964550,2964550,"St. Joseph city, Missouri",76529,1762,66825,1991,5806,963,206,96,682,438,42,102,794,810,2174,824,182,244,1992,764
1600000US2965000,2965000,"St. Louis city, Missouri",317419,*****,145959,1634,148875,1682,663,396,9411,1289,194,262,5077,2156,7240,1758,565,583,6675,1774
1600000US2970000,2970000,"Springfield city, Missouri",165399,80,149326,1573,8030,1174,424,244,2582,690,59,102,270,212,4708,1154,74,136,4634,1131
1600000US3006550,3006550,"Billings city, Montana",108870,26,99538,1275,848,393,5368,1352,208,192,88,122,585,324,2235,804,331,421,1904,650
1600000US3050200,3050200,"Missoula city, Montana",69824,25,64035,1280,311,371,2850,1558,921,662,45,80,5,12,1657,1105,17,34,1640,1103
1600000US3128000,3128000,"Lincoln city, Nebraska",273002,28,235709,1785,12411,1354,703,485,12825,543,47,81,3746,1548,7561,1599,764,562,6797,1553
1600000US3137000,3137000,"Omaha city, Nebraska",446618,74,348582,4270,55457,3373,4185,1863,14377,1433,548,549,9248,2511,14221,2341,1679,808,12542,2248
1600000US3223770,3223770,"Enterprise CDP, Nevada",126438,10019,69143,6439,10622,4169,983,770,30508,4401,574,746,6742,3210,7866,2364,1788,1546,6078,1721
1600000US3231900,3231900,"Henderson city, Nevada",277458,75,207343,6562,14746,2968,756,499,21263,3746,405,389,19392,4513,13553,2225,2845,1316,10708,1870
1600000US3240000,3240000,"Las Vegas city, Nevada",613590,75,385047,8098,76956,7097,4058,1085,38539,4123,3992,1772,77857,7310,27141,3331,4302,1517,22839,3172
1600000US3251800,3251800,"North Las Vegas city, Nevada",230793,33,138073,6175,42971,5071,418,332,15439,3202,1036,809,22087,4271,10769,2689,799,339,9970,2649
1600000US3254600,3254600,"Paradise CDP, Nevada",237477,10990,149829,8061,21373,4076,2642,1219,23228,3982,3325,2085,27061,5411,10019,1952,1172,576,8847,1906
1600000US3260600,3260600,"Reno city, Nevada",236995,44,186747,4779,6355,1450,2424,598,15877,2484,1553,747,14427,3386,9612,1747,1369,647,8243,1751
1600000US3268400,3268400,"Sparks city, Nevada",94704,38,76841,3260,2638,1228,1458,765,4405,1722,281,299,4122,2319,4959,1730,435,367,4524,1708
1600000US3268585,3268585,"Spring Valley CDP, Nevada",192113,12886,103961,8153,18290,3980,171,214,37925,5321,1261,694,18777,5851,11728,3671,2091,1494,9637,2879
1600000US3271400,3271400,"Sunrise Manor CDP, Nevada",189229,11409,101425,8111,27442,4880,766,515,11540,3030,1439,917,39388,5211,7229,1835,1414,743,5815,1584
1600000US3345140,3345140,"Manchester city, New Hampshire",110451,25,94388,2463,5330,1597,326,279,6190,1851,0,182,1302,648,2915,1394,228,223,2687,1367
1600000US3350260,3350260,"Nashua city, New Hampshire",87258,23,73785,2364,3585,1267,197,223,4162,1665,117,148,900,494,4512,1427,1100,717,3412,1343
1600000US3403580,3403580,"Bayonne city, New Jersey",65984,44,48904,3339,8906,2631,0,195,5858,1881,0,195,1518,889,798,446,80,136,718,427
1600000US3410000,3410000,"Camden city, New Jersey",77317,59,10052,2738,37563,4080,280,407,2457,1738,0,195,25481,4026,1484,679,681,470,803,485
1600000US3413690,3413690,"Clifton city, New Jersey",85920,37,57322,4067,5161,2476,465,611,10486,2083,0,195,11160,3066,1326,655,707,596,619,374
1600000US3419390,3419390,"East Orange city, New Jersey",65095,54,2457,883,57026,2153,35,67,243,257,0,195,4555,1821,779,470,357,275,422,352
1600000US3421000,3421000,"Elizabeth city, New Jersey",128695,48,63722,4583,24932,3229,0,195,3532,1844,0,195,32433,4773,4076,1216,1240,766,2836,1027
1600000US3436000,3436000,"Jersey City city, New Jersey",262146,43,93409,5647,68555,3928,477,421,66351,3474,245,321,27271,4361,5838,1760,614,482,5224,1695
1600000US3451000,3451000,"Newark city, New Jersey",280577,44,61266,5761,139409,4683,1831,669,7005,2361,107,132,64668,5247,6291,2216,3227,1813,3064,1051
1600000US3456550,3456550,"Passaic city, New Jersey",71517,35,25325,3905,6514,2164,2031,1741,2177,1407,51,88,32426,4613,2993,1559,1464,1071,1529,1068
1600000US3457000,3457000,"Paterson city, New Jersey",146746,38,37885,5144,45539,3039,89,124,1805,1181,0,195,52653,5538,8775,2773,2296,1249,6479,2485
1600000US3473110,3473110,"Toms River CDP, New Jersey",89490,596,78475,2958,2720,1494,0,195,4720,2114,0,195,1405,755,2170,1345,150,250,2020,1301
1600000US3474000,3474000,"Trenton city, New Jersey",84047,47,32116,3269,43825,3366,119,207,393,241,0,195,5915,2516,1679,847,477,483,1202,660
1600000US3474630,3474630,"Union City city, New Jersey",68673,29,53014,2787,2553,1420,42,72,3317,1414,0,195,8587,2152,1160,577,416,288,744,489
1600000US3502000,3502000,"Albuquerque city, New Mexico",557172,38,398390,9670,16453,1638,24818,1676,14980,1688,182,170,74171,8927,28178,4540,15444,4115,12734,2122
1600000US3539380,3539380,"Las Cruces city, New Mexico",101405,25,88627,2132,2391,1334,2085,757,2258,608,0,190,2975,1454,3069,1417,687,465,2382,1224
1600000US3563460,3563460,"Rio Rancho city, New Mexico",93011,35,71527,2827,2748,713,1577,803,1854,402,0,190,10611,2731,4694,1629,1479,1104,3215,1399
1600000US3570500,3570500,"Santa Fe city, New Mexico",70291,39,58763,2666,540,405,2022,597,1120,543,31,46,6000,2327,1815,782,608,378,1207,591
1600000US3601000,3601000,"Albany city, New York",98566,26,53323,2903,28610,2323,119,154,7111,2152,38,67,3749,1878,5616,1817,1124,1130,4492,1789
1600000US3608026,3608026,"Brentwood CDP, New York",68580,6910,40751,5142,9816,3078,347,410,1902,1525,0,189,13068,4872,2696,2091,1016,1137,1680,1707
1600000US3611000,3611000,"Buffalo city, New York",258699,39,122457,4407,96258,3859,1387,647,14543,2361,85,141,15986,2643,7983,1779,2267,734,5716,1632
1600000US3615000,3615000,"Cheektowaga CDP, New York",73556,1876,60113,2457,7009,1797,232,190,3126,1407,242,253,1225,838,1609,672,6,12,1603,675
1600000US3649121,3649121,"Mount Vernon city, New York",68455,29,17362,2550,42867,2940,411,361,1192,628,0,189,4663,1903,1960,1157,1507,1131,453,274
1600000US3650617,3650617,"New Rochelle city, New York",79630,37,49484,3479,17528,3018,175,207,3535,994,0,189,6029,2485,2879,1433,1631,1245,1248,694
1600000US3651000,3651000,"New York city, New York",8491079,*****,3619690,25481,2079129,12456,33983,5370,1172114,7280,2946,1144,1317266,27529,265951,12881,76637,5848,189314,11719
1600000US3663000,3663000,"Rochester city, New York",209974,46,94282,4663,88062,4152,3122,1154,7767,1782,0,189,7121,2402,9620,1709,1794,948,7826,1482
1600000US3665508,3665508,"Schenectady city, New York",65930,30,39525,1825,13749,2273,33,58,4662,1151,0,189,3798,1811,4163,1489,768,667,3395,1397
1600000US3673000,3673000,"Syracuse city, New York",144263,28,78337,3157,42473,3262,893,485,11315,1279,0,189,3227,1134,8018,1994,1552,953,6466,1610
1600000US3684000,3684000,"Yonkers city, New York",200665,47,119897,5871,32408,4315,986,728,17238,2644,0,189,22723,4255,7413,2221,3222,1473,4191,1726
1600000US3702140,3702140,"Asheville city, North Carolina",87884,25,68074,2010,13150,1661,682,548,2877,752,0,198,653,704,2448,1133,715,729,1733,923
1600000US3710740,3710740,"Cary town, North Carolina",155724,708,110537,4017,12152,2701,284,391,26563,3050,13,35,1761,1419,4414,1666,0,198,4414,1666
1600000US3712000,3712000,"Charlotte city, North Carolina",809974,78,408296,6649,282495,5021,1781,746,49863,2045,58,73,44229,5471,23252,3490,1826,729,21426,3409
1600000US3714100,3714100,"Concord city, North Carolina",85571,44,57214,2734,18644,2095,509,510,3481,1036,0,198,4818,2212,905,495,175,225,730,439
1600000US3719000,3719000,"Durham city, North Carolina",251872,45,118247,4371,102246,2575,244,327,12004,1439,226,280,12262,3356,6643,1862,1383,1136,5260,1650
1600000US3722920,3722920,"Fayetteville city, North Carolina",203939,49,96004,3409,84540,3609,1476,576,6911,966,468,500,3828,1383,10712,2330,835,648,9877,2093
1600000US3725580,3725580,"Gastonia city, North Carolina",73696,28,46382,2869,20271,2218,77,132,1377,822,0,198,3711,1745,1878,998,66,105,1812,996
1600000US3728000,3728000,"Greensboro city, North Carolina",282558,98,133640,5226,118953,4782,1713,534,13264,2566,206,194,8984,2946,5798,1905,1200,949,4598,1683
1600000US3728080,3728080,"Greenville city, North Carolina",89850,25,47533,3383,33889,3330,518,470,2504,613,25,53,2608,1357,2773,962,259,311,2514,953
1600000US3731400,3731400,"High Point city, North Carolina",107957,1628,58616,4511,36115,4199,246,303,5925,2399,0,198,4566,2240,2489,947,303,348,2186,905
1600000US3734200,3734200,"Jacksonville city, North Carolina",69031,57,41263,4357,18486,4175,567,607,597,322,18,28,3605,2468,4495,1947,826,842,3669,1857
1600000US3755000,3755000,"Raleigh city, North Carolina",439884,657,269502,9683,119672,6521,2095,1035,15736,2744,464,192,20991,6286,11424,2761,1839,1227,9585,2467
1600000US3774440,3774440,"Wilmington city, North Carolina",113676,71,89124,3098,20236,2482,89,145,1339,737,0,198,1950,1466,938,413,192,207,746,383
1600000US3775000,3775000,"Winston-Salem city, North Carolina",239273,44,132782,3799,82167,2793,434,388,4363,1037,0,198,14394,3931,5133,1554,372,256,4761,1472
1600000US3825700,3825700,"Fargo city, North Dakota",116572,2487,100939,2729,5999,840,1506,625,4518,574,0,147,1155,1193,2455,1445,121,221,2334,1437
1600000US3901000,3901000,"Akron city, Ohio",197846,53,122140,4112,59236,3471,215,287,7399,2270,0,185,1484,1012,7372,1994,0,185,7372,1994
1600000US3915000,3915000,"Cincinnati city, Ohio",298162,38,148742,4906,129638,5659,448,341,4737,1009,86,142,4632,2291,9879,2337,810,1098,9069,1936
1600000US3916000,3916000,"Cleveland city, Ohio",389524,38,146208,6061,208004,5682,1432,819,7221,1820,24,39,11342,2229,15293,2631,3098,1516,12195,2278
1600000US3918000,3918000,"Columbus city, Ohio",836293,2656,513069,7109,231302,6514,1097,492,42795,3154,125,147,11784,2838,36121,4765,2474,1367,33647,4480
1600000US3921000,3921000,"Dayton city, Ohio",140995,42,73337,2881,60206,3012,1105,890,460,250,0,185,1464,1190,4423,1374,0,185,4423,1374
1600000US3944856,3944856,"Lorain city, Ohio",63774,31,48709,2237,9150,2108,504,473,547,460,0,185,2065,1235,2799,1068,597,546,2202,931
1600000US3961000,3961000,"Parma city, Ohio",80023,37,72681,2365,2172,1351,679,1070,1436,1031,0,185,920,659,2135,933,386,340,1749,846
1600000US3977000,3977000,"Toledo city, Ohio",281014,67,180887,3290,71542,3104,631,344,3897,1165,25,41,6182,1663,17850,3074,4845,1506,13005,2597
1600000US3988000,3988000,"Youngstown city, Ohio",65051,21,31947,1551,28618,1971,156,160,482,405,0,185,755,363,3093,1334,466,553,2627,1180
1600000US4009050,4009050,"Broken Arrow city, Oklahoma",106226,1783,83827,2808,4298,1382,4121,814,2998,900,0,153,490,393,10492,1823,193,170,10299,1806
1600000US4023200,4023200,"Edmond city, Oklahoma",88594,50,71199,2676,4183,1644,2012,761,1595,643,511,396,461,298,8633,2537,47,76,8586,2543
1600000US4041850,4041850,"Lawton city, Oklahoma",97017,23,57575,2112,20256,1426,5403,1488,1639,575,581,420,2601,1374,8962,1991,935,602,8027,1850
1600000US4052500,4052500,"Norman city, Oklahoma",118046,41,95207,3191,6469,1485,4037,1799,4620,1303,30,58,748,552,6935,2349,1411,2046,5524,1452
1600000US4055000,4055000,"Oklahoma City city, Oklahoma",620553,88,421536,6462,90870,4311,18077,2427,29854,2483,370,364,20580,3570,39266,4263,1902,949,37364,3964
1600000US4075000,4075000,"Tulsa city, Oklahoma",399274,892,255794,3885,59949,2160,16250,1723,11214,1474,813,680,23833,2360,31421,2472,901,427,30520,2481
1600000US4105350,4105350,"Beaverton city, Oregon",95113,40,70563,3384,1294,667,584,406,9998,2442,1225,1031,6490,2795,4959,1911,520,407,4439,1838
1600000US4105800,4105800,"Bend city, Oregon",84075,25,77754,1754,635,324,285,348,1995,885,0,197,435,435,2971,1547,0,197,2971,1547
1600000US4123850,4123850,"Eugene city, Oregon",160552,44,135434,2831,2451,835,1337,774,6454,1215,301,180,3842,1728,10733,2037,231,199,10502,1986
1600000US4131250,4131250,"Gresham city, Oregon",109877,64,84753,4526,4797,2483,1690,1121,6091,2476,330,429,6058,2876,6158,2005,661,581,5497,1906
1600000US4134100,4134100,"Hillsboro city, Oregon",99374,71,75109,3135,1043,626,1582,1192,9449,1880,548,454,5193,2277,6450,2120,578,637,5872,2214
1600000US4147000,4147000,"Medford city, Oregon",78560,28,71608,1432,539,559,62,91,1465,681,0,197,674,456,4212,1490,0,197,4212,1490
1600000US4159000,4159000,"Portland city, Oregon",619445,1277,476461,5833,34381,3144,4680,1298,42807,2662,4477,743,21350,4791,35289,3968,4162,1600,31127,3407
1600000US4164900,4164900,"Salem city, Oregon",161648,58,125796,5038,2330,794,2779,1573,4870,1229,1612,1183,10541,4254,13720,3576,2778,1798,10942,3258
1600000US4202000,4202000,"Allentown city, Pennsylvania",119105,26,63742,4510,17406,2345,559,243,2666,1572,0,168,29807,4633,4925,1584,1720,830,3205,1332
1600000US4206088,4206088,"Bethlehem city, Pennsylvania",78759,3231,61212,3339,5988,2178,385,317,1822,524,0,168,4725,1718,4627,1845,672,471,3955,1864
1600000US4224000,4224000,"Erie city, Pennsylvania",99466,51,72897,1885,16471,2052,406,252,3147,627,149,187,1368,782,5028,1699,664,476,4364,1626
1600000US4260000,4260000,"Philadelphia city, Pennsylvania",1560297,*****,664708,8493,660704,6477,7367,2603,109068,1840,897,520,74053,8899,43500,5793,5637,1690,37863,5473
1600000US4261000,4261000,"Pittsburgh city, Pennsylvania",305434,86,203801,5318,72766,4311,562,278,16972,2813,0,168,2564,1390,8769,1695,522,324,8247,1625
1600000US4263624,4263624,"Reading city, Pennsylvania",87809,31,41365,3766,10675,2080,2530,1229,311,237,0,168,7348,2451,25580,4289,986,579,24594,4310
1600000US4269000,4269000,"Scranton city, Pennsylvania",75278,25,64820,1260,5937,876,108,114,2885,694,15,29,786,573,727,501,0,168,727,501
1600000US4419180,4419180,"Cranston city, Rhode Island",81029,36,66488,3049,4751,2082,201,153,5752,2173,0,203,2054,1137,1783,885,59,75,1724,875
1600000US4454640,4454640,"Pawtucket city, Rhode Island",71490,44,46086,3204,12605,2522,216,235,1140,719,0,203,7335,2509,4108,1371,1628,903,2480,1185
1600000US4459000,4459000,"Providence city, Rhode Island",179142,49,89028,4673,30684,3591,2595,993,12505,2315,385,421,36905,4158,7040,1969,2176,1201,4864,1627
1600000US4474300,4474300,"Warwick city, Rhode Island",81964,19,75191,1655,1190,594,315,324,2705,684,0,203,1464,1157,1099,479,107,124,992,465
1600000US4513330,4513330,"Charleston city, South Carolina",130750,2072,97218,4554,28229,3494,80,75,2470,949,0,200,329,329,2424,831,0,200,2424,831
1600000US4516000,4516000,"Columbia city, South Carolina",131758,209,72731,3758,51665,3741,102,100,2787,1117,31,60,692,419,3750,1163,354,276,3396,1203
1600000US4550875,4550875,"North Charleston city, South Carolina",107972,2946,46163,4110,52714,3407,190,189,3246,1070,0,200,1975,1345,3684,1317,0,200,3684,1317
1600000US4561405,4561405,"Rock Hill city, South Carolina",69967,31,37827,3040,27268,2918,214,275,968,642,99,166,790,702,2801,1968,63,97,2738,1972
1600000US4652980,4652980,"Rapid City city, South Dakota",72642,24,57259,1475,1562,767,7532,1302,1082,511,0,151,999,837,4208,1340,86,116,4122,1332
1600000US4659020,4659020,"Sioux Falls city, South Dakota",168604,64,145443,1641,8452,1274,5162,476,3482,585,0,151,1926,1280,4139,1392,506,512,3633,1341
1600000US4714000,4714000,"Chattanooga city, Tennessee",173778,33,105655,3001,58595,2640,143,179,3549,940,218,374,1085,817,4533,1224,494,773,4039,1242
1600000US4715160,4715160,"Clarksville city, Tennessee",146814,36,97395,2166,35177,1974,656,346,2979,801,0,198,2901,1305,7706,2016,686,486,7020,2050
1600000US4737640,4737640,"Jackson city, Tennessee",67308,40,33075,1625,31558,1522,284,269,986,310,0,198,381,575,1024,653,0,198,1024,653
1600000US4738320,4738320,"Johnson City city, Tennessee",65820,961,57325,1051,4711,825,167,214,1273,603,0,198,73,130,2271,877,57,100,2214,878
1600000US4740000,4740000,"Knoxville city, Tennessee",184292,48,133142,2500,35999,1909,1679,998,3390,1062,0,198,3895,1500,6187,1482,471,461,5716,1426
1600000US4748000,4748000,"Memphis city, Tennessee",656876,69,189255,7188,420976,6647,1117,729,10640,1993,413,399,21742,3660,12733,3725,1061,1012,11672,3709
1600000US4751560,4751560,"Murfreesboro city, Tennessee",120960,37,89251,3663,21142,3139,59,103,4798,1444,0,198,2544,1676,3166,1131,157,270,3009,1082
1600000US4752006,4752006,"Nashville-Davidson metropolitan government (balance), Tennessee",644008,29,399586,5126,180752,2607,1541,792,21460,1256,380,138,25283,5036,15006,2732,2977,1504,12029,2134
1600000US4801000,4801000,"Abilene city, Texas",120176,3522,88346,3589,11754,1026,1330,459,2187,588,107,189,12127,2320,4325,1124,1567,640,2758,927
1600000US4801924,4801924,"Allen city, Texas",94170,38,68325,5200,5520,2750,789,571,16120,4498,0,211,946,602,2470,1127,188,232,2282,1149
1600000US4803000,4803000,"Amarillo city, Texas",200246,1710,167983,2638,11618,1654,784,294,7037,797,594,756,4755,1528,7475,1857,1659,745,5816,1595
1600000US4804000,4804000,"Arlington city, Texas",383202,52,253826,8226,77883,6867,1194,689,25028,4379,406,344,12867,4065,11998,2955,2359,1595,9639,2295
1600000US4804462,4804462,"Atascocita CDP, Texas",73017,8473,52319,6834,10997,3965,0,211,1261,886,713,1008,5294,3138,2433,1087,502,469,1931,908
1600000US4805000,4805000,"Austin city, Texas",912798,79,701658,8891,72160,4905,2931,1013,64974,3599,315,306,44680,6684,26080,3128,3973,1624,22107,2661
1600000US4806128,4806128,"Baytown city, Texas",75670,1543,53295,5012,13249,3667,350,309,1248,1234,0,211,6170,2569,1358,792,439,354,919,767
1600000US4807000,4807000,"Beaumont city, Texas",117576,44,52210,3363,58413,2646,0,211,2940,1165,0,211,2655,1287,1358,730,371,482,987,571
1600000US4810768,4810768,"Brownsville city, Texas",183016,112,175855,1719,911,609,177,188,1119,731,0,211,4101,1255,853,624,338,272,515,571
1600000US4810912,4810912,"Bryan city, Texas",80916,24,50743,3522,14813,1905,0,211,929,598,0,211,11310,3559,3121,1237,595,491,2526,1138
1600000US4813024,4813024,"Carrollton city, Texas",128342,53,89953,4371,10914,2901,570,464,19247,3428,313,350,4055,1617,3290,1132,997,601,2293,1021
1600000US4815976,4815976,"College Station city, Texas",103486,28,80553,2373,6340,1739,327,297,10763,877,0,211,2690,1481,2813,974,270,261,2543,997
1600000US4816432,4816432,"Conroe city, Texas",65873,27,57234,2080,4880,1789,0,211,1416,914,0,211,1351,873,992,817,506,706,486,478
1600000US4817000,4817000,"Corpus Christi city, Texas",320431,22,282633,2961,14552,768,1257,716,6784,535,131,209,9666,2343,5408,1819,2122,1147,3286,1208
1600000US4819000,4819000,"Dallas city, Texas",1281031,70,792715,14495,310838,9216,4510,1425,42209,5585,753,485,98712,10256,31294,4685,6324,1708,24970,3929
1600000US4819972,4819972,"Denton city, Texas",128200,35,101919,4156,13052,2802,827,593,3749,1340,0,211,3779,2123,4874,1820,473,386,4401,1749
1600000US4824000,4824000,"El Paso city, Texas",679024,50,568476,7113,28863,2486,3965,1085,8416,998,319,274,53914,6296,15071,3122,3814,1122,11257,2913
1600000US4826232,4826232,"Flower Mound town, Texas",69419,33,54706,2406,2843,1055,367,269,8542,2316,0,211,785,414,2176,881,290,307,1886,833
1600000US4827000,4827000,"Fort Worth city, Texas",812553,2543,525181,11440,162304,8662,3868,1547,29732,4463,556,488,64423,8599,26489,4480,4725,1691,21764,3893
1600000US4827684,4827684,"Frisco city, Texas",145038,45,102667,4764,10727,2487,732,575,22198,2882,195,268,3749,1808,4770,1361,702,458,4068,1236
1600000US4829000,4829000,"Garland city, Texas",235597,600,145171,7782,28683,4799,711,541,24547,4934,64,111,27310,6401,9111,3440,1327,856,7784,3268
1600000US4830464,4830464,"Grand Prairie city, Texas",185415,48,113461,7153,41940,5810,1255,1146,10522,3212,128,137,12571,4076,5538,1594,830,508,4708,1447
1600000US4832372,4832372,"Harlingen city, Texas",65914,30,60665,1867,751,557,353,493,675,645,0,211,1740,1034,1730,1012,744,643,986,778
1600000US4835000,4835000,"Houston city, Texas",2240796,2639,1291693,19902,524877,14747,10572,3695,154325,9462,1499,913,215200,14755,42630,6039,11124,3485,31506,4292
1600000US4837000,4837000,"Irving city, Texas",232413,46,138178,6284,29699,4354,829,413,39597,3728,137,234,16866,3868,7107,1616,1338,622,5769,1448
1600000US4839148,4839148,"Killeen city, Texas",138143,54,54492,4201,48333,4362,2156,1197,5225,1502,2243,461,15655,4815,10039,2225,1287,611,8752,2137
1600000US4841464,4841464,"Laredo city, Texas",253747,2782,239531,3829,1187,487,498,388,1558,322,0,211,9424,2470,1549,644,601,356,948,554
1600000US4841980,4841980,"League City city, Texas",94287,784,74579,4181,5156,1956,143,174,6127,1750,0,211,4967,3932,3315,1410,878,794,2437,1343
1600000US4842508,4842508,"Lewisville city, Texas",102283,207,72624,4366,13752,3130,404,341,6900,2088,0,211,3994,2563,4609,1716,556,479,4053,1633
1600000US4843888,4843888,"Longview city, Texas",84313,2113,59794,2817,20993,2528,349,308,804,613,0,211,715,497,1658,1073,450,696,1208,869
1600000US4845000,4845000,"Lubbock city, Texas",243843,29,189866,4407,19199,2103,1310,770,5685,795,28,50,19304,3746,8451,1918,2091,1134,6360,1655
1600000US4845384,4845384,"McAllen city, Texas",138584,49,127923,3123,743,960,113,186,2280,1121,199,322,5977,2384,1349,849,838,617,511,423
1600000US4845744,4845744,"McKinney city, Texas",156753,60,123936,4833,16145,3503,410,290,8200,2364,139,164,3244,2171,4679,1599,667,1001,4012,1188
1600000US4847892,4847892,"Mesquite city, Texas",144289,36,93276,6682,36215,6344,569,576,5295,1739,0,211,3727,1812,5207,2311,530,353,4677,2339
1600000US4848072,4848072,"Midland city, Texas",128037,15,104524,3253,9603,1440,632,394,2072,802,0,211,8004,3049,3202,1405,745,660,2457,1262
1600000US4848804,4848804,"Missouri City city, Texas",75128,4913,19740,4720,32932,5524,0,211,14534,4063,171,212,5051,3263,2700,1391,71,117,2629,1381
1600000US4850820,4850820,"New Braunfels city, Texas",65714,3004,57397,3357,1910,944,0,211,837,607,135,230,4098,2881,1337,804,512,455,825,659
1600000US4852356,4852356,"North Richland Hills city, Texas",68527,28,57446,2364,2790,1410,108,153,3766,1478,465,750,2038,1394,1914,865,206,235,1708,842
1600000US4853388,4853388,"Odessa city, Texas",116394,1645,91188,4885,6099,1543,785,432,2141,744,0,211,10828,3583,5353,2134,1258,1235,4095,1713
1600000US4856000,4856000,"Pasadena city, Texas",153914,88,125529,5527,3005,1424,2204,1843,1310,755,295,293,20030,5074,1541,758,452,346,1089,696
1600000US4856348,4856348,"Pearland city, Texas",104759,2078,69187,5026,15229,3616,102,161,13984,3795,0,211,2595,1173,3662,1570,714,553,2948,1335
1600000US4858016,4858016,"Plano city, Texas",277910,1451,184996,4399,26473,3882,856,399,48925,4700,114,148,7738,2335,8808,1781,1986,996,6822,1441
1600000US4861796,4861796,"Richardson city, Texas",108609,44,77567,4145,8570,2893,405,345,16287,2706,217,316,1679,1202,3884,1329,405,386,3479,1212
1600000US4863500,4863500,"Round Rock city, Texas",112196,702,88946,2882,9745,2282,333,204,6786,1761,39,66,2970,1124,3377,1521,891,758,2486,1166
1600000US4864472,4864472,"San Angelo city, Texas",97207,3756,79436,4629,4085,1183,264,290,1174,469,0,211,10092,3303,2156,1074,265,311,1891,996
1600000US4865000,4865000,"San Antonio city, Texas",1436723,184,1147399,13390,101274,6132,9436,2612,39025,2642,583,483,98466,10560,40540,4980,11135,2738,29405,4190
1600000US4870808,4870808,"Sugar Land city, Texas",86775,37,44300,4778,3648,1942,199,336,36098,4962,0,211,764,478,1766,1104,576,841,1190,637
1600000US4872176,4872176,"Temple city, Texas",70785,73,52306,2942,12362,2495,432,324,2219,1023,75,161,1169,793,2222,1009,670,411,1552,950
1600000US4872656,4872656,"The Woodlands CDP, Texas",102764,10072,88786,10191,5375,2970,127,188,6243,1900,235,388,709,603,1289,836,290,479,999,685
1600000US4874144,4874144,"Tyler city, Texas",101436,56,64210,2657,29261,2582,94,88,2512,738,941,1268,2410,1370,2008,976,298,329,1710,861
1600000US4875428,4875428,"Victoria city, Texas",66098,24,58130,1371,4148,940,192,183,1277,188,0,211,1221,819,1130,629,437,380,693,520
1600000US4876000,4876000,"Waco city, Texas",130191,37,90270,3058,27528,2406,1089,774,1560,831,0,211,6591,2406,3153,1215,466,317,2687,1235
1600000US4879000,4879000,"Wichita Falls city, Texas",105107,34,77633,2773,13350,1014,1388,1016,2630,549,0,211,6021,2461,4085,2144,521,364,3564,2045
1600000US4943660,4943660,"Layton city, Utah",72223,38,63326,2265,1255,723,78,139,1754,767,0,184,1759,904,4051,1877,848,757,3203,1728
1600000US4950150,4950150,"Millcreek CDP, Utah",65203,4906,57519,4872,1476,937,1498,1606,1881,787,100,181,1525,1193,1204,1058,91,108,1113,1048
1600000US4955980,4955980,"Ogden city, Utah",84325,40,69963,2913,800,481,680,389,1348,643,79,104,6869,2947,4586,1624,382,311,4204,1487
1600000US4957300,4957300,"Orem city, Utah",91781,32,80733,2103,1317,599,877,718,2404,1013,432,489,3223,1248,2795,956,80,94,2715,961
1600000US4962470,4962470,"Provo city, Utah",114807,31,102375,2768,820,547,358,308,2083,925,1461,784,4103,2299,3607,1167,78,94,3529,1150
1600000US4965330,4965330,"St. George city, Utah",78509,30,71467,1753,746,497,1545,653,451,298,1348,795,1379,1570,1573,779,93,155,1480,768
1600000US4967000,4967000,"Salt Lake City city, Utah",190873,43,137726,5378,3363,1424,3077,1339,10684,2422,4296,2071,25575,5159,6152,1421,762,516,5390,1328
1600000US4967440,4967440,"Sandy city, Utah",91135,56,83886,2043,731,459,254,336,1139,544,1436,1274,1614,1070,2075,955,346,321,1729,866
1600000US4982950,4982950,"West Jordan city, Utah",110917,42,93447,3950,1753,1227,590,383,2768,1466,1526,1066,7373,2783,3460,1749,1537,1254,1923,1043
1600000US4983470,4983470,"West Valley City city, Utah",134492,39,78508,5310,1361,837,1112,812,8061,2604,5805,2532,33581,5753,6064,2258,2296,1781,3768,1691
1600000US5101000,5101000,"Alexandria city, Virginia",150575,*****,96093,2270,31128,1409,61,99,10573,700,138,206,5310,2375,7272,2421,1547,1435,5725,1826
1600000US5103000,5103000,"Arlington CDP, Virginia",226908,*****,165090,3674,18950,1818,156,144,23472,1279,374,352,11740,3471,7126,2243,1858,1791,5268,1330
1600000US5114440,5114440,"Centreville CDP, Virginia",77618,5655,42500,4680,5878,2298,207,282,23727,3739,0,195,700,585,4606,1461,705,699,3901,1353
1600000US5116000,5116000,"Chesapeake city, Virginia",233371,*****,145126,1662,69163,2571,219,342,8037,774,859,1359,4150,2142,5817,1374,540,447,5277,1242
1600000US5121088,5121088,"Dale City CDP, Virginia",73809,6438,36438,4833,19252,3863,366,375,7034,2051,716,173,5006,4189,4997,1805,720,494,4277,1700
1600000US5135000,5135000,"Hampton city, Virginia",136879,*****,58451,1231,68295,1173,954,258,3595,348,0,195,2283,1280,3301,1096,76,137,3225,1089
1600000US5147672,5147672,"Lynchburg city, Virginia",79047,*****,51500,688,22915,709,17,31,2290,347,52,98,611,621,1662,805,203,222,1459,777
1600000US5156000,5156000,"Newport News city, Virginia",182965,*****,92495,1924,73305,1440,385,233,5250,695,362,195,3235,1487,7933,1529,366,246,7567,1508
1600000US5157000,5157000,"Norfolk city, Virginia",245428,*****,114315,1630,104703,2255,1134,364,8984,690,0,195,7056,1728,9236,1897,1171,741,8065,1795
1600000US5164000,5164000,"Portsmouth city, Virginia",96004,*****,39566,914,49982,1170,681,194,1214,347,288,447,1304,878,2969,1201,438,340,2531,1134
1600000US5167000,5167000,"Richmond city, Virginia",217853,*****,97755,1236,105349,1328,812,468,5125,496,0,195,2112,796,6700,1527,465,512,6235,1471
1600000US5168000,5168000,"Roanoke city, Virginia",99428,*****,62351,1022,28553,777,27,44,2462,249,0,195,3721,1092,2314,891,436,319,1878,845
1600000US5176432,5176432,"Suffolk city, Virginia",86806,*****,44473,453,35933,1191,22,40,1347,398,0,195,1036,565,3995,1269,279,269,3716,1253
1600000US5182000,5182000,"Virginia Beach city, Virginia",450980,*****,303113,2651,87511,2268,914,532,29617,2170,123,122,8751,2497,20951,3011,1198,562,19753,2830
1600000US5303180,5303180,"Auburn city, Washington",78769,2663,53751,4698,3799,1864,1529,965,8370,2367,1544,1188,4068,3056,5708,1653,181,176,5527,1600
1600000US5305210,5305210,"Bellevue city, Washington",136426,39,81323,5088,2968,1651,474,463,45508,5042,60,77,765,534,5328,2014,513,580,4815,1832
1600000US5305280,5305280,"Bellingham city, Washington",83363,23,67939,2147,908,597,1425,750,5781,1391,0,193,2217,1202,5093,1278,438,389,4655,1152
1600000US5322640,5322640,"Everett city, Washington",106741,44,84546,3543,4368,1975,1810,1012,7882,2805,674,860,1657,1217,5804,1815,362,251,5442,1774
1600000US5323515,5323515,"Federal Way city, Washington",93428,29,54704,5155,10211,3178,341,330,13248,3171,3897,3195,4705,2907,6322,3171,239,255,6083,3154
1600000US5335275,5335275,"Kennewick city, Washington",77424,25,60281,3230,2796,1128,592,417,569,504,124,138,9995,2979,3067,1011,192,220,2875,969
1600000US5335415,5335415,"Kent city, Washington",125547,68,66037,5393,15507,4265,2682,1829,26072,5263,1450,980,5934,3006,7865,2193,634,436,7231,2138
1600000US5335940,5335940,"Kirkland city, Washington",85778,61,65009,3228,873,676,157,196,12607,2777,62,106,1698,1540,5372,1614,96,158,5276,1604
1600000US5343955,5343955,"Marysville city, Washington",65088,28,52105,3411,801,579,542,350,6039,2827,584,686,2104,1767,2913,1483,262,431,2651,1257
1600000US5353545,5353545,"Pasco city, Washington",69807,3514,50393,4115,1497,767,417,615,2063,479,0,193,13905,4033,1532,994,546,535,986,817
1600000US5357745,5357745,"Renton city, Washington",98382,77,43702,3640,9168,2353,358,389,24165,3408,1701,1370,9546,3991,9742,1943,2141,1061,7601,1920
1600000US5363000,5363000,"Seattle city, Washington",668337,50,464857,8588,46638,5373,5155,1361,93532,6081,4408,1882,12399,3264,41348,4704,2522,1793,38826,4286
1600000US5367000,5367000,"Spokane city, Washington",212067,56,183191,2720,4682,1336,3902,1154,5701,1886,1364,930,1634,887,11593,2045,822,558,10771,1978
1600000US5367167,5367167,"Spokane Valley city, Washington",91733,33,83989,2095,801,389,1603,1133,1312,792,409,443,1143,713,2476,1238,172,173,2304,1229
1600000US5370000,5370000,"Tacoma city, Washington",205153,48,130905,6123,20946,3436,2986,1314,17208,2525,4496,2111,11108,3575,17504,2893,843,430,16661,2880
1600000US5374060,5374060,"Vancouver city, Washington",169303,52,130751,3866,4031,1314,985,479,8427,1706,3370,420,8814,3614,12925,2530,742,502,12183,2517
1600000US5380010,5380010,"Yakima city, Washington",93355,32,72031,3766,843,355,2547,1225,1136,367,0,193,12515,3560,4283,1000,1024,638,3259,835
1600000US5502375,5502375,"Appleton city, Wisconsin",72654,1595,61004,2075,1942,1149,191,177,5106,1148,0,145,2139,1229,2272,960,0,145,2272,960
1600000US5522300,5522300,"Eau Claire city, Wisconsin",68207,935,61844,1071,922,533,494,356,3852,921,211,347,0,145,884,525,76,120,808,508
1600000US5531000,5531000,"Green Bay city, Wisconsin",104893,26,82850,3249,3720,1238,3974,1119,3222,1513,0,145,7244,2402,3883,1415,367,384,3516,1416
1600000US5539225,5539225,"Kenosha city, Wisconsin",99898,28,81775,1646,12493,1099,277,188,1148,638,0,145,958,551,3247,1441,902,640,2345,1104
1600000US5548000,5548000,"Madison city, Wisconsin",245674,75,190300,4428,16596,2578,775,443,21925,2140,0,145,6976,3375,9102,2235,977,661,8125,2163
1600000US5553000,5553000,"Milwaukee city, Wisconsin",599653,49,284178,5536,233522,4072,3558,926,21848,2783,203,222,38039,4029,18305,2690,3211,1363,15094,2244
1600000US5560500,5560500,"Oshkosh city, Wisconsin",66631,39,61095,1237,2425,432,272,267,1488,736,98,161,35,60,1218,784,0,145,1218,784
1600000US5566000,5566000,"Racine city, Wisconsin",78054,45,50751,2357,18039,1761,513,479,405,327,0,145,5232,1830,3114,1304,615,467,2499,1119
1600000US5584250,5584250,"Waukesha city, Wisconsin",71482,34,61567,2069,3260,1203,255,247,2891,924,0,145,1983,1277,1526,821,0,145,1526,821
