GEO.id,GEO.id2,GEO.display-label,HD01_VD01,HD02_VD01,HD01_VD02,HD02_VD02,HD01_VD03,HD02_VD03,HD01_VD04,HD02_VD04,HD01_VD05,HD02_VD05,HD01_VD06,HD02_VD06,HD01_VD07,HD02_VD07,HD01_VD08,HD02_VD08,HD01_VD09,HD02_VD09,HD01_VD10,HD02_VD10
Id,Id2,Geography,Estimate; Total:,Margin of Error; Total:,Estimate; White alone,Margin of Error; White alone,Estimate; Black or African American alone,Margin of Error; Black or African American alone,Estimate; American Indian and Alaska Native alone,Margin of Error; American Indian and Alaska Native alone,Estimate; Asian alone,Margin of Error; Asian alone,Estimate; Native Hawaiian and Other Pacific Islander alone,Margin of Error; Native Hawaiian and Other Pacific Islander alone,Estimate; Some other race alone,Margin of Error; Some other race alone,Estimate; Two or more races:,Margin of Error; Two or more races:,Estimate; Two or more races: - Two races including Some other race,Margin of Error; Two or more races: - Two races including Some other race,"Estimate; Two or more races: - Two races excluding Some other race, and three or more races","Margin of Error; Two or more races: - Two races excluding Some other race, and three or more races"
1600000US0107000,0107000,"Birmingham city, Alabama",210422,9024,50203,4937,151323,7521,104,170,3133,2086,0,271,3513,2382,2146,1299,11,22,2135,1299
1600000US0121184,0121184,"Dothan city, Alabama",65403,2580,43502,2447,19801,1374,155,139,377,197,0,271,361,230,1207,558,163,227,1044,526
1600000US0137000,0137000,"Huntsville city, Alabama",165464,6806,105381,5421,51091,3976,414,269,3703,1282,55,93,963,783,3857,1372,272,222,3585,1358
1600000US0150000,0150000,"Mobile city, Alabama",186759,6812,88262,5245,92961,5333,194,195,2670,1220,0,271,984,645,1688,842,0,271,1688,842
1600000US0151000,0151000,"Montgomery city, Alabama",195793,4519,80087,2885,109118,3260,817,682,2236,767,0,271,1091,810,2444,1249,222,222,2222,1221
1600000US0203000,0203000,"Anchorage municipality, Alaska",279243,*****,195949,2369,16869,2425,14487,1862,17559,1267,3149,429,4067,1381,27163,3458,2245,1440,24918,3037
1600000US0404720,0404720,"Avondale city, Arizona",60946,7982,46270,7292,6806,3938,147,179,2411,1382,0,302,4273,3068,1039,1011,0,302,1039,1011
1600000US0412000,0412000,"Chandler city, Arizona",239019,14242,198574,13494,8287,2451,2287,1242,15901,4709,0,302,5281,1865,8689,2339,1928,822,6761,2108
1600000US0427400,0427400,"Gilbert town, Arizona",179857,12481,149228,11219,5183,2022,796,580,7006,2234,131,217,8192,3307,9321,2885,1155,624,8166,2802
1600000US0427820,0427820,"Glendale city, Arizona",238251,16156,192080,13929,10639,3185,1844,1159,8541,2986,154,245,19248,4555,5745,1584,2356,1103,3389,1174
1600000US0446000,0446000,"Mesa city, Arizona",487194,16920,410307,16204,12551,3265,13071,3673,9636,2849,1220,802,25813,7989,14596,3570,3364,1752,11232,3236
1600000US0454050,0454050,"Peoria city, Arizona",168341,10363,140182,9624,6528,3038,2495,1329,5496,2346,391,470,10520,3569,2729,1316,1112,637,1617,1052
1600000US0455000,0455000,"Phoenix city, Arizona",1525257,26929,1224625,27017,85558,7375,26959,4317,36840,4811,3307,1487,114965,12520,33003,4634,9262,2108,23741,4029
1600000US0465000,0465000,"Scottsdale city, Arizona",222086,10907,201903,10500,2721,1369,3989,2421,8772,2530,15,29,3034,1675,1652,736,95,155,1557,741
1600000US0471510,0471510,"Surprise city, Arizona",118348,9688,92934,8365,4448,2035,2077,1648,2705,1305,392,410,11333,4360,4459,1578,2245,1156,2214,942
1600000US0473000,0473000,"Tempe city, Arizona",165593,12430,136943,11602,7181,3249,5276,2713,7460,2177,647,585,4397,1916,3689,1346,779,505,2910,1293
1600000US0477000,0477000,"Tucson city, Arizona",540104,12430,419937,12373,24006,3548,13705,2886,14659,2227,601,562,49418,7345,17778,3311,4090,1361,13688,2972
1600000US0485540,0485540,"Yuma city, Arizona",106822,5386,74169,5245,2471,1023,1340,935,1752,526,169,286,24852,5454,2069,957,324,325,1745,896
1600000US0523290,0523290,"Fayetteville city, Arkansas",68085,4385,57200,4218,5582,879,213,254,2763,827,261,392,975,1096,1091,624,64,113,1027,622
1600000US0524550,0524550,"Fort Smith city, Arkansas",84292,4025,67444,3902,7515,872,456,303,3823,759,32,54,994,612,4028,1546,373,426,3655,1519
1600000US0541000,0541000,"Little Rock city, Arkansas",186584,7823,93827,5071,77125,6038,489,452,5185,1285,97,155,5454,1864,4407,1466,342,444,4065,1401
1600000US0566080,0566080,"Springdale city, Arkansas",67709,3895,56006,4494,638,611,294,285,1043,807,1247,105,6872,3509,1609,971,84,106,1525,945
1600000US0600562,0600562,"Alameda city, California",73750,5463,40862,4504,4895,2328,39,66,20347,3561,791,1186,1445,835,5371,1392,714,500,4657,1333
1600000US0600884,0600884,"Alhambra city, California",84235,7941,31818,5860,1756,1262,722,719,40884,4686,0,294,7134,2639,1921,1267,530,292,1391,1216
1600000US0602000,0602000,"Anaheim city, California",330795,14269,206809,14453,9954,3066,1301,975,45231,5532,982,853,58821,10314,7697,2029,2166,1094,5531,1679
1600000US0602252,0602252,"Antioch city, California",100381,8348,53655,6845,18924,5335,1122,622,9284,2886,585,555,11888,3625,4923,2223,1516,915,3407,2139
1600000US0602364,0602364,"Apple Valley town, California",68305,6945,54189,6357,8755,3184,679,682,912,715,0,294,2343,1267,1427,1249,118,143,1309,1213
1600000US0602553,0602553,"Arden-Arcade CDP, California",90773,7079,66325,5127,7789,2662,512,466,4910,1513,593,584,4010,2015,6634,2328,835,859,5799,2166
1600000US0603526,0603526,"Bakersfield city, California",321978,13682,200216,12169,28062,3285,2998,1259,16199,2017,605,550,58482,9353,15416,3340,5668,2348,9748,2143
1600000US0603666,0603666,"Baldwin Park city, California",72687,8151,29739,6422,459,357,583,813,7831,2025,124,204,32134,6425,1817,1163,1628,1130,189,245
1600000US0604982,0604982,"Bellflower city, California",83824,9330,26382,4115,8186,2572,817,673,11566,3477,0,294,34077,7988,2796,1516,1684,1173,1112,874
1600000US0606000,0606000,"Berkeley city, California",109612,6793,71467,4344,9040,2998,453,425,20805,3704,82,134,2730,1310,5035,1514,265,263,4770,1480
1600000US0608786,0608786,"Buena Park city, California",86712,7824,51218,7384,1677,1129,905,700,18828,4180,231,356,12316,4119,1537,736,739,527,798,464
1600000US0608954,0608954,"Burbank city, California",106203,8142,75800,6410,2103,963,226,191,10780,3220,0,294,14429,3707,2865,1226,1307,1012,1558,715
1600000US0611194,0611194,"Carlsbad city, California",100472,6735,88061,6161,702,502,242,327,5644,1755,45,78,3156,2293,2622,1181,203,240,2419,1111
1600000US0611530,0611530,"Carson city, California",99342,11110,29682,5700,25699,5444,305,329,21905,5185,2759,2074,11192,4199,7800,2353,1599,1065,6201,2378
1600000US0613014,0613014,"Chico city, California",88110,5676,72768,4913,1486,647,448,306,5762,2088,0,294,2895,1238,4751,1237,684,593,4067,1198
1600000US0613210,0613210,"Chino city, California",87139,9422,63642,8901,5597,2068,228,145,5697,1683,0,294,9960,4345,2015,665,877,538,1138,411
1600000US0613214,0613214,"Chino Hills city, California",74561,6609,42655,5715,3220,1628,339,423,19490,3855,0,294,4947,2547,3910,1638,175,179,3735,1602
1600000US0613392,0613392,"Chula Vista city, California",220995,13648,145549,12237,11912,3776,2137,1207,33772,5454,698,629,18490,3230,8437,1993,2137,907,6300,1651
1600000US0613588,0613588,"Citrus Heights city, California",86765,7528,73795,7654,2946,1330,382,294,908,608,927,986,7364,3096,443,237,148,144,295,190
1600000US0614218,0614218,"Clovis city, California",82454,7030,57056,5616,1532,1159,1819,1142,9201,2863,401,383,10491,3904,1954,1099,337,292,1617,1065
1600000US0615044,0615044,"Compton city, California",103817,10797,30322,6522,34484,6055,0,294,125,205,871,966,33279,7755,4736,2328,1462,1101,3274,2035
1600000US0616000,0616000,"Concord city, California",123856,9849,90603,9088,3262,1189,253,218,12449,2684,624,709,13047,4296,3618,1176,194,243,3424,1189
1600000US0616350,0616350,"Corona city, California",173119,14293,115220,12385,11264,4035,2266,2170,13643,3776,1619,1400,22659,5619,6448,2106,1744,777,4704,1992
1600000US0616532,0616532,"Costa Mesa city, California",102092,8193,80616,7209,772,547,122,141,9813,2964,408,447,8136,3133,2225,676,669,471,1556,601
1600000US0617918,0617918,"Daly City city, California",96634,7660,21994,3617,2724,1145,433,364,56411,6466,1602,2179,9203,2826,4267,1446,1878,1119,2389,1090
1600000US0619766,0619766,"Downey city, California",113446,11710,57717,9074,2797,1248,325,381,7149,2051,0,294,41818,8288,3640,1216,2367,1099,1273,568
1600000US0620802,0620802,"East Los Angeles CDP, California",120613,9784,71217,7777,202,263,1341,1261,702,588,0,294,45212,7008,1939,985,1479,919,460,376
1600000US0621712,0621712,"El Cajon city, California",101077,9211,78597,8901,5529,2143,638,439,4338,1602,891,1074,5391,1914,5693,1884,1794,1325,3899,1212
1600000US0622020,0622020,"Elk Grove city, California",150972,10386,70656,6792,16756,4224,887,772,38335,5477,1637,1227,14325,4744,8376,2704,2368,1824,6008,2131
1600000US0622230,0622230,"El Monte city, California",113759,11488,41366,6957,565,583,104,121,25701,5732,1003,1213,43866,7901,1154,625,792,613,362,295
1600000US0622804,0622804,"Escondido city, California",144568,16938,113584,12560,4166,3284,1251,773,8611,2628,606,827,12958,3698,3392,1333,787,654,2605,1131
1600000US0623182,0623182,"Fairfield city, California",103364,7287,47152,4953,19809,3882,207,224,14368,2778,1683,1160,13706,3463,6439,2327,907,612,5532,2220
1600000US0624638,0624638,"Folsom city, California",76467,5317,56374,5095,5117,1532,241,326,8475,2139,348,298,4444,1326,1468,632,509,349,959,529
1600000US0624680,0624680,"Fontana city, California",192838,13478,118397,10991,13906,3675,1123,957,17494,5134,1639,1772,31279,7251,9000,2833,2041,958,6959,2653
1600000US0626000,0626000,"Fremont city, California",198067,9942,73404,5912,6612,2515,1210,795,96843,8409,1109,1009,11036,2917,7853,2455,2625,1512,5228,2006
1600000US0627000,0627000,"Fresno city, California",474670,15596,258846,11179,37221,3845,4881,1660,48162,6092,267,262,104962,10469,20331,3572,6872,2374,13459,2826
1600000US0628000,0628000,"Fullerton city, California",131769,8844,65742,5454,5303,2145,657,382,28372,4593,184,242,26670,7024,4841,1829,1089,811,3752,1511
1600000US0629000,0629000,"Garden Grove city, California",195774,14158,87694,10871,2442,1182,937,790,66440,7589,77,101,36055,6770,2129,838,696,436,1433,680
1600000US0630000,0630000,"Glendale city, California",203091,12443,150165,10762,4156,2052,318,298,33183,5810,164,269,11422,3688,3683,1357,774,530,2909,1255
1600000US0632548,0632548,"Hawthorne city, California",82746,8675,40065,6567,20457,4062,210,204,7690,2272,58,95,11708,3608,2558,1059,584,482,1974,920
1600000US0633000,0633000,"Hayward city, California",143407,9875,52818,6537,16237,3241,792,620,33224,5871,2089,992,28018,5692,10229,2538,1633,879,8596,2281
1600000US0633182,0633182,"Hemet city, California",75906,8883,57223,7196,3422,1687,2066,1469,1107,656,97,162,9221,3392,2770,1230,1070,806,1700,895
1600000US0633434,0633434,"Hesperia city, California",94798,10108,80530,9128,3226,2228,1878,1440,1600,912,213,351,3776,1320,3575,1717,683,510,2892,1628
1600000US0636000,0636000,"Huntington Beach city, California",195523,10201,156846,9570,990,673,360,306,22403,4180,1652,1038,7510,3957,5762,1508,610,348,5152,1485
1600000US0636448,0636448,"Indio city, California",71297,7418,36694,5406,1851,1571,591,463,1768,909,0,294,28351,5161,2042,1092,1368,940,674,555
1600000US0636546,0636546,"Inglewood city, California",117806,8601,27964,5884,54904,5287,54,88,1174,961,111,183,31826,5327,1773,902,1034,743,739,484
1600000US0636770,0636770,"Irvine city, California",196895,11860,110370,8071,2093,893,381,305,71886,6922,383,500,3567,1775,8215,1761,1515,1123,6700,1554
1600000US0639496,0639496,"Lake Forest city, California",67246,5816,44966,4347,1276,734,273,351,9531,2113,110,192,8964,3533,2126,1027,1130,680,996,815
1600000US0639892,0639892,"Lakewood city, California",90807,8047,46823,4290,6572,3024,383,493,12963,4130,161,169,19534,4920,4371,1416,1898,994,2473,1198
1600000US0640130,0640130,"Lancaster city, California",155497,11243,94743,8938,32074,7149,1474,903,7876,2468,35,57,14486,3746,4809,1433,836,515,3973,1285
1600000US0641992,0641992,"Livermore city, California",85200,6873,68229,6131,1846,1463,507,517,5117,1985,0,294,5911,2790,3590,1515,913,731,2677,1342
1600000US0643000,0643000,"Long Beach city, California",470932,16944,218080,12204,67533,9122,1456,711,70013,8916,5555,2371,86458,9344,21837,4214,5077,1362,16760,3903
1600000US0644000,0644000,"Los Angeles city, California",3803383,46813,1963152,29130,374324,14474,26509,4846,394153,15099,9053,2732,932433,36512,103759,7966,35425,4552,68334,6617
1600000US0644574,0644574,"Lynwood city, California",69800,8013,27200,6583,6145,2148,244,233,1274,1127,141,238,33753,6540,1043,663,585,631,458,314
1600000US0645484,0645484,"Manteca city, California",65660,7294,56121,7061,1010,701,497,741,2000,1092,104,203,3113,1373,2815,1063,457,299,2358,1020
1600000US0646898,0646898,"Merced city, California",79266,7501,40435,5277,4481,1269,905,753,7756,2659,58,98,22035,5326,3596,1527,1084,714,2512,1353
1600000US0647766,0647766,"Milpitas city, California",67551,7928,15084,3403,2713,1371,0,294,42049,6364,346,478,5688,2454,1671,650,504,410,1167,540
1600000US0648256,0648256,"Mission Viejo city, California",92920,6330,75982,5458,1418,838,38,64,7789,2437,58,101,4345,1694,3290,1745,912,701,2378,1430
1600000US0648354,0648354,"Modesto city, California",209308,10073,161820,9557,9358,2299,1786,927,12125,2231,2078,820,12233,3787,9908,2791,2379,1062,7529,2520
1600000US0649270,0649270,"Moreno Valley city, California",198662,11554,72952,6918,31194,6306,263,367,11251,3195,770,1203,75953,10630,6279,2480,1555,766,4724,2346
1600000US0649670,0649670,"Mountain View city, California",76377,8456,44335,6859,3909,1892,189,311,15717,2831,663,663,8018,5596,3546,1391,815,958,2731,972
1600000US0650076,0650076,"Murrieta city, California",98248,9062,67382,7116,3900,1752,1384,1535,8360,2693,302,572,11495,4998,5425,2166,1510,1393,3915,1341
1600000US0651182,0651182,"Newport Beach city, California",88400,7128,81489,7189,297,311,136,141,4842,1857,182,299,574,438,880,567,136,222,744,550
1600000US0652526,0652526,"Norwalk city, California",107301,10275,73240,10078,3298,1911,146,122,14742,3202,387,585,13452,3834,2036,1347,648,577,1388,1225
1600000US0653000,0653000,"Oakland city, California",365875,10773,137248,9288,106491,6037,2193,1207,55560,6413,1596,1229,48600,8167,14187,2732,2591,1407,11596,2364
1600000US0653322,0653322,"Oceanside city, California",164811,11092,106408,8541,6483,2306,1148,1136,10052,3241,3160,2554,25734,5366,11826,3100,5021,2298,6805,1934
1600000US0653896,0653896,"Ontario city, California",161717,13200,67457,7737,12031,4234,2964,2387,7283,2728,0,294,58593,9683,13389,4567,6548,3064,6841,2805
1600000US0653980,0653980,"Orange city, California",137264,9644,79948,5894,1550,838,815,675,15035,2878,304,361,35439,8234,4173,1652,1558,1180,2615,1062
1600000US0654652,0654652,"Oxnard city, California",178838,10586,64161,6729,5677,1870,15862,6365,11723,2419,426,547,69720,8608,11269,3145,4085,1575,7184,2465
1600000US0655156,0655156,"Palmdale city, California",153552,10890,73456,8528,15908,4819,263,194,6905,2489,761,613,50498,6937,5761,2096,2562,1199,3199,1316
1600000US0656000,0656000,"Pasadena city, California",134448,10185,90812,8978,14568,3071,710,569,13514,2958,500,485,9071,3866,5273,2005,1224,869,4049,1786
1600000US0657792,0657792,"Pleasanton city, California",75638,5768,53919,5758,1084,951,476,506,14446,3128,1088,1549,1658,1229,2967,1158,173,216,2794,1134
1600000US0658072,0658072,"Pomona city, California",139246,9355,84575,8058,11576,2977,1462,1042,9123,2715,97,121,27444,5199,4969,1937,3846,1849,1123,544
1600000US0659451,0659451,"Rancho Cucamonga city, California",164173,11608,103990,9195,13439,3002,2785,1731,16595,3669,1110,781,14935,4696,11319,3548,1744,1059,9575,3377
1600000US0659920,0659920,"Redding city, California",93560,5779,80883,5573,1294,264,579,482,4394,1160,120,180,2722,1455,3568,1744,294,404,3274,1731
1600000US0659962,0659962,"Redlands city, California",72006,7791,50340,6300,2748,1250,1966,1715,4109,1772,118,214,9571,3123,3154,1298,1176,848,1978,993
1600000US0660018,0660018,"Redondo Beach city, California",64895,4979,51800,4888,1909,834,370,282,6541,1683,0,294,2356,1525,1919,702,381,401,1538,587
1600000US0660102,0660102,"Redwood City city, California",73994,6669,54832,6873,1942,989,405,356,7223,1616,966,1266,5156,2432,3470,1804,420,300,3050,1757
1600000US0660466,0660466,"Rialto city, California",105949,13552,67684,11724,19591,4746,294,343,1667,1530,0,294,13926,4702,2787,2028,1154,1449,1633,1029
1600000US0660620,0660620,"Richmond city, California",107737,9298,47140,6115,29137,5115,401,454,14374,3283,70,115,13846,4502,2769,961,327,290,2442,881
1600000US0662000,0662000,"Riverside city, California",305428,14749,194443,11939,19024,4019,2791,1132,22447,4173,1793,1662,52867,6439,12063,3253,3800,1628,8263,2789
1600000US0662938,0662938,"Roseville city, California",117944,7589,95038,6589,2464,1333,218,232,9911,1907,356,381,7390,2724,2567,1002,743,576,1824,836
1600000US0664000,0664000,"Sacramento city, California",457849,14660,236783,11540,64007,5355,5082,1623,85168,6101,4873,1975,39190,6278,22746,3807,3535,1361,19211,3728
1600000US0664224,0664224,"Salinas city, California",146668,10179,101519,10242,2409,1073,435,520,12132,2323,154,207,25555,5930,4464,1493,2821,1309,1643,726
1600000US0665000,0665000,"San Bernardino city, California",203641,12168,76666,7031,37237,6085,1003,710,7529,2443,434,503,76027,9731,4745,1277,1728,961,3017,1011
1600000US0665042,0665042,"San Buenaventura (Ventura) city, California",110494,9766,82105,6931,568,387,583,315,3284,1321,65,107,18480,5557,5409,2009,1005,899,4404,1851
1600000US0666000,0666000,"San Diego city, California",1266963,26339,868873,22093,83942,6717,10031,3524,192187,8448,7790,2729,57780,6983,46360,4224,10224,1966,36136,3715
1600000US0667000,0667000,"San Francisco city, California",808976,*****,442704,6138,49868,1969,3391,1454,252218,2059,3693,243,29491,5172,27611,3129,4747,1782,22864,2614
1600000US0668000,0668000,"San Jose city, California",916715,18476,451589,15058,28488,3904,4895,1499,282489,11081,1948,1610,118432,10465,28874,3436,6673,1905,22201,3021
1600000US0668084,0668084,"San Leandro city, California",87964,7256,39982,5980,13794,3505,77,128,23628,5164,2613,2777,4445,1721,3425,1039,782,585,2643,991
1600000US0668196,0668196,"San Marcos city, California",69415,6985,45373,5142,1664,851,364,312,6343,1490,0,294,13291,4259,2380,890,514,350,1866,806
1600000US0668252,0668252,"San Mateo city, California",95173,8273,66399,6651,3436,2181,405,410,16818,3167,634,638,2729,1396,4752,3374,341,256,4411,3377
1600000US0669000,0669000,"Santa Ana city, California",324474,14518,127030,10621,3594,1516,2121,1360,27996,4815,108,177,159160,14418,4465,1770,2367,1440,2098,930
1600000US0669070,0669070,"Santa Barbara city, California",82601,7410,64770,6446,3611,1456,351,242,3331,1046,570,600,8144,3238,1824,706,754,485,1070,571
1600000US0669084,0669084,"Santa Clara city, California",110366,8175,52011,5545,1763,1145,185,309,43911,5784,556,573,7646,3195,4294,1472,973,598,3321,1300
1600000US0669088,0669088,"Santa Clarita city, California",169365,10900,134474,9045,4333,2466,538,278,14685,3055,0,294,6933,3449,8402,2204,1786,1609,6616,1705
1600000US0669196,0669196,"Santa Maria city, California",90051,7780,74451,7927,283,285,539,310,4600,1886,0,294,8089,2630,2089,1038,1016,646,1073,731
1600000US0670000,0670000,"Santa Monica city, California",89466,7983,70153,5844,3450,2096,52,85,6580,1937,0,294,6239,3581,2992,975,642,566,2350,785
1600000US0670098,0670098,"Santa Rosa city, California",166165,9391,133260,8940,3278,1231,2100,919,7466,1900,481,429,12316,5190,7264,2050,2235,1758,5029,1277
1600000US0672016,0672016,"Simi Valley city, California",119870,7807,89405,6454,1349,742,575,552,10679,2886,0,294,14177,5799,3685,1514,906,845,2779,1176
1600000US0673080,0673080,"South Gate city, California",89011,7873,50614,5777,642,519,586,660,1195,1194,0,294,35082,4372,892,556,248,214,644,498
1600000US0675000,0675000,"Stockton city, California",275885,12328,129870,10267,32420,3999,3952,1580,62973,5113,2155,1067,28849,5096,15666,3827,5315,2296,10351,2618
1600000US0677000,0677000,"Sunnyvale city, California",133827,8636,57520,4710,2304,956,323,391,51961,4537,415,447,17694,5826,3610,1282,710,785,2900,1061
1600000US0678120,0678120,"Temecula city, California",94861,10511,69794,7820,5053,2738,2065,1605,8355,2776,0,294,5943,3577,3651,1661,899,650,2752,1430
1600000US0678582,0678582,"Thousand Oaks city, California",117632,8436,95457,7047,621,541,179,226,9396,2929,0,294,7802,3657,4177,2204,847,692,3330,2144
1600000US0680000,0680000,"Torrance city, California",139868,9139,64668,5780,2151,904,275,382,50234,6230,987,1041,12007,4851,9546,2110,2557,1342,6989,1686
1600000US0680238,0680238,"Tracy city, California",85051,8975,54097,7674,5605,2098,387,420,10009,3112,0,294,11387,3801,3566,1223,566,638,3000,1164
1600000US0680812,0680812,"Turlock city, California",65588,5952,53885,5171,1030,775,750,621,2835,1218,0,294,5713,2584,1375,657,397,320,978,624
1600000US0680854,0680854,"Tustin city, California",86785,10424,42948,5345,1595,954,1179,781,14978,4021,23,40,24417,7159,1645,788,679,464,966,627
1600000US0681204,0681204,"Union City city, California",61628,6240,11597,2198,4625,2235,212,295,32660,5412,772,903,9666,3725,2096,968,498,604,1598,750
1600000US0681344,0681344,"Upland city, California",74930,7455,45627,6159,4077,2449,1625,1818,9484,2770,0,294,8573,3276,5544,2074,2283,1422,3261,1578
1600000US0681554,0681554,"Vacaville city, California",92232,6734,59672,4644,10467,2452,345,328,3919,1380,119,92,11427,3955,6283,2212,1150,710,5133,2202
1600000US0681666,0681666,"Vallejo city, California",116933,7916,37289,4498,22815,3943,241,335,30852,3820,1299,1273,17030,4052,7407,2374,2718,1347,4689,1945
1600000US0682590,0682590,"Victorville city, California",118748,10044,79518,9536,17212,5058,1757,1460,3706,1775,152,195,10572,3194,5831,2638,624,573,5207,2635
1600000US0682954,0682954,"Visalia city, California",121685,10015,101273,8241,2476,1595,472,356,3661,1237,262,426,10025,2914,3516,1253,842,540,2674,1138
1600000US0682996,0682996,"Vista city, California",88836,9405,62857,7684,2265,1291,425,317,2482,1140,0,294,16035,4747,4772,1835,1200,639,3572,1605
1600000US0684200,0684200,"West Covina city, California",105501,9666,38961,4784,3570,1532,225,286,28014,4523,260,291,29453,7051,5018,2385,2906,2047,2112,1063
1600000US0684550,0684550,"Westminster city, California",84326,8374,41554,6754,187,307,310,305,34577,4325,211,333,5522,3294,1965,1054,464,489,1501,939
1600000US0685292,0685292,"Whittier city, California",79622,8357,47471,5070,586,524,306,272,2688,1452,0,294,26170,5999,2401,951,1336,711,1065,761
1600000US0686832,0686832,"Yorba Linda city, California",73143,6280,55353,5676,1685,934,1160,1245,9803,2476,0,294,2929,2047,2213,991,201,189,2012,975
1600000US0803455,0803455,"Arvada city, Colorado",106394,6364,93765,5680,891,605,1848,907,2365,1617,200,327,5286,2342,2039,1208,1488,1045,551,511
1600000US0804000,0804000,"Aurora city, Colorado",305241,8598,205200,9367,44333,3509,3235,1318,13151,1972,1245,605,27519,5553,10558,2595,2661,1504,7897,2000
1600000US0807850,0807850,"Boulder city, Colorado",98238,5522,85060,4257,1096,532,276,222,3635,1344,201,305,5423,2752,2547,996,684,492,1863,712
1600000US0812815,0812815,"Centennial city, Colorado",105852,5055,95169,5195,2108,1059,170,227,3046,1022,0,275,1135,920,4224,1445,241,322,3983,1340
1600000US0816000,0816000,"Colorado Springs city, Colorado",396404,8241,322299,7894,25823,3166,2743,884,12010,1731,897,536,14528,4395,18104,2600,2536,1031,15568,2520
1600000US0820000,0820000,"Denver city, Colorado",598707,*****,465453,5743,56251,1819,6969,1604,19947,1236,713,253,32124,5248,17250,3105,3435,1073,13815,2818
1600000US0827425,0827425,"Fort Collins city, Colorado",140497,5611,125076,5123,1531,611,1488,1219,3706,837,149,247,2219,1110,6328,1276,478,358,5850,1185
1600000US0832155,0832155,"Greeley city, Colorado",91921,6342,83710,6051,1255,756,533,518,2104,892,0,275,2991,1305,1328,614,507,381,821,513
1600000US0836410,0836410,"Highlands Ranch CDP, Colorado",93057,5270,81940,5376,931,716,67,114,5543,1410,0,275,1697,980,2879,1203,270,346,2609,1170
1600000US0843000,0843000,"Lakewood city, Colorado",144962,6759,127197,6236,2813,1354,1043,740,5075,1338,45,78,6199,2293,2590,869,1089,621,1501,681
1600000US0845970,0845970,"Longmont city, Colorado",84943,6073,69981,5146,1107,866,500,358,2224,1042,0,275,8380,3178,2751,1393,628,578,2123,1254
1600000US0846465,0846465,"Loveland city, Colorado",65950,5203,62249,5210,286,268,331,324,479,430,0,275,1375,1064,1230,619,474,412,756,532
1600000US0862000,0862000,"Pueblo city, Colorado",108747,4670,92788,5404,2740,844,1486,651,401,307,0,275,7958,1993,3374,1245,1010,588,2364,1092
1600000US0877290,0877290,"Thornton city, Colorado",107253,5826,87761,5772,1754,984,852,490,3960,1361,0,275,8889,2926,4037,1155,1378,728,2659,965
1600000US0883835,0883835,"Westminster city, Colorado",106664,6116,88674,5834,1352,839,929,630,4691,1685,0,275,6510,2547,4508,1690,883,541,3625,1614
1600000US0908000,0908000,"Bridgeport city, Connecticut",131062,9955,66096,7757,46292,5595,298,310,4394,1933,129,212,10576,2640,3277,1573,244,209,3033,1550
1600000US0918430,0918430,"Danbury city, Connecticut",81720,7788,66848,7769,4237,2064,820,594,4997,1956,0,275,3017,1612,1801,916,593,349,1208,815
1600000US0937000,0937000,"Hartford city, Connecticut",117900,6992,36292,4172,45409,4751,1528,1066,2275,966,0,275,27364,3902,5032,2448,2851,1996,2181,1436
1600000US0950370,0950370,"New Britain city, Connecticut",65852,5566,47470,5067,6970,1869,44,70,816,640,87,150,8342,2759,2123,1173,636,506,1487,1018
1600000US0952000,0952000,"New Haven city, Connecticut",124447,9175,57615,8496,45528,4622,510,469,6292,1786,0,275,11743,3991,2759,1138,49,82,2710,1131
1600000US0955990,0955990,"Norwalk city, Connecticut",78242,6377,61046,5924,9102,2796,0,275,2004,950,0,275,4345,2034,1745,1131,285,224,1460,1115
1600000US0973000,0973000,"Stamford city, Connecticut",125988,10991,80724,9045,18602,4180,622,528,10269,2104,0,275,14182,4030,1589,725,412,364,1177,637
1600000US0980000,0980000,"Waterbury city, Connecticut",110542,8961,71508,7635,18373,3904,153,243,2259,1288,0,275,13322,3858,4927,1886,576,428,4351,1858
1600000US1077580,1077580,"Wilmington city, Delaware",67356,5166,24319,2824,39449,4272,404,332,832,647,0,263,570,466,1782,815,320,389,1462,720
1600000US1150000,1150000,"Washington city, District of Columbia",591833,*****,221911,3817,316278,3298,2212,795,20091,755,564,760,18958,3748,11819,3447,1320,805,10499,3066
1600000US1207300,1207300,"Boca Raton city, Florida",80958,6205,73878,6037,3018,1368,0,305,1923,898,0,305,1105,766,1034,910,146,175,888,894
1600000US1207875,1207875,"Boynton Beach city, Florida",61319,6824,42318,4542,17257,4826,331,280,444,362,0,305,920,706,49,81,0,305,49,81
1600000US1208150,1208150,"Brandon CDP, Florida",98572,7486,73261,6853,17141,4443,319,414,2484,1577,0,305,1859,1002,3508,1366,194,283,3314,1335
1600000US1210275,1210275,"Cape Coral city, Florida",153621,9800,142830,9199,5973,3222,166,227,1242,685,216,279,912,656,2282,1049,339,249,1943,969
1600000US1212875,1212875,"Clearwater city, Florida",99479,7192,81298,5887,12910,3513,118,180,2311,975,750,209,390,383,1702,986,227,272,1475,956
1600000US1214400,1214400,"Coral Springs city, Florida",124966,9271,94901,7203,18764,5164,235,282,7181,2473,0,305,1687,961,2198,1015,880,681,1318,818
1600000US1216475,1216475,"Davie town, Florida",103506,8859,87046,8434,6536,2897,296,295,1667,1154,0,305,6196,3541,1765,1114,391,538,1374,968
1600000US1216725,1216725,"Deerfield Beach city, Florida",69204,6451,51242,5328,14461,2991,153,260,1164,754,0,305,304,410,1880,910,104,141,1776,905
1600000US1217200,1217200,"Deltona city, Florida",91519,8121,73261,7557,6363,2068,315,353,855,735,0,305,7186,3256,3539,1832,805,659,2734,1743
1600000US1224000,1224000,"Fort Lauderdale city, Florida",165384,10515,105121,6647,47311,6368,135,253,3469,1660,0,305,6002,3223,3346,1549,485,532,2861,1461
1600000US1224125,1224125,"Fort Myers city, Florida",60700,6163,32189,5435,24310,3742,94,163,641,574,0,305,2291,1573,1175,1068,73,119,1102,1057
1600000US1225175,1225175,"Gainesville city, Florida",120849,5702,86409,4359,24444,3504,192,214,6858,1360,0,305,1346,1004,1600,681,0,305,1600,681
1600000US1230000,1230000,"Hialeah city, Florida",207206,12210,197079,12614,4372,1998,141,169,236,292,0,305,3242,1466,2136,989,1483,802,653,531
1600000US1232000,1232000,"Hollywood city, Florida",130812,9412,105707,7700,12950,3658,146,211,2863,1941,0,305,4753,2132,4393,2020,1501,1434,2892,1491
1600000US1235000,1235000,"Jacksonville city, Florida",811953,4420,505225,4736,244633,3327,2898,967,29569,1595,465,322,12740,3220,16423,2976,2651,976,13772,2834
1600000US1236100,1236100,"Kendall CDP, Florida",78452,8061,71980,7985,2909,1697,0,305,2221,1312,0,305,942,661,400,370,99,169,301,325
1600000US1238250,1238250,"Lakeland city, Florida",95455,7783,67721,6207,19029,4002,0,305,2372,1027,0,305,2873,1600,3460,1628,95,112,3365,1617
1600000US1239425,1239425,"Largo city, Florida",74735,6894,67974,6282,3667,1855,63,108,1503,1015,0,305,776,877,752,489,135,222,617,436
1600000US1239550,1239550,"Lauderhill city, Florida",73418,8451,18291,3733,50883,7270,36,69,995,1032,0,305,1986,1788,1227,926,222,295,1005,893
1600000US1239925,1239925,"Lehigh Acres CDP, Florida",64931,7160,46025,5722,9077,3480,481,454,471,402,0,305,8574,3034,303,245,66,113,237,216
1600000US1243975,1243975,"Melbourne city, Florida",72841,6011,63042,5790,5707,1901,0,305,1984,1080,119,195,642,611,1347,831,61,105,1286,813
1600000US1245000,1245000,"Miami city, Florida",343142,14773,259127,13504,73172,7460,339,272,2447,1274,56,94,5748,2322,2253,841,1297,691,956,531
1600000US1245025,1245025,"Miami Beach city, Florida",82507,6536,70678,6623,1876,839,236,340,1753,945,0,305,5870,2819,2094,1391,1053,1259,1041,576
1600000US1245060,1245060,"Miami Gardens city, Florida",106690,8373,21740,4859,81353,7640,100,173,165,195,0,305,2817,1737,515,402,0,305,515,402
1600000US1245975,1245975,"Miramar city, Florida",112223,10128,49930,6691,47270,7502,0,305,3386,1800,0,305,7921,4207,3716,1435,1461,936,2255,1128
1600000US1253000,1253000,"Orlando city, Florida",232337,12862,136602,10237,61601,6255,1126,652,6058,2069,124,175,22831,5654,3995,1672,1345,861,2650,1463
1600000US1254000,1254000,"Palm Bay city, Florida",101404,6682,73116,6196,18073,4572,332,401,3243,1215,0,305,3295,2375,3345,1149,502,364,2843,1053
1600000US1254200,1254200,"Palm Coast city, Florida",72472,2839,57315,2987,10297,1824,64,72,1856,298,0,305,1132,909,1808,913,597,545,1211,714
1600000US1255775,1255775,"Pembroke Pines city, Florida",171407,10894,116442,8361,37257,7015,0,305,7610,2340,0,305,5193,1881,4905,2174,1353,690,3552,1901
1600000US1257425,1257425,"Plantation city, Florida",80669,7518,55971,5062,17555,4513,0,305,3297,1666,221,366,889,575,2736,1444,139,214,2597,1381
1600000US1258050,1258050,"Pompano Beach city, Florida",106589,8547,67888,6355,29525,6167,245,249,1812,1509,0,305,4713,2818,2406,1127,1552,1047,854,445
1600000US1258715,1258715,"Port St. Lucie city, Florida",151781,7687,120485,6367,15824,3497,398,659,3590,742,0,305,6412,3541,5072,2581,675,492,4397,2534
1600000US1263000,1263000,"St. Petersburg city, Florida",248308,11002,179186,8758,53231,4952,717,570,8735,1990,55,159,1939,978,4445,1343,356,357,4089,1334
1600000US1268350,1268350,"Spring Hill CDP, Florida",95682,4786,87548,4494,3374,1350,42,96,1789,725,0,305,1401,1085,1528,880,0,305,1528,880
1600000US1269700,1269700,"Sunrise city, Florida",87576,8488,48664,4928,26189,5558,56,95,2582,1103,0,305,7826,3501,2259,1408,171,279,2088,1380
1600000US1270600,1270600,"Tallahassee city, Florida",165451,5429,97996,4449,56737,4070,191,138,4155,970,0,305,1769,1145,4603,1392,318,351,4285,1431
1600000US1271000,1271000,"Tampa city, Florida",341137,13394,227034,11525,91361,6952,260,198,10112,2432,221,357,4787,1826,7362,2751,493,321,6869,2728
1600000US1272145,1272145,"Town 'n' Country CDP, Florida",77072,7430,66665,6743,6203,2005,728,751,1404,999,0,305,928,728,1144,610,424,465,720,406
1600000US1276582,1276582,"Weston city, Florida",61017,6051,52755,6168,3078,1958,188,316,2753,1412,0,305,943,577,1300,899,626,673,674,585
1600000US1276600,1276600,"West Palm Beach city, Florida",96484,8274,60860,6115,30807,4744,311,301,1419,673,0,305,2315,1844,772,662,60,96,712,654
1600000US1301052,1301052,"Albany city, Georgia",77678,3083,20783,1680,55050,2795,415,440,999,105,45,77,0,298,386,355,0,298,386,355
1600000US1303440,1303440,"Athens-Clarke County unified government (balance), Georgia",113310,570,77451,1377,27795,1078,92,109,3557,601,0,298,2307,1396,2108,1235,116,147,1992,1221
1600000US1304000,1304000,"Atlanta city, Georgia",453038,16533,176294,8991,251642,13025,778,637,7872,1423,135,159,11618,4374,4699,1464,449,347,4250,1395
1600000US1304204,1304204,"Augusta-Richmond County consolidated government (balance), Georgia",193401,2369,81680,2542,101949,2046,686,392,3586,393,0,298,2826,1822,2674,1067,106,130,2568,1044
1600000US1319000,1319000,"Columbus city, Georgia",186984,*****,88607,1034,86040,1239,209,254,3346,526,118,192,3370,1075,5294,1417,1007,562,4287,1376
1600000US1349000,1349000,"Macon city, Georgia",92453,4732,30636,3205,58816,3750,183,174,1158,795,0,298,792,697,868,895,0,298,868,895
1600000US1349756,1349756,"Marietta city, Georgia",57231,6395,27606,3735,20603,4739,67,109,1856,979,0,298,6134,2607,965,671,0,298,965,671
1600000US1367284,1367284,"Roswell city, Georgia",110907,10126,81258,8513,13724,4462,0,298,4811,2048,0,298,10142,5558,972,555,212,225,760,469
1600000US1368516,1368516,"Sandy Springs city, Georgia",95790,8123,74849,6988,13965,3567,0,298,3167,1165,0,298,2221,2233,1588,1125,300,277,1288,1080
1600000US1369000,1369000,"Savannah city, Georgia",129584,5709,53298,4435,72381,3619,462,563,1492,1028,0,298,327,323,1624,846,0,298,1624,846
1600000US1517000,1517000,"Honolulu CDP, Hawaii",371148,11436,82459,4724,8386,3258,836,566,194292,7071,21866,4108,2873,921,60436,6145,2376,1266,58060,6379
1600000US1608830,1608830,"Boise City city, Idaho",208223,7410,190247,7132,2631,1045,1752,1166,6127,1391,125,159,2233,1150,5108,1651,675,455,4433,1530
1600000US1652120,1652120,"Meridian city, Idaho",62872,5150,58587,5034,1093,777,109,160,809,707,0,259,1496,909,778,543,0,259,778,543
1600000US1656260,1656260,"Nampa city, Idaho",80164,5337,72587,5342,601,641,229,227,981,729,0,259,1918,994,3848,1427,670,713,3178,1192
1600000US1702154,1702154,"Arlington Heights village, Illinois",77733,5585,67803,5176,1932,1388,0,267,6255,2241,0,267,522,537,1221,745,515,508,706,540
1600000US1703012,1703012,"Aurora city, Illinois",180135,9924,99842,7680,18821,3553,134,167,10051,2223,0,267,45392,6713,5895,1949,2160,1125,3735,1510
1600000US1706613,1706613,"Bloomington city, Illinois",74243,4508,61366,4309,5348,1416,45,77,4096,673,0,267,1104,1206,2284,908,457,382,1827,801
1600000US1707133,1707133,"Bolingbrook village, Illinois",74891,6559,46249,5801,10867,3150,0,267,5489,1995,0,267,9403,3897,2883,1556,609,765,2274,1288
1600000US1712385,1712385,"Champaign city, Illinois",80198,4569,58856,3626,12295,2460,84,107,6540,1512,0,267,1056,908,1367,639,91,150,1276,612
1600000US1714000,1714000,"Chicago city, Illinois",2741455,29336,1230718,22644,949110,18242,7493,1728,134954,7991,471,502,369771,18749,48938,6123,17960,3870,30978,4282
1600000US1723074,1723074,"Elgin city, Illinois",106474,7712,73679,7003,8089,2275,0,267,3425,1423,39,67,18718,5268,2524,1186,910,650,1614,942
1600000US1724582,1724582,"Evanston city, Illinois",74529,6717,50384,5612,13802,2532,0,267,4806,1098,0,267,1240,1059,4297,1751,259,220,4038,1756
1600000US1738570,1738570,"Joliet city, Illinois",151013,9034,104450,8067,26615,4015,223,247,3262,1252,0,267,13316,4359,3147,1748,429,331,2718,1682
1600000US1751622,1751622,"Naperville city, Illinois",142188,6639,113203,6174,5318,2506,61,103,20773,3599,0,267,1647,945,1186,592,148,187,1038,546
1600000US1757225,1757225,"Palatine village, Illinois",70165,6977,59803,6467,2406,2316,0,267,5515,2536,0,267,1429,1202,1012,732,500,642,512,363
1600000US1759000,1759000,"Peoria city, Illinois",113811,4288,76270,4046,28432,2203,204,227,3987,508,0,267,1675,941,3243,1100,149,179,3094,1065
1600000US1765000,1765000,"Rockford city, Illinois",154128,6742,114101,6258,28537,2341,381,368,4489,1226,65,113,3682,1610,2873,1161,141,153,2732,1174
1600000US1768003,1768003,"Schaumburg village, Illinois",74421,6571,53131,4387,3135,1918,165,178,12880,3779,0,267,3060,2035,2050,1258,444,400,1606,1164
1600000US1770122,1770122,"Skokie village, Illinois",68304,6702,42748,5030,5903,2855,79,132,16579,4678,0,267,1517,1310,1478,883,519,609,959,570
1600000US1772000,1772000,"Springfield city, Illinois",115883,4484,91868,4510,19689,1593,0,267,1794,534,0,267,517,411,2015,757,0,267,2015,757
1600000US1779293,1779293,"Waukegan city, Illinois",92783,8041,33284,4464,13113,2441,315,294,4946,2186,0,267,36855,7115,4270,2029,1446,1669,2824,1461
1600000US1805860,1805860,"Bloomington city, Indiana",73976,3513,62224,3642,4032,912,385,182,5493,505,132,198,606,658,1104,579,383,325,721,518
1600000US1822000,1822000,"Evansville city, Indiana",115093,3958,97393,4016,14101,999,209,202,815,389,0,265,443,465,2132,948,0,265,2132,948
1600000US1825000,1825000,"Fort Wayne city, Indiana",246798,6309,189237,6493,36972,1712,696,435,4629,1249,0,265,8461,2492,6803,1488,1012,666,5791,1493
1600000US1831000,1831000,"Hammond city, Indiana",73234,6001,41140,3595,12925,2934,593,414,1352,1540,0,265,14237,3531,2987,1488,1117,651,1870,1354
1600000US1836003,1836003,"Indianapolis city (balance), Indiana",798594,6889,530781,7167,208767,4775,1083,650,13664,859,0,265,26038,4505,18261,3116,1459,953,16802,3061
1600000US1851876,1851876,"Muncie city, Indiana",63104,3589,53302,3488,4973,1227,270,313,594,401,0,265,894,740,3071,1175,122,203,2949,1128
1600000US1871000,1871000,"South Bend city, Indiana",106192,4739,65768,4270,25804,2226,467,338,1616,849,0,265,7285,1935,5252,1605,341,264,4911,1562
1600000US1912000,1912000,"Cedar Rapids city, Iowa",120725,4762,106627,4545,5456,1231,119,199,3660,658,103,153,1539,903,3221,1180,426,348,2795,1163
1600000US1919000,1919000,"Davenport city, Iowa",99260,3931,82951,3641,8276,1387,353,226,2530,764,0,226,1434,1064,3716,1342,605,398,3111,1293
1600000US1921000,1921000,"Des Moines city, Iowa",200010,6525,158491,6805,19715,1908,582,345,8980,1718,237,365,8160,2368,3845,1113,565,336,3280,1031
1600000US1938595,1938595,"Iowa City city, Iowa",68724,3650,59798,3576,1865,837,54,79,5249,834,0,226,142,180,1616,975,97,121,1519,951
1600000US1973335,1973335,"Sioux City city, Iowa",83013,2175,70091,2588,2405,948,2254,904,2208,577,641,935,4496,1743,918,722,99,161,819,676
1600000US1982425,1982425,"Waterloo city, Iowa",65015,3476,52732,3076,8803,1047,0,226,703,386,0,226,1517,846,1260,598,0,226,1260,598
1600000US2036000,2036000,"Kansas City city, Kansas",141948,2095,83884,3517,38703,1200,1388,1450,2796,127,76,124,11438,2993,3663,1285,737,578,2926,1099
1600000US2038900,2038900,"Lawrence city, Kansas",89259,2664,74618,2748,4522,867,2031,705,4265,421,34,57,964,881,2825,1071,391,467,2434,900
1600000US2052575,2052575,"Olathe city, Kansas",125590,6459,108076,6265,7033,1953,284,240,4895,1533,183,196,1014,681,4105,1222,236,234,3869,1189
1600000US2053775,2053775,"Overland Park city, Kansas",168788,6087,148443,5698,3960,1411,453,333,10393,1793,0,244,3345,2008,2194,950,301,260,1893,915
1600000US2071000,2071000,"Topeka city, Kansas",128486,3204,99554,2988,14424,1636,940,445,2029,401,0,244,5267,1349,6272,1674,849,637,5423,1556
1600000US2079000,2079000,"Wichita city, Kansas",364165,5911,272139,5884,38333,2495,2297,755,15334,1770,226,281,21902,3977,13934,2687,1295,603,12639,2547
1600000US2146027,2146027,"Lexington-Fayette urban county, Kentucky",282114,*****,221276,2061,36376,1226,556,260,8943,563,362,411,7655,2216,6946,1900,485,353,6461,1946
1600000US2148006,2148006,"Louisville/Jefferson County metro government (balance), Kentucky",566869,6888,413183,6446,125928,4030,838,428,10506,1499,58,98,6550,1776,9806,1478,1557,776,8249,1453
1600000US2205000,2205000,"Baton Rouge city, Louisiana",227350,8422,91961,5251,125299,6031,653,514,7136,1436,0,277,854,860,1447,725,0,277,1447,725
1600000US2239475,2239475,"Kenner city, Louisiana",66958,6157,44844,4548,15117,3821,285,465,1547,1063,0,277,3577,2130,1588,1036,419,480,1169,862
1600000US2240735,2240735,"Lafayette city, Louisiana",117809,4947,75178,4818,38536,3600,325,293,1585,653,0,277,676,721,1509,1336,68,110,1441,1329
1600000US2241155,2241155,"Lake Charles city, Louisiana",67676,4948,33000,3836,32067,3383,593,553,1251,581,0,277,231,246,534,393,0,277,534,393
1600000US2250115,2250115,"Metairie CDP, Louisiana",136992,6549,114116,5925,14645,3288,231,289,3168,1650,0,277,2064,1222,2768,1527,573,941,2195,1174
1600000US2255000,2255000,"New Orleans city, Louisiana",311853,*****,106707,1399,190516,917,810,395,9195,250,0,277,2257,1297,2368,1166,454,508,1914,962
1600000US2270000,2270000,"Shreveport city, Louisiana",199379,4121,87205,3933,105962,3577,1090,972,1802,681,627,649,630,446,2063,826,141,186,1922,794
1600000US2404000,2404000,"Baltimore city, Maryland",636919,*****,203440,2623,401908,2724,1622,437,12601,684,212,218,5362,2154,11774,2915,1150,679,10624,2774
1600000US2419125,2419125,"Columbia CDP, Maryland",89763,5236,55959,3858,21331,3669,135,245,8701,2392,65,104,593,463,2979,958,302,332,2677,968
1600000US2426000,2426000,"Ellicott City CDP, Maryland",66374,3952,46359,3626,5470,2114,0,281,12390,2302,0,281,376,351,1779,824,84,106,1695,823
1600000US2472450,2472450,"Silver Spring CDP, Maryland",77046,8049,39700,4464,20868,4451,41,69,3442,1507,0,281,10074,3827,2921,1338,186,198,2735,1322
1600000US2507000,2507000,"Boston city, Massachusetts",613411,9689,342468,8247,148994,5660,2750,947,50797,2123,48,79,45496,6219,22858,4377,4785,2206,18073,4315
1600000US2509000,2509000,"Brockton city, Massachusetts",92492,7208,51122,6215,28540,2632,210,244,1397,688,0,281,7436,2295,3787,1315,1430,787,2357,968
1600000US2509210,2509210,"Brookline CDP, Massachusetts",65611,5448,49156,5113,1566,992,470,590,11405,2289,0,281,1291,1028,1723,682,265,198,1458,672
1600000US2511000,2511000,"Cambridge city, Massachusetts",96695,5911,70335,4361,8803,2235,420,333,10112,2210,0,281,3807,1602,3218,1097,543,439,2675,958
1600000US2523000,2523000,"Fall River city, Massachusetts",93066,6477,83847,6408,2226,1283,140,188,3282,1166,0,281,1558,1014,2013,920,160,206,1853,876
1600000US2524960,2524960,"Framingham CDP, Massachusetts",69165,5892,53131,4671,2520,1297,160,198,4955,2426,0,281,6865,2961,1534,1158,330,318,1204,1111
1600000US2534550,2534550,"Lawrence city, Massachusetts",72388,5859,25851,3981,2208,1135,148,173,720,960,0,281,41662,4555,1799,946,988,668,811,658
1600000US2537000,2537000,"Lowell city, Massachusetts",97423,6963,60212,5122,7927,2739,382,266,21715,4798,0,281,5843,1961,1344,896,256,411,1088,799
1600000US2537490,2537490,"Lynn city, Massachusetts",86466,6476,59279,5737,10533,2872,89,163,5079,1925,0,281,7078,2538,4408,2266,596,435,3812,2312
1600000US2545000,2545000,"New Bedford city, Massachusetts",89396,6653,74232,6185,5667,2080,547,521,544,520,0,281,4755,1639,3651,1572,1335,805,2316,1335
1600000US2545560,2545560,"Newton city, Massachusetts",91342,5693,78043,5276,714,361,0,281,11202,3093,69,116,440,526,874,506,198,246,676,466
1600000US2555745,2555745,"Quincy city, Massachusetts",87859,6749,64454,5733,2787,1345,60,100,18093,3485,0,281,1464,1069,1001,671,54,89,947,662
1600000US2562535,2562535,"Somerville city, Massachusetts",76430,7013,57387,5780,3023,1221,180,172,9350,2847,0,281,5169,2504,1321,878,65,106,1256,867
1600000US2567000,2567000,"Springfield city, Massachusetts",153386,7055,78494,6697,31973,2602,272,347,2838,1226,103,170,36047,4528,3659,1646,1011,545,2648,1430
1600000US2582000,2582000,"Worcester city, Massachusetts",162953,8624,128861,8100,16376,3085,614,402,7575,2061,0,281,5290,2155,4237,1815,1698,1010,2539,1530
1600000US2603000,2603000,"Ann Arbor city, Michigan",114797,5823,83962,5330,8509,1664,332,227,17050,1880,0,242,470,311,4474,1133,88,141,4386,1119
1600000US2613110,2613110,"Canton CDP, Michigan",98139,6287,72649,5720,6180,2226,610,643,15420,3026,301,491,1279,1536,1700,824,137,163,1563,822
1600000US2616510,2616510,"Clinton CDP, Michigan",98986,6926,84063,6315,9585,2862,399,370,2764,1385,0,242,621,443,1554,702,156,250,1398,676
1600000US2622000,2622000,"Detroit city, Michigan",777493,15559,86072,8426,643200,11651,2558,1002,6501,2065,122,152,27771,5096,11269,2353,1814,911,9455,2203
1600000US2627440,2627440,"Farmington Hills city, Michigan",77498,6596,54727,5101,12820,3854,0,242,8220,2034,316,355,361,387,1054,529,72,118,982,547
1600000US2629000,2629000,"Flint city, Michigan",102446,5028,41641,3946,55063,3054,926,1008,307,408,0,242,873,707,3636,1424,96,130,3540,1414
1600000US2634000,2634000,"Grand Rapids city, Michigan",187961,8600,130126,8397,37125,3375,934,498,1933,907,60,101,11256,3032,6527,1743,739,592,5788,1733
1600000US2642160,2642160,"Kalamazoo city, Michigan",70399,4382,50383,4173,15251,2567,939,545,1045,689,0,242,1292,942,1489,643,102,167,1387,615
1600000US2646000,2646000,"Lansing city, Michigan",104071,5710,68977,4933,20203,2207,485,442,3353,1434,453,373,2544,1291,8056,1684,2199,1256,5857,1381
1600000US2649000,2649000,"Livonia city, Michigan",101938,6761,95525,6391,1867,997,172,216,3006,1564,0,242,187,313,1181,579,49,81,1132,571
1600000US2665440,2665440,"Pontiac city, Michigan",58877,5676,20521,2827,28237,4716,484,666,1099,994,0,242,3430,1510,5106,1760,637,689,4469,1596
1600000US2669035,2669035,"Rochester Hills city, Michigan",73733,4644,60788,4333,1917,831,0,242,9367,2020,0,242,401,435,1260,866,216,265,1044,824
1600000US2674900,2674900,"Southfield city, Michigan",72221,6165,21915,3145,46184,5495,0,242,2280,1268,0,242,275,291,1567,619,140,231,1427,586
1600000US2676460,2676460,"Sterling Heights city, Michigan",123589,6119,106191,6087,5366,2037,942,864,8787,2205,0,242,500,392,1803,874,171,168,1632,837
1600000US2680700,2680700,"Troy city, Michigan",81098,5008,61462,4436,2655,1519,361,393,13406,2526,0,242,809,738,2405,842,182,181,2223,783
1600000US2684000,2684000,"Warren city, Michigan",132150,6418,107106,6146,16062,3596,445,343,4703,1371,0,242,914,1034,2920,1861,0,242,2920,1861
1600000US2684220,2684220,"Waterford CDP, Michigan",70678,4540,63294,4441,4296,2261,603,788,870,713,0,242,368,406,1247,612,0,242,1247,612
1600000US2685510,2685510,"West Bloomfield Township CDP, Michigan",68662,5203,56958,5566,5832,2155,196,197,4764,1512,0,242,515,800,397,335,34,56,363,334
1600000US2686000,2686000,"Westland city, Michigan",91208,7331,71745,6377,13685,3042,152,248,1623,783,0,242,1130,883,2873,1539,385,408,2488,1362
1600000US2688940,2688940,"Wyoming city, Michigan",73128,5895,55392,4841,4284,2453,976,1087,913,783,0,242,10532,3938,1031,551,482,426,549,379
1600000US2706616,2706616,"Bloomington city, Minnesota",81129,4773,69043,4370,3259,1215,335,488,4429,1821,0,211,3058,2100,1005,493,274,295,731,454
1600000US2707966,2707966,"Brooklyn Park city, Minnesota",73637,5991,41401,3965,14429,3159,38,60,15465,3657,0,211,750,893,1554,1022,88,144,1466,1016
1600000US2717000,2717000,"Duluth city, Minnesota",84497,4318,77409,4051,1683,749,2253,746,1400,313,0,211,0,211,1752,928,240,231,1512,820
1600000US2743000,2743000,"Minneapolis city, Minnesota",360914,10146,254566,8858,65715,4637,7321,1663,15835,2956,30,51,7708,2393,9739,1902,1040,763,8699,1817
1600000US2751730,2751730,"Plymouth city, Minnesota",72898,5111,63189,4351,2456,1819,140,176,4801,1716,0,211,1065,972,1247,974,142,228,1105,939
1600000US2754880,2754880,"Rochester city, Minnesota",101659,3195,88310,2760,4287,1296,291,228,6281,976,0,211,566,490,1924,784,407,619,1517,549
1600000US2756896,2756896,"St. Cloud city, Minnesota",61827,3590,54357,3460,3827,893,352,386,2777,751,0,211,0,211,514,384,0,211,514,384
1600000US2758000,2758000,"St. Paul city, Minnesota",268962,7563,182810,6383,34356,3286,2011,742,33756,2763,32,57,3932,1742,12065,2986,1160,717,10905,2905
1600000US2829700,2829700,"Gulfport city, Mississippi",62589,6596,35914,5372,23034,3347,413,345,619,498,0,287,701,553,1908,1202,344,476,1564,1058
1600000US2836000,2836000,"Jackson city, Mississippi",173957,5058,34780,3140,135372,4587,161,258,1056,699,0,287,2001,1257,587,548,59,100,528,536
1600000US2915670,2915670,"Columbia city, Missouri",95782,4273,76695,3882,10106,1355,273,169,3547,771,48,81,659,400,4454,1258,262,318,4192,1244
1600000US2935000,2935000,"Independence city, Missouri",113900,6977,103922,6951,4595,2000,131,117,1438,782,122,205,930,543,2762,1216,0,257,2762,1216
1600000US2938000,2938000,"Kansas City city, Missouri",436402,10869,276114,10090,122503,5426,2144,930,9192,1603,784,1037,13182,3375,12483,2565,910,569,11573,2502
1600000US2941348,2941348,"Lee's Summit city, Missouri",96561,6196,83583,5398,7863,3726,38,64,1296,792,76,127,532,394,3173,1280,613,714,2560,1038
1600000US2954074,2954074,"O'Fallon city, Missouri",73657,5650,67518,5532,3591,1585,88,129,1477,883,0,257,132,163,851,539,161,198,690,500
1600000US2964550,2964550,"St. Joseph city, Missouri",74419,2675,66945,2683,3802,589,256,314,489,178,0,257,1056,939,1871,732,42,69,1829,716
1600000US2965000,2965000,"St. Louis city, Missouri",354361,*****,165930,1301,169519,2000,879,574,6794,551,174,297,2239,1189,8826,2286,620,478,8206,2234
1600000US2970000,2970000,"Springfield city, Missouri",152065,5425,139207,5492,5260,1225,815,485,1645,582,186,297,883,507,4069,1108,252,240,3817,1048
1600000US3006550,3006550,"Billings city, Montana",101995,3863,90755,3451,1562,724,4094,1583,1063,619,313,363,1624,1073,2584,1547,92,119,2492,1541
1600000US3050200,3050200,"Missoula city, Montana",61755,3646,56378,3485,689,247,1960,854,927,595,0,235,861,663,940,740,0,235,940,740
1600000US3128000,3128000,"Lincoln city, Nebraska",251526,2753,225249,2824,7566,1110,746,461,9268,596,93,150,1614,752,6990,1740,877,647,6113,1546
1600000US3137000,3137000,"Omaha city, Nebraska",388874,4881,294715,5496,49275,2926,1638,625,8364,1204,267,424,22455,3636,12160,2315,1761,906,10399,2134
1600000US3223770,3223770,"Enterprise CDP, Nevada",92656,8498,66960,7748,5070,1841,658,543,13876,2629,422,302,2427,2068,3243,1060,270,244,2973,1009
1600000US3231900,3231900,"Henderson city, Nevada",243106,10656,196417,8817,13781,3354,1268,633,15142,2937,1213,710,7092,2853,8193,2244,1384,679,6809,2216
1600000US3240000,3240000,"Las Vegas city, Nevada",577419,17594,434199,17903,58740,7739,1774,859,33623,4418,2790,1302,25890,5338,20403,3463,3197,1661,17206,3061
1600000US3251800,3251800,"North Las Vegas city, Nevada",225111,12232,148851,11272,38249,5293,2642,1913,12913,3101,1428,953,12797,3105,8231,2007,363,420,7868,2011
1600000US3254600,3254600,"Paradise CDP, Nevada",195256,11070,142782,9347,18507,4149,2555,1128,12600,2749,376,288,12707,4079,5729,1581,1538,1335,4191,1075
1600000US3260600,3260600,"Reno city, Nevada",221124,7571,178820,8290,7506,1290,1679,832,15225,2139,1530,633,11550,3911,4814,1165,965,571,3849,1062
1600000US3268400,3268400,"Sparks city, Nevada",81808,6409,67898,5968,1939,995,2353,1139,3065,1739,341,378,4010,2033,2202,830,1180,605,1022,573
1600000US3268585,3268585,"Spring Valley CDP, Nevada",161133,9556,116766,8094,11853,3525,1946,1125,20596,3578,1164,1098,3381,1448,5427,1466,1965,1115,3462,938
1600000US3271400,3271400,"Sunrise Manor CDP, Nevada",191195,13864,139195,11440,16736,3661,1142,773,12563,3271,1071,557,12622,3434,7866,2289,1534,944,6332,2016
1600000US3345140,3345140,"Manchester city, New Hampshire",107028,6424,95586,6177,4286,1517,126,156,2732,1000,74,119,2089,1346,2135,827,153,190,1982,779
1600000US3350260,3350260,"Nashua city, New Hampshire",86590,5522,73682,5439,2840,1207,186,203,6862,1818,142,175,877,935,2001,1278,398,490,1603,1119
1600000US3410000,3410000,"Camden city, New Jersey",75456,5501,13352,3480,39918,4431,1510,1315,1646,1181,0,277,17348,3324,1682,1240,1245,1003,437,444
1600000US3413690,3413690,"Clifton city, New Jersey",72306,6201,53168,5304,5194,2299,0,277,4606,1656,0,277,7712,2828,1626,936,124,160,1502,907
1600000US3420260,3420260,"Edison CDP, New Jersey",112198,8768,52951,5837,15978,4691,242,215,40066,4638,0,277,1003,622,1958,972,1178,841,780,531
1600000US3421000,3421000,"Elizabeth city, New Jersey",126132,6870,59663,5928,30201,4403,637,693,1932,997,0,277,30433,4679,3266,1871,2200,1587,1066,912
1600000US3436000,3436000,"Jersey City city, New Jersey",229007,7979,85982,6135,62138,3290,837,576,46446,3484,0,277,27536,5301,6068,1727,2053,1067,4015,1324
1600000US3451000,3451000,"Newark city, New Jersey",264128,9867,80405,6226,142403,7716,221,175,4910,2125,0,277,27103,4845,9086,2315,1429,755,7657,2213
1600000US3456550,3456550,"Passaic city, New Jersey",64270,7620,16412,4959,6516,2653,52,85,5753,2256,0,277,33348,6140,2189,1336,631,445,1558,1357
1600000US3457000,3457000,"Paterson city, New Jersey",148985,7800,36215,5864,47662,3941,0,277,3775,1770,174,271,57795,7351,3364,1825,484,562,2880,1727
1600000US3473110,3473110,"Toms River CDP, New Jersey",91704,5580,86408,5583,882,579,183,269,1633,1408,0,277,1056,1346,1542,677,522,449,1020,527
1600000US3474000,3474000,"Trenton city, New Jersey",83052,5312,31792,4207,43394,4503,1404,1498,50,84,0,277,4382,2047,2030,1369,301,375,1729,1348
1600000US3474630,3474630,"Union City city, New Jersey",63280,5952,48590,5789,3867,1641,0,277,747,402,0,277,8900,3003,1176,988,373,402,803,877
1600000US3502000,3502000,"Albuquerque city, New Mexico",514895,7897,366424,8508,19336,1605,23811,3615,13192,1122,58,97,77154,7948,14920,2554,4749,1295,10171,2176
1600000US3539380,3539380,"Las Cruces city, New Mexico",94551,6261,82543,6308,3455,635,1721,713,1070,497,0,279,4567,1385,1195,597,385,299,810,548
1600000US3563460,3563460,"Rio Rancho city, New Mexico",80859,3607,62015,3861,2312,821,2370,1499,1196,542,0,279,9168,2552,3798,1327,944,525,2854,1217
1600000US3570500,3570500,"Santa Fe city, New Mexico",68359,4620,59803,4292,0,279,632,397,949,499,0,279,3258,1251,3717,2570,1623,1979,2094,1028
1600000US3601000,3601000,"Albany city, New York",91497,4435,52342,3983,25740,2145,481,496,4558,1363,0,277,5046,1983,3330,1223,479,402,2851,1152
1600000US3611000,3611000,"Buffalo city, New York",263366,8797,144274,8176,100730,4330,1734,980,3561,1037,0,277,8887,2219,4180,1348,722,499,3458,1376
1600000US3615000,3615000,"Cheektowaga CDP, New York",78214,5795,65617,5128,9343,3498,221,276,1292,767,66,111,1128,1217,547,323,80,117,467,308
1600000US3649121,3649121,"Mount Vernon city, New York",66622,5869,15701,3263,42143,4110,42,68,1001,781,0,277,6175,2317,1560,846,48,81,1512,842
1600000US3650617,3650617,"New Rochelle city, New York",72424,6008,46919,5312,17122,3314,49,83,1858,843,0,277,3673,1712,2803,1393,983,765,1820,1191
1600000US3651000,3651000,"New York city, New York",8363710,*****,3824780,24507,2140091,14640,31342,4562,997629,6903,3717,1830,1166532,30696,199619,12249,79786,7501,119833,8617
1600000US3663000,3663000,"Rochester city, New York",190732,7601,88787,6731,81708,4343,942,500,4647,1517,0,277,10047,2978,4601,1263,1044,599,3557,1059
1600000US3673000,3673000,"Syracuse city, New York",134217,5404,81367,5292,38590,2646,1304,709,5334,1072,0,277,1636,644,5986,1883,500,414,5486,1771
1600000US3684000,3684000,"Yonkers city, New York",199168,11299,119798,8647,44066,5906,105,130,13167,2859,52,84,19478,5181,2502,1243,1006,721,1496,982
1600000US3702140,3702140,"Asheville city, North Carolina",75819,4747,61196,4773,10634,1886,426,337,987,548,0,289,780,742,1796,1088,365,461,1431,856
1600000US3710740,3710740,"Cary town, North Carolina",117118,6604,90636,6115,7541,2406,697,605,13858,2314,171,305,2691,1936,1524,781,0,289,1524,781
1600000US3712000,3712000,"Charlotte city, North Carolina",685002,11342,379967,9746,230527,6154,2508,658,27189,3231,319,325,31128,5642,13364,2719,1583,1184,11781,2541
1600000US3714100,3714100,"Concord city, North Carolina",72110,4850,55122,4113,10711,2789,0,289,1050,1093,685,879,2506,1850,2036,1136,179,323,1857,1122
1600000US3719000,3719000,"Durham city, North Carolina",217621,6136,96061,5040,87390,2486,545,368,10476,1086,0,289,18053,3608,5096,1610,564,561,4532,1506
1600000US3722920,3722920,"Fayetteville city, North Carolina",174697,7270,78696,6333,76422,4179,778,402,4882,898,651,316,4426,1540,8842,2181,952,638,7890,2194
1600000US3725580,3725580,"Gastonia city, North Carolina",66981,5666,42813,4575,17699,2471,269,217,616,483,0,289,4903,1749,681,562,443,506,238,245
1600000US3728000,3728000,"Greensboro city, North Carolina",244092,7813,124622,5734,99208,5559,765,404,9461,2433,30,51,6977,2741,3029,1270,642,564,2387,1199
1600000US3728080,3728080,"Greenville city, North Carolina",73104,4655,41098,3625,28431,2955,202,253,1129,662,0,289,966,878,1278,610,0,289,1278,610
1600000US3731400,3731400,"High Point city, North Carolina",97766,7403,52489,4042,34291,5256,337,318,4383,2144,60,102,5098,2047,1108,555,71,112,1037,564
1600000US3734200,3734200,"Jacksonville city, North Carolina",65947,5601,41122,4443,16687,2674,273,290,1465,560,72,93,3819,1267,2509,975,276,285,2233,934
1600000US3755000,3755000,"Raleigh city, North Carolina",368350,12091,223328,9361,107050,6420,938,525,12392,2222,42,71,19645,4836,4955,1462,664,416,4291,1531
1600000US3774440,3774440,"Wilmington city, North Carolina",103160,5340,78044,4743,18663,2892,342,353,1526,811,0,289,1257,772,3328,1954,581,692,2747,1806
1600000US3775000,3775000,"Winston-Salem city, North Carolina",220434,6553,112944,5629,78194,2913,789,360,3199,875,0,289,22737,4177,2571,1334,583,591,1988,1049
1600000US3825700,3825700,"Fargo city, North Dakota",97863,2496,90368,2558,2774,449,1397,428,2247,269,162,259,48,83,867,468,0,208,867,468
1600000US3901000,3901000,"Akron city, Ohio",201807,7797,128500,6937,63431,3143,350,322,4693,1709,0,265,1498,920,3335,1324,281,247,3054,1319
1600000US3912000,3912000,"Canton city, Ohio",68507,5128,50562,4670,13090,1938,502,384,329,282,0,265,169,201,3855,1344,84,143,3771,1335
1600000US3915000,3915000,"Cincinnati city, Ohio",294771,11116,151389,7420,131569,7859,830,444,3153,1122,0,265,3386,2121,4444,1417,51,62,4393,1414
1600000US3916000,3916000,"Cleveland city, Ohio",408101,10371,172712,8173,213803,7559,1260,600,6346,1964,0,265,5919,2066,8061,1947,871,463,7190,1904
1600000US3918000,3918000,"Columbus city, Ohio",740086,11562,482317,11922,193250,5127,1697,700,31666,3082,0,265,10167,3087,20989,3108,1677,793,19312,3012
1600000US3921000,3921000,"Dayton city, Ohio",143974,7059,78767,5441,59997,4456,0,265,963,381,0,265,1417,1376,2830,1042,349,472,2481,942
1600000US3944856,3944856,"Lorain city, Ohio",64813,5057,42535,3827,9855,2691,829,683,364,406,0,265,6695,1929,4535,1577,1057,555,3478,1462
1600000US3961000,3961000,"Parma city, Ohio",82461,4972,76646,4730,1870,1441,70,82,2664,1279,0,265,341,395,870,616,58,97,812,598
1600000US3977000,3977000,"Toledo city, Ohio",283772,6171,194123,6393,74485,2396,236,194,4017,1235,0,265,4529,1348,6382,2041,516,386,5866,1958
1600000US3988000,3988000,"Youngstown city, Ohio",69005,3766,32898,3825,31738,1817,460,434,54,90,0,265,568,422,3287,1255,511,695,2776,1262
1600000US4009050,4009050,"Broken Arrow city, Oklahoma",98088,7087,81185,5852,5729,2657,4575,2017,1819,714,506,677,1228,834,3046,1049,174,232,2872,1024
1600000US4023200,4023200,"Edmond city, Oklahoma",86112,6809,71594,5784,5673,2654,966,437,3857,1684,0,248,231,205,3791,1270,259,235,3532,1225
1600000US4041850,4041850,"Lawton city, Oklahoma",88142,2446,57098,2401,17553,1770,3084,965,1803,292,126,138,2100,1098,6378,1762,245,318,6133,1772
1600000US4052500,4052500,"Norman city, Oklahoma",103343,6107,85104,5216,4316,1591,3352,966,3484,1023,57,93,805,522,6225,1345,353,259,5872,1358
1600000US4055000,4055000,"Oklahoma City city, Oklahoma",546873,12100,368664,9883,77904,4947,14589,2217,23444,2908,440,424,28600,3838,33232,4595,2732,1328,30500,4447
1600000US4075000,4075000,"Tulsa city, Oklahoma",388890,7586,270208,8051,60268,3552,13013,1832,9007,1480,101,123,11365,3457,24928,3317,2013,1112,22915,2951
1600000US4105350,4105350,"Beaverton city, Oregon",89344,6853,65462,5571,874,804,3712,2441,10448,2986,847,775,5457,3106,2544,1007,480,609,2064,937
1600000US4105800,4105800,"Bend city, Oregon",74536,5269,69259,5100,558,422,309,375,1274,594,119,123,405,364,2612,820,154,150,2458,809
1600000US4123850,4123850,"Eugene city, Oregon",154132,6568,135891,6653,2190,1378,1484,1284,7999,1541,111,185,1640,975,4817,1329,370,314,4447,1270
1600000US4131250,4131250,"Gresham city, Oregon",106605,7411,86025,7152,2209,877,5935,3107,3716,1309,79,143,4449,2604,4192,2069,156,189,4036,2055
1600000US4134100,4134100,"Hillsboro city, Oregon",96430,7395,74569,7508,1530,1658,1714,1517,7692,2171,284,354,7087,3142,3554,1620,961,796,2593,1304
1600000US4147000,4147000,"Medford city, Oregon",76767,5242,71216,5316,299,254,521,494,1470,1125,0,275,533,425,2728,882,326,512,2402,786
1600000US4159000,4159000,"Portland city, Oregon",560194,7618,442864,7051,35805,2361,5303,1871,35660,2402,2796,490,13399,4127,24367,3310,2499,1108,21868,3036
1600000US4164900,4164900,"Salem city, Oregon",151387,9694,130965,9631,2257,687,3669,2112,2760,880,1165,515,6000,1995,4571,1352,292,229,4279,1316
1600000US4202000,4202000,"Allentown city, Pennsylvania",114210,6097,74021,5508,14138,2446,283,319,2685,994,0,242,19972,3933,3111,1320,468,379,2643,1326
1600000US4206088,4206088,"Bethlehem city, Pennsylvania",72368,5319,59580,5093,3517,1545,107,184,2568,1019,0,242,5170,2282,1426,794,387,257,1039,775
1600000US4224000,4224000,"Erie city, Pennsylvania",100066,4805,80135,4444,14652,1411,117,211,973,431,0,242,1734,1313,2455,1068,446,532,2009,873
1600000US4260000,4260000,"Philadelphia city, Pennsylvania",1447395,*****,614069,6077,628302,5079,5301,1881,80091,1755,177,256,91406,7219,28049,4177,5613,1528,22436,3628
1600000US4261000,4261000,"Pittsburgh city, Pennsylvania",297187,9494,198742,8654,80577,5439,252,208,9787,1703,74,121,1543,1247,6212,1582,360,275,5852,1557
1600000US4263624,4263624,"Reading city, Pennsylvania",80560,5312,44492,5311,10616,2506,122,190,641,515,338,578,20675,3499,3676,1441,1245,749,2431,1177
1600000US4269000,4269000,"Scranton city, Pennsylvania",71336,4073,66617,3830,1589,1065,220,188,1374,681,305,520,882,407,349,249,175,166,174,196
1600000US4419180,4419180,"Cranston city, Rhode Island",77693,6129,62949,5376,3107,1628,523,582,4729,1804,0,287,5362,2431,1023,531,440,368,583,352
1600000US4454640,4454640,"Pawtucket city, Rhode Island",70086,6120,51232,4853,10630,2734,327,254,744,668,0,287,5796,1826,1357,689,723,542,634,361
1600000US4459000,4459000,"Providence city, Rhode Island",171128,7781,86056,6746,22214,3297,1894,981,11073,1966,0,287,43005,4955,6886,2316,3058,1655,3828,1712
1600000US4513330,4513330,"Charleston city, South Carolina",113234,6629,74305,5191,34880,4735,116,146,1551,536,42,71,1747,1568,593,325,121,139,472,292
1600000US4516000,4516000,"Columbia city, South Carolina",114405,6645,58796,4064,49914,5040,205,172,2208,643,0,287,1127,467,2155,818,385,261,1770,783
1600000US4548535,4548535,"Mount Pleasant town, South Carolina",67095,5251,63871,5291,1474,942,0,287,671,471,0,287,100,128,979,573,145,129,834,572
1600000US4550875,4550875,"North Charleston city, South Carolina",90397,7191,42381,4488,43110,4797,802,382,1868,757,0,287,1317,1158,919,567,82,137,837,569
1600000US4561405,4561405,"Rock Hill city, South Carolina",64555,5749,36564,4586,24855,2918,0,287,882,631,0,287,1521,1109,733,462,0,287,733,462
1600000US4652980,4652980,"Rapid City city, South Dakota",61230,3371,50600,3171,918,629,6139,744,447,571,0,223,258,244,2868,1435,517,695,2351,1043
1600000US4659020,4659020,"Sioux Falls city, South Dakota",151855,3726,134977,4248,4806,1129,3688,797,2740,723,0,223,2090,1749,3554,1479,534,625,3020,1281
1600000US4714000,4714000,"Chattanooga city, Tennessee",163516,6126,97287,5799,57901,2863,320,188,3051,868,112,193,2583,1556,2262,1247,0,281,2262,1247
1600000US4715160,4715160,"Clarksville city, Tennessee",120169,3532,82459,3474,29368,1470,757,433,3019,555,0,281,1540,902,3026,1105,524,524,2502,924
1600000US4740000,4740000,"Knoxville city, Tennessee",180178,7092,144212,6962,27172,3089,171,240,1744,789,0,281,552,430,6327,2582,834,1024,5493,2357
1600000US4748000,4748000,"Memphis city, Tennessee",635626,10510,200175,7833,400621,7189,915,465,10599,2148,41,68,14096,3445,9179,2420,484,340,8695,2307
1600000US4751560,4751560,"Murfreesboro city, Tennessee",96360,5994,72708,5489,15328,2521,102,119,2982,947,0,281,2483,1257,2757,1859,614,850,2143,1537
1600000US4752006,4752006,"Nashville-Davidson metropolitan government (balance), Tennessee",601129,3403,390754,4360,166146,3053,2136,779,19111,1046,0,281,14117,3785,8865,2568,1475,928,7390,2459
1600000US4801000,4801000,"Abilene city, Texas",117843,3064,95781,3403,10877,893,693,691,1561,475,0,291,6210,1907,2721,1151,629,674,2092,905
1600000US4801924,4801924,"Allen city, Texas",77119,5641,60779,5416,6133,2480,290,410,6234,2308,0,291,988,681,2695,1022,644,842,2051,940
1600000US4803000,4803000,"Amarillo city, Texas",184710,5066,152734,5479,13265,956,1710,681,4640,665,273,342,8506,2632,3582,1260,1558,903,2024,826
1600000US4804000,4804000,"Arlington city, Texas",355641,12873,220688,10123,57255,7566,1703,955,27572,4000,532,660,39623,8876,8268,2155,1629,1026,6639,1848
1600000US4805000,4805000,"Austin city, Texas",777783,11390,530237,13701,62057,4200,2503,1044,43245,3734,295,318,120620,10236,18826,3460,4776,1601,14050,3129
1600000US4806128,4806128,"Baytown city, Texas",82816,8796,55492,7080,14469,5038,314,326,1808,1713,0,291,8037,2921,2696,1969,1237,987,1459,1627
1600000US4807000,4807000,"Beaumont city, Texas",115053,7046,48042,4469,58675,4763,237,232,2997,1164,0,291,3670,1628,1432,713,187,229,1245,621
1600000US4810768,4810768,"Brownsville city, Texas",177859,9026,163950,8784,579,496,285,382,1440,1019,0,291,10520,3165,1085,829,484,298,601,731
1600000US4810912,4810912,"Bryan city, Texas",68481,4940,48311,4454,11733,1888,351,232,403,334,0,291,6673,2281,1010,680,423,433,587,514
1600000US4813024,4813024,"Carrollton city, Texas",121256,8832,90589,7193,10630,2916,676,718,12785,3154,0,291,4917,2106,1659,702,346,367,1313,576
1600000US4815976,4815976,"College Station city, Texas",83200,4331,66353,4054,5032,1470,128,122,6909,770,138,168,2148,1118,2492,1253,436,394,2056,1217
1600000US4817000,4817000,"Corpus Christi city, Texas",285147,4991,247424,6443,13132,898,1350,686,3286,547,0,291,15362,3064,4593,1334,1115,557,3478,1185
1600000US4819000,4819000,"Dallas city, Texas",1227082,23776,726034,22108,276864,12440,4650,1796,33741,4684,669,579,167073,15510,18051,4298,8016,3341,10035,2164
1600000US4819972,4819972,"Denton city, Texas",115022,9035,79967,7526,10380,1882,363,327,4712,2794,0,291,14424,4742,5176,1852,922,729,4254,1690
1600000US4824000,4824000,"El Paso city, Texas",602422,8447,491880,9524,19608,1454,2589,946,7291,1094,106,186,67080,6667,13868,2341,6950,1822,6918,1576
1600000US4826232,4826232,"Flower Mound town, Texas",64836,5739,55827,5774,1988,1375,18,34,3006,2064,0,291,1171,795,2826,2054,807,741,2019,1961
1600000US4827000,4827000,"Fort Worth city, Texas",677897,14471,442902,16716,122477,6914,3575,1639,24879,4151,71,128,71850,9625,12143,2679,3987,1824,8156,2161
1600000US4827684,4827684,"Frisco city, Texas",104826,7408,83339,6790,7587,2532,370,548,7709,2392,0,291,2593,1585,3228,1500,406,311,2822,1465
1600000US4829000,4829000,"Garland city, Texas",234003,14458,104642,7354,27353,4580,1191,670,23445,4806,667,890,65023,10300,11682,4465,2782,1472,8900,3841
1600000US4830464,4830464,"Grand Prairie city, Texas",172747,11705,111077,9400,29420,5999,1454,1440,11148,2707,0,291,15429,4908,4219,1583,515,378,3704,1580
1600000US4835000,4835000,"Houston city, Texas",2023601,27497,1125647,23863,478336,13039,7460,2675,110850,7008,988,776,277762,17977,22558,3820,6975,1604,15583,3341
1600000US4837000,4837000,"Irving city, Texas",204806,11835,119313,9562,21689,3936,1132,864,22346,3842,0,291,36711,7066,3615,1350,1328,778,2287,1049
1600000US4839148,4839148,"Killeen city, Texas",106368,7076,54142,5424,36229,4197,734,858,4655,1364,223,359,3665,1196,6720,2030,958,568,5762,1904
1600000US4841464,4841464,"Laredo city, Texas",220232,3503,205261,4866,446,587,534,416,1381,1023,703,813,10804,3046,1103,512,566,390,537,325
1600000US4841980,4841980,"League City city, Texas",77409,5949,63701,4684,4617,1909,89,158,4887,1094,0,291,2521,1803,1594,886,326,336,1268,745
1600000US4842508,4842508,"Lewisville city, Texas",87207,7855,54505,5534,10151,3695,138,141,6224,2368,0,291,9641,3854,6548,3038,1098,782,5450,2903
1600000US4843888,4843888,"Longview city, Texas",78476,4260,53963,3800,18514,1772,181,317,340,288,0,291,4493,1672,985,644,137,238,848,617
1600000US4845000,4845000,"Lubbock city, Texas",213165,5226,179239,5560,16321,1573,948,373,3987,434,0,291,7250,2265,5420,1625,1691,810,3729,1376
1600000US4845384,4845384,"McAllen city, Texas",128705,8914,109757,8314,1032,811,197,232,3574,1319,0,291,13337,4143,808,732,721,722,87,146
1600000US4845744,4845744,"McKinney city, Texas",129629,9950,103481,8876,16266,3735,531,472,5149,2188,0,291,1825,1188,2377,1151,516,665,1861,881
1600000US4847892,4847892,"Mesquite city, Texas",145798,12660,93675,9574,31979,6825,481,345,3993,2018,0,291,14257,4726,1413,720,498,413,915,528
1600000US4848072,4848072,"Midland city, Texas",106723,3396,90314,3568,9517,996,370,333,536,643,0,291,3946,1513,2040,947,558,451,1482,726
1600000US4848804,4848804,"Missouri City city, Texas",73938,8606,30053,6563,27892,5667,491,551,13114,4505,0,291,1581,1505,807,481,233,286,574,401
1600000US4852356,4852356,"North Richland Hills city, Texas",61165,5313,48125,3822,2670,1428,109,114,1473,1299,0,291,7863,3226,925,533,312,325,613,432
1600000US4853388,4853388,"Odessa city, Texas",99318,4631,81334,5230,4856,873,714,832,514,554,0,291,9283,2681,2617,760,613,489,2004,616
1600000US4856000,4856000,"Pasadena city, Texas",163119,10652,113116,10111,3154,1339,1843,1065,2952,1706,0,291,39296,7204,2758,1278,1497,953,1261,740
1600000US4856348,4856348,"Pearland city, Texas",85496,6440,54422,5428,15020,3114,0,291,8464,1667,50,87,4729,2292,2811,1305,585,519,2226,1217
1600000US4858016,4858016,"Plano city, Texas",259305,10919,193933,10395,16312,3558,899,675,41547,4297,39,70,3192,1079,3383,1208,552,426,2831,1126
1600000US4861796,4861796,"Richardson city, Texas",102331,7429,76814,7450,7769,2992,348,385,14324,3416,0,291,1179,965,1897,1432,42,68,1855,1434
1600000US4863500,4863500,"Round Rock city, Texas",89789,7114,69068,6791,9446,2098,458,311,3867,1407,0,291,3611,1473,3339,1689,469,418,2870,1608
1600000US4864472,4864472,"San Angelo city, Texas",88843,3500,75470,3712,4270,849,690,554,459,355,124,155,5385,1927,2445,858,301,263,2144,782
1600000US4865000,4865000,"San Antonio city, Texas",1292997,12644,1000208,18111,83838,5896,8948,1999,25922,2583,1350,656,137810,12872,34921,5388,12727,2690,22194,4552
1600000US4870808,4870808,"Sugar Land city, Texas",68691,6835,41379,4893,4197,1724,25,51,21070,3888,35,57,1185,927,800,599,253,308,547,535
1600000US4874144,4874144,"Tyler city, Texas",87099,5304,58643,4274,21114,2870,85,119,915,722,0,291,5460,2586,882,601,381,481,501,426
1600000US4876000,4876000,"Waco city, Texas",121308,5917,81571,5107,26882,2142,932,708,2421,863,0,291,7527,2314,1975,985,575,469,1400,689
1600000US4879000,4879000,"Wichita Falls city, Texas",105938,2226,83267,2965,13982,419,498,289,2723,471,39,73,3844,1352,1585,673,387,402,1198,600
1600000US4943660,4943660,"Layton city, Utah",62154,4122,56339,4536,1093,715,217,401,1308,621,466,442,2019,1029,712,545,217,279,495,413
1600000US4955980,4955980,"Ogden city, Utah",86262,5086,77910,5212,2472,1048,426,401,1238,710,740,646,2138,1213,1338,606,393,304,945,525
1600000US4957300,4957300,"Orem city, Utah",92505,5602,81805,5727,853,773,576,449,1742,926,0,263,4971,2069,2558,1246,74,123,2484,1231
1600000US4962470,4962470,"Provo city, Utah",128914,7534,113888,6789,1131,516,671,505,2821,1344,1554,833,4836,2379,4013,1410,529,379,3484,1305
1600000US4965330,4965330,"St. George city, Utah",77352,4641,68197,4562,869,980,1646,1138,1135,406,103,188,4334,1394,1068,801,165,148,903,770
1600000US4967000,4967000,"Salt Lake City city, Utah",185411,10311,157972,8824,6031,2436,1536,858,7567,1897,3346,1984,4549,1996,4410,1754,862,541,3548,1614
1600000US4967440,4967440,"Sandy city, Utah",89288,6532,81931,6233,988,753,135,173,2830,1447,437,497,663,666,2304,1073,631,390,1673,927
1600000US4982950,4982950,"West Jordan city, Utah",112314,8748,98511,7622,636,565,1018,955,2866,1430,4477,2372,2297,1064,2509,1278,164,206,2345,1244
1600000US4983470,4983470,"West Valley City city, Utah",120335,9185,99063,8436,2531,1906,932,848,5870,1849,5306,2687,4023,1644,2610,1006,425,266,2185,992
1600000US5101000,5101000,"Alexandria city, Virginia",143885,*****,93795,2765,30651,597,704,929,8096,827,0,285,7911,2680,2728,1091,223,340,2505,1047
1600000US5103000,5103000,"Arlington CDP, Virginia",209969,*****,151714,3717,16849,803,64,107,20230,793,0,285,16835,4099,4277,1296,1081,789,3196,983
1600000US5116000,5116000,"Chesapeake city, Virginia",220111,*****,139638,1077,65246,1224,1033,599,5641,493,78,128,4077,1245,4398,1644,430,302,3968,1570
1600000US5135000,5135000,"Hampton city, Virginia",145494,*****,68243,964,70388,1343,633,339,2857,476,267,408,520,503,2586,966,180,186,2406,923
1600000US5147672,5147672,"Lynchburg city, Virginia",73839,3139,49311,2868,20939,1223,74,78,1550,451,57,93,836,756,1072,598,0,285,1072,598
1600000US5156000,5156000,"Newport News city, Virginia",179614,*****,90635,1429,75657,1651,345,277,5563,714,146,177,2707,1054,4561,1325,204,197,4357,1338
1600000US5157000,5157000,"Norfolk city, Virginia",234220,*****,113979,1654,104741,1258,1516,445,7115,570,11,20,2390,1317,4468,1555,614,762,3854,1394
1600000US5164000,5164000,"Portsmouth city, Virginia",100577,*****,43485,610,52467,1977,294,189,944,765,0,285,588,612,2799,1934,738,522,2061,1764
1600000US5167000,5167000,"Richmond city, Virginia",202002,*****,87620,1423,102642,1471,675,594,3432,313,111,180,3572,1427,3950,1293,700,689,3250,1136
1600000US5168000,5168000,"Roanoke city, Virginia",92967,*****,64406,569,25409,920,72,121,1341,285,0,285,471,444,1268,802,257,195,1011,793
1600000US5176432,5176432,"Suffolk city, Virginia",82302,*****,45183,601,34017,988,46,82,1228,145,0,285,151,214,1677,916,0,285,1677,916
1600000US5182000,5182000,"Virginia Beach city, Virginia",433746,*****,303491,2362,83815,2131,1147,722,24589,1021,135,151,4740,1946,15829,2553,2489,1263,13340,2246
1600000US5305210,5305210,"Bellevue city, Washington",116202,6525,79575,5388,1873,1138,39,67,28528,3827,40,67,840,615,5307,1666,439,321,4868,1621
1600000US5305280,5305280,"Bellingham city, Washington",74655,4392,65857,4136,292,265,733,664,4288,1318,35,64,696,893,2754,1244,829,772,1925,929
1600000US5322640,5322640,"Everett city, Washington",104838,8487,84919,7472,4098,1913,670,431,5704,1904,353,316,5372,2722,3722,1418,121,114,3601,1422
1600000US5323515,5323515,"Federal Way city, Washington",87117,7665,54781,5070,7055,2855,1066,671,12841,3025,1038,1141,5338,3188,4998,1828,854,686,4144,1597
1600000US5335415,5335415,"Kent city, Washington",88599,7527,55430,5936,8786,3231,693,458,11169,3301,1377,1310,7127,3264,4017,1411,789,731,3228,1156
1600000US5363000,5363000,"Seattle city, Washington",582490,13979,426767,12057,46824,6080,5007,1335,71242,5949,1985,955,8273,2889,22392,2687,1914,835,20478,2790
1600000US5367000,5367000,"Spokane city, Washington",208088,8138,184259,8125,5339,1498,2925,931,4106,1417,1156,161,1780,1183,8523,1961,609,387,7914,1951
1600000US5367167,5367167,"Spokane Valley city, Washington",84696,5085,78896,4904,573,419,538,312,1588,966,0,271,1047,743,2054,681,232,240,1822,605
1600000US5370000,5370000,"Tacoma city, Washington",194069,10082,132978,7686,21275,2792,3042,1045,13402,2178,1723,1236,6614,2344,15035,2726,774,589,14261,2556
1600000US5374060,5374060,"Vancouver city, Washington",167098,9191,141547,8525,6574,1442,1308,812,6676,1713,462,434,4335,2141,6196,1726,400,440,5796,1660
1600000US5380010,5380010,"Yakima city, Washington",84525,6528,56190,5587,1209,715,1011,735,484,338,396,737,22846,4544,2389,1027,402,485,1987,932
1600000US5502375,5502375,"Appleton city, Wisconsin",69709,4167,62645,3897,315,475,531,411,4214,1013,0,216,202,204,1802,899,86,143,1716,900
1600000US5522300,5522300,"Eau Claire city, Wisconsin",62351,2863,57043,2851,977,221,609,254,3048,650,0,216,71,116,603,482,91,103,512,452
1600000US5531000,5531000,"Green Bay city, Wisconsin",99903,4731,86349,4464,1592,1076,3822,1063,3409,872,265,270,2115,1330,2351,1029,501,472,1850,900
1600000US5539225,5539225,"Kenosha city, Wisconsin",95680,4381,75033,4154,9544,717,368,264,1905,666,0,216,7331,2231,1499,736,341,283,1158,663
1600000US5548000,5548000,"Madison city, Wisconsin",223895,7065,186420,6154,14244,1936,431,439,14486,1754,0,216,2891,1465,5423,1423,153,184,5270,1388
1600000US5553000,5553000,"Milwaukee city, Wisconsin",581099,8192,295000,8106,222448,3945,5137,1105,18058,2324,337,321,23843,3681,16276,2871,2069,950,14207,2623
1600000US5566000,5566000,"Racine city, Wisconsin",77216,4133,53050,3902,15688,1805,0,216,96,112,0,216,5134,1851,3248,1364,277,229,2971,1319
1600000US5584250,5584250,"Waukesha city, Wisconsin",67431,5084,61089,5026,1764,760,53,67,2314,928,0,216,451,372,1760,1147,248,401,1512,985
