GEO.id,GEO.id2,GEO.display-label,HD01_VD01,HD02_VD01,HD01_VD02,HD02_VD02,HD01_VD03,HD02_VD03,HD01_VD04,HD02_VD04,HD01_VD05,HD02_VD05,HD01_VD06,HD02_VD06,HD01_VD07,HD02_VD07,HD01_VD08,HD02_VD08,HD01_VD09,HD02_VD09,HD01_VD10,HD02_VD10
Id,Id2,Geography,Estimate; Total:,Margin of Error; Total:,Estimate; Total: - White alone,Margin of Error; Total: - White alone,Estimate; Total: - Black or African American alone,Margin of Error; Total: - Black or African American alone,Estimate; Total: - American Indian and Alaska Native alone,Margin of Error; Total: - American Indian and Alaska Native alone,Estimate; Total: - Asian alone,Margin of Error; Total: - Asian alone,Estimate; Total: - Native Hawaiian and Other Pacific Islander alone,Margin of Error; Total: - Native Hawaiian and Other Pacific Islander alone,Estimate; Total: - Some other race alone,Margin of Error; Total: - Some other race alone,Estimate; Total: - Two or more races:,Margin of Error; Total: - Two or more races:,Estimate; Total: - Two or more races: - Two races including Some other race,Margin of Error; Total: - Two or more races: - Two races including Some other race,"Estimate; Total: - Two or more races: - Two races excluding Some other race, and three or more races","Margin of Error; Total: - Two or more races: - Two races excluding Some other race, and three or more races"
1600000US0107000,0107000,"Birmingham city, Alabama",212744,1671,52427,5140,151314,5049,380,392,2474,805,271,457,2718,1663,3160,1356,201,276,2959,1307
1600000US0121184,0121184,"Dothan city, Alabama",67526,580,43454,1325,21741,1182,71,91,674,203,0,200,99,98,1487,514,62,107,1425,476
1600000US0135896,0135896,"Hoover city, Alabama",84937,66,63947,3189,12888,3340,109,145,5581,1785,0,200,612,568,1800,999,476,649,1324,783
1600000US0137000,0137000,"Huntsville city, Alabama",195369,1502,119757,4664,61312,3548,421,300,5429,1144,0,200,3022,1515,5428,1607,593,430,4835,1621
1600000US0150000,0150000,"Mobile city, Alabama",190273,44,81651,4151,99489,4295,313,265,3073,1131,0,200,2076,1168,3671,1510,239,311,3432,1459
1600000US0151000,0151000,"Montgomery city, Alabama",199525,34,67441,2187,120350,2535,311,466,5906,793,51,100,2034,964,3432,1303,676,520,2756,1187
1600000US0177256,0177256,"Tuscaloosa city, Alabama",100296,38,49185,3438,46562,3181,755,909,1861,1001,115,137,162,288,1656,1082,631,957,1025,558
1600000US0203000,0203000,"Anchorage municipality, Alaska",294356,*****,182307,2690,14810,1511,22906,4057,31646,2025,7791,477,7077,1855,27819,4431,1618,1027,26201,4262
1600000US0404720,0404720,"Avondale city, Arizona",84034,49,62317,4338,7312,2613,1827,1671,1480,699,577,586,7240,2573,3281,1086,677,540,2604,946
1600000US0407940,0407940,"Buckeye city, Arizona",68431,80,44922,5692,3115,1488,1216,910,3620,2607,286,267,12758,4856,2514,1146,963,594,1551,1014
1600000US0410670,0410670,"Casas Adobes CDP, Arizona",73668,5807,61536,5639,2214,1542,878,619,3515,1791,49,81,2178,910,3298,1145,824,619,2474,1005
1600000US0412000,0412000,"Chandler city, Arizona",253448,54,196427,5327,15065,3615,1914,1087,25208,3542,507,768,4233,1379,10094,2107,2099,1081,7995,1864
1600000US0423620,0423620,"Flagstaff city, Arizona",71975,21,61793,1948,1083,521,2739,921,1978,847,318,334,623,379,3441,1189,244,259,3197,1169
1600000US0427400,0427400,"Gilbert town, Arizona",242362,55,205175,4898,6401,2251,1662,1079,12125,2670,62,84,6395,2658,10542,2671,2421,1967,8121,2044
1600000US0427820,0427820,"Glendale city, Arizona",246708,45,184004,7229,19568,5095,5090,2348,11402,2861,1682,1746,14856,3496,10106,2751,2200,869,7906,2692
1600000US0428380,0428380,"Goodyear city, Arizona",79850,40,57322,4673,6981,3149,2066,1958,4449,2106,28,53,6250,3448,2754,1101,374,330,2380,1088
1600000US0446000,0446000,"Mesa city, Arizona",496395,55,397828,8268,18938,4078,10060,2373,10121,1979,1798,894,38260,6199,19390,4060,2875,1272,16515,3665
1600000US0454050,0454050,"Peoria city, Arizona",168174,53,140642,4018,4747,1827,1012,592,7522,2325,670,553,7025,2644,6556,1815,1246,531,5310,1818
1600000US0455000,0455000,"Phoenix city, Arizona",1626085,78,1192925,18710,117767,8005,32710,4685,65216,6300,3595,1913,146078,13951,67794,6903,12338,3531,55456,6672
1600000US0464210,0464210,"San Tan Valley CDP, Arizona",92851,8533,79989,7826,2960,1710,435,387,2466,1367,150,192,1839,1295,5012,3131,813,1111,4199,2944
1600000US0465000,0465000,"Scottsdale city, Arizona",249947,34,222396,5228,6400,3479,1705,1322,11946,3237,0,208,2325,1270,5175,1419,639,555,4536,1458
1600000US0471510,0471510,"Surprise city, Arizona",134079,38,117253,3701,4734,1970,670,520,2941,1550,0,208,5438,2428,3043,1273,594,549,2449,1137
1600000US0473000,0473000,"Tempe city, Arizona",185025,60,124167,6424,12084,2772,5579,2734,14652,3131,408,472,20933,5734,7202,2206,1867,1584,5335,1497
1600000US0477000,0477000,"Tucson city, Arizona",535676,56,384608,8094,25645,2510,22287,4805,16624,2380,1059,723,53889,6267,31564,3901,7428,1868,24136,3722
1600000US0485540,0485540,"Yuma city, Arizona",95494,40,72401,3938,3450,1183,1988,1155,2479,560,49,86,10364,2989,4763,1486,1059,1011,3704,1125
1600000US0515190,0515190,"Conway city, Arkansas",65790,33,48700,2798,11499,2124,0,201,1718,279,0,201,2045,2096,1828,1283,358,400,1470,1184
1600000US0523290,0523290,"Fayetteville city, Arkansas",85258,27,66523,3308,7168,1284,564,372,3808,1361,116,147,3977,2578,3102,1511,20,43,3082,1515
1600000US0524550,0524550,"Fort Smith city, Arkansas",88028,36,55749,2021,7696,1256,894,366,4727,1128,0,201,11945,1915,7017,1743,538,539,6479,1686
1600000US0535710,0535710,"Jonesboro city, Arkansas",75867,20,54217,1138,13312,1749,91,106,1293,358,37,66,2344,1103,4573,1714,199,246,4374,1700
1600000US0541000,0541000,"Little Rock city, Arkansas",198594,49,98811,5162,83208,5209,643,713,6819,1569,208,331,3223,1901,5682,2334,858,1084,4824,2240
1600000US0550450,0550450,"North Little Rock city, Arkansas",65920,35,28265,3440,35057,3468,78,131,598,617,0,201,724,637,1198,728,25,46,1173,729
1600000US0560410,0560410,"Rogers city, Arkansas",66432,25,58015,1930,1727,1052,591,460,2252,1117,648,644,1206,738,1993,843,493,419,1500,783
1600000US0566080,0566080,"Springdale city, Arkansas",82397,3967,49554,7026,881,601,595,479,1203,856,4498,1450,21440,5131,4226,2582,94,154,4132,2550
1600000US0600562,0600562,"Alameda city, California",79188,53,39284,3063,6644,2359,806,766,21911,3294,153,141,4126,1757,6264,2134,485,471,5779,1858
1600000US0600884,0600884,"Alhambra city, California",85391,41,17762,2559,865,504,298,214,49306,3513,1080,1422,14124,2838,1956,872,474,463,1482,726
1600000US0602000,0602000,"Anaheim city, California",352456,165,216356,8977,9839,2483,1425,935,58649,6071,949,836,51682,7315,13556,2571,4348,1572,9208,2063
1600000US0602252,0602252,"Antioch city, California",111683,51,45547,4702,21708,4547,391,418,14582,3414,883,1108,17101,4944,11471,3416,2107,1161,9364,3333
1600000US0602364,0602364,"Apple Valley town, California",73071,26,60108,3292,5977,2280,417,400,2047,1290,0,210,971,563,3551,1760,746,665,2805,1686
1600000US0602553,0602553,"Arden-Arcade CDP, California",100573,7428,62910,5133,9676,2936,343,294,6852,2095,385,573,11296,3480,9111,2548,945,639,8166,2469
1600000US0603526,0603526,"Bakersfield city, California",380887,64,261398,7646,28892,3628,2100,812,27391,3573,1005,471,47158,5867,12943,2647,3228,1243,9715,2277
1600000US0603666,0603666,"Baldwin Park city, California",76392,46,28529,4365,1968,1240,1803,1217,12779,3154,1566,1568,28001,4470,1746,826,1557,863,189,216
1600000US0604982,0604982,"Bellflower city, California",77772,32,25783,3346,11024,2728,324,273,9004,2492,826,1273,27827,4351,2984,1203,476,376,2508,1056
1600000US0606000,0606000,"Berkeley city, California",122334,48,70633,3450,11277,2994,681,464,23736,2566,859,529,5889,1567,9259,1599,832,436,8427,1599
1600000US0608786,0608786,"Buena Park city, California",83026,50,39156,5582,3900,1728,1845,1884,22018,4283,273,298,12082,4043,3752,1713,977,1053,2775,1279
1600000US0608954,0608954,"Burbank city, California",104823,45,78485,4227,4692,2382,426,374,11319,3020,0,210,3811,1730,6090,1787,889,470,5201,1732
1600000US0610046,0610046,"Camarillo city, California",67849,33,50762,3051,1043,732,736,556,9342,2475,529,512,1987,1200,3450,1725,0,210,3450,1725
1600000US0611194,0611194,"Carlsbad city, California",115326,43,97240,4239,1239,1121,249,279,9781,3315,317,495,1933,1104,4567,1532,190,225,4377,1512
1600000US0611390,0611390,"Carmichael CDP, California",65959,5778,51028,5413,2261,1144,265,179,5244,1743,0,210,1429,793,5732,1848,187,211,5545,1838
1600000US0611530,0611530,"Carson city, California",92736,28,31449,5197,19033,4004,601,807,23926,4026,391,303,10423,3573,6913,3354,1185,991,5728,3230
1600000US0611964,0611964,"Castro Valley CDP, California",62103,4515,36970,3694,6056,3132,850,619,11831,2542,254,211,2330,1276,3812,1432,129,150,3683,1440
1600000US0613014,0613014,"Chico city, California",93297,29,76299,2554,2499,797,658,424,5603,1399,37,64,4349,1505,3852,1319,696,636,3156,1124
1600000US0613210,0613210,"Chino city, California",89798,39,44957,5038,5569,1255,518,571,11883,2722,1093,1072,21312,4409,4466,1015,1616,581,2850,797
1600000US0613214,0613214,"Chino Hills city, California",80400,97,41622,4507,2157,1476,346,355,27344,3869,0,210,6239,3589,2692,1098,956,677,1736,829
1600000US0613392,0613392,"Chula Vista city, California",270450,88,176339,9162,18102,4833,2083,1923,37656,7867,2113,1309,20379,5116,13778,2935,2873,1173,10905,2843
1600000US0613588,0613588,"Citrus Heights city, California",87924,37,70644,2934,3976,1809,444,331,2556,958,100,122,5000,2260,5204,1796,891,539,4313,1623
1600000US0614218,0614218,"Clovis city, California",109700,47,80735,4578,2310,1565,670,508,11095,2830,939,663,9033,2719,4918,1765,1878,1308,3040,1027
1600000US0615044,0615044,"Compton city, California",97626,57,26264,4739,29429,4717,489,558,215,234,36,65,39738,4507,1455,1084,943,961,512,414
1600000US0616000,0616000,"Concord city, California",129778,39,81463,6222,4141,2281,520,412,18456,3611,0,210,18844,4923,6354,1590,651,424,5703,1500
1600000US0616350,0616350,"Corona city, California",167843,48,94255,5885,13462,5064,471,287,15363,3259,616,492,35455,5627,8221,2467,3557,1561,4664,1837
1600000US0616532,0616532,"Costa Mesa city, California",113821,34,88167,3767,1947,1013,253,313,8762,2064,1594,1321,8852,3141,4246,1443,1017,686,3229,1187
1600000US0617918,0617918,"Daly City city, California",107091,58,19476,4087,3727,1657,578,460,61641,4712,263,423,13791,3918,7615,2294,1738,953,5877,2245
1600000US0618100,0618100,"Davis city, California",68985,23,44617,2798,1702,717,416,312,13918,1928,120,159,2202,933,6010,1855,429,361,5581,1803
1600000US0619766,0619766,"Downey city, California",113089,35,63809,6520,3376,1840,187,185,6764,2363,488,598,34438,6488,4027,1676,1711,1120,2316,1357
1600000US0620802,0620802,"East Los Angeles CDP, California",125542,10161,60719,8640,433,331,1950,1108,1848,1028,86,141,58541,6759,1965,910,925,639,1040,645
1600000US0621712,0621712,"El Cajon city, California",103906,47,76897,4194,6852,2352,324,317,4629,1654,342,393,8474,2923,6388,1785,1084,742,5304,1735
1600000US0622020,0622020,"Elk Grove city, California",171831,66,82224,5387,17204,3717,754,375,47526,5135,4009,1819,6412,2321,13702,2510,2438,1134,11264,2179
1600000US0622230,0622230,"El Monte city, California",116110,38,33074,5097,418,329,285,332,33636,4740,1446,1145,45034,6255,2217,1081,500,327,1717,1023
1600000US0622804,0622804,"Escondido city, California",151979,43,98442,6289,2727,1067,742,651,7580,2256,203,152,34749,6197,7536,2250,1742,1025,5794,2104
1600000US0623182,0623182,"Fairfield city, California",116280,64,52035,4515,19051,3231,761,718,21796,3707,2020,1221,11166,3836,9451,2323,1999,1195,7452,2015
1600000US0624638,0624638,"Folsom city, California",78038,28,53706,3154,2124,818,204,263,14335,2512,278,389,1620,601,5771,2036,259,300,5512,2045
1600000US0624680,0624680,"Fontana city, California",211820,42,80867,7935,19848,5465,1860,1308,10043,2642,155,243,88001,9451,11046,2825,3999,1487,7047,2332
1600000US0626000,0626000,"Fremont city, California",234954,45,52702,5643,4687,2361,1063,592,144089,7259,859,585,18902,5269,12652,2548,3323,1734,9329,1779
1600000US0627000,0627000,"Fresno city, California",527422,75,318521,8478,40511,3032,5852,1924,74388,4817,378,246,63495,7852,24277,3882,5997,1690,18280,3532
1600000US0628000,0628000,"Fullerton city, California",140402,52,76933,6164,3773,1166,214,265,34268,3998,514,450,17623,5062,7077,2127,1572,979,5505,1918
1600000US0629000,0629000,"Garden Grove city, California",174228,39,68564,6634,1675,955,493,618,77498,5270,257,217,22121,5833,3620,1248,652,504,2968,1129
1600000US0630000,0630000,"Glendale city, California",203066,53,156970,5351,4640,1836,411,421,26417,4586,248,304,6839,1879,7541,2510,1368,965,6173,2151
1600000US0632548,0632548,"Hawthorne city, California",87863,44,22725,3898,23290,4184,220,360,9894,2999,330,310,28168,5191,3236,1431,782,625,2454,1526
1600000US0633000,0633000,"Hayward city, California",160485,61,48180,5169,14771,3236,1022,622,42564,5064,2870,1290,38331,5048,12747,3294,2539,1349,10208,3221
1600000US0633182,0633182,"Hemet city, California",85153,41,60697,5050,7500,3811,1236,806,2755,1144,18,38,8791,2847,4156,1568,1888,1149,2268,1125
1600000US0633434,0633434,"Hesperia city, California",94867,39,79894,3816,3881,2482,206,278,2780,1389,0,210,5546,1789,2560,1183,1193,931,1367,853
1600000US0636000,0636000,"Huntington Beach city, California",201882,52,148792,5595,2786,1709,1207,885,24391,3436,357,384,14024,5395,10325,2145,1624,1048,8701,1896
1600000US0636448,0636448,"Indio city, California",89784,36,56831,4356,1843,1000,220,326,1797,1376,5,12,26716,4248,2372,1098,983,704,1389,701
1600000US0636546,0636546,"Inglewood city, California",110611,49,29996,4685,44973,5266,2076,1503,2236,1506,2292,2843,26345,4930,2693,1023,544,314,2149,994
1600000US0636770,0636770,"Irvine city, California",277436,56,128892,8321,5095,2115,519,490,115202,9201,838,903,12083,5528,14807,3491,2271,1258,12536,3300
1600000US0637692,0637692,"Jurupa Valley city, California",106032,29,47876,5675,5673,2511,836,1029,3361,1527,218,220,43078,5579,4990,2008,2167,1396,2823,1250
1600000US0639248,0639248,"Laguna Niguel city, California",66346,47,48362,3552,410,399,0,210,9148,2317,118,192,3420,2642,4888,1522,423,449,4465,1436
1600000US0639486,0639486,"Lake Elsinore city, California",66412,34,24543,3939,4369,2432,193,301,6395,3038,0,210,28498,5326,2414,1353,801,665,1613,1134
1600000US0639496,0639496,"Lake Forest city, California",84308,60,53423,3593,1378,1297,2417,1879,18601,2923,0,210,4843,2676,3646,1152,414,352,3232,1194
1600000US0639892,0639892,"Lakewood city, California",80971,37,41190,4214,7167,2493,610,616,14937,4086,275,286,11871,3106,4921,1713,1191,752,3730,1501
1600000US0640130,0640130,"Lancaster city, California",160323,38,106113,6582,25151,5165,1483,785,8771,2455,273,446,11606,2867,6926,1790,1554,801,5372,1567
1600000US0641992,0641992,"Livermore city, California",90290,32,70091,3720,1463,758,300,353,11672,3129,567,477,1876,1056,4321,1732,733,772,3588,1365
1600000US0642202,0642202,"Lodi city, California",65891,39,39984,4018,2108,2357,574,549,5901,1681,230,292,2708,1165,14386,3534,193,224,14193,3532
1600000US0643000,0643000,"Long Beach city, California",469459,61,238911,10081,59564,7000,3116,1246,63147,6972,3307,1581,84441,9196,16973,2365,3906,1072,13067,2133
1600000US0644000,0644000,"Los Angeles city, California",3999742,78,2033975,25090,362079,12120,24208,4615,461936,15188,6170,2018,972167,29928,139207,9533,31465,5415,107742,7919
1600000US0644574,0644574,"Lynwood city, California",71115,62,30033,4583,3951,1163,564,688,989,632,0,210,35341,4539,237,215,54,65,183,206
1600000US0645022,0645022,"Madera city, California",65506,22,36986,5110,3772,1175,951,828,1125,938,0,210,21786,4737,886,881,216,260,670,824
1600000US0645484,0645484,"Manteca city, California",79275,38,54173,4009,3174,1601,522,610,8739,2978,234,265,6248,2447,6185,1982,1537,766,4648,1735
1600000US0646842,0646842,"Menifee city, California",90599,35,55172,5489,5124,1555,660,482,5851,2195,346,456,18718,5267,4728,2070,644,603,4084,1987
1600000US0646898,0646898,"Merced city, California",83100,62,55398,3060,3894,1203,976,1074,13136,2355,180,232,6345,1887,3171,1473,457,311,2714,1479
1600000US0647766,0647766,"Milpitas city, California",78108,32,13303,3004,4659,2569,279,443,48321,4652,535,682,5822,2865,5189,1711,1889,1506,3300,1122
1600000US0648256,0648256,"Mission Viejo city, California",96009,42,74049,3697,1204,719,912,744,11182,2753,65,106,4256,2031,4341,1339,365,529,3976,1248
1600000US0648354,0648354,"Modesto city, California",214220,33,162820,5591,10793,2470,1960,1027,14679,2787,3436,964,10687,2921,9845,2460,1479,875,8366,2181
1600000US0649270,0649270,"Moreno Valley city, California",207211,65,63448,6723,33951,4521,1562,836,12551,3444,1309,1268,89740,7622,4650,1307,1146,486,3504,1203
1600000US0649670,0649670,"Mountain View city, California",81443,37,40671,4113,727,425,59,99,30286,3199,95,158,6554,3614,3051,1088,461,405,2590,986
1600000US0650076,0650076,"Murrieta city, California",113316,44,71478,6083,5587,2122,898,629,10028,3063,248,244,12556,4688,12521,4253,755,651,11766,4272
1600000US0650258,0650258,"Napa city, California",79782,43,66162,3302,281,210,392,431,2199,896,89,205,8002,3342,2657,1079,371,312,2286,1039
1600000US0651182,0651182,"Newport Beach city, California",86151,33,76827,2931,740,756,50,108,5446,2566,140,211,496,435,2452,1036,464,385,1988,927
1600000US0652526,0652526,"Norwalk city, California",106086,35,34159,4495,3163,1255,194,241,14663,3277,505,420,51117,5696,2285,1083,1332,790,953,580
1600000US0653000,0653000,"Oakland city, California",425204,66,145499,7468,99476,5797,3160,1458,66084,5393,2696,1270,76105,8083,32184,3914,8080,2527,24104,3120
1600000US0653322,0653322,"Oceanside city, California",176208,61,123081,6681,8764,3635,2542,1336,13959,3259,780,892,16758,4925,10324,2360,1997,1027,8327,2056
1600000US0653896,0653896,"Ontario city, California",175850,50,87432,7332,8992,2954,3680,2572,12443,3391,167,233,55589,7895,7547,2041,2298,1066,5249,1785
1600000US0653980,0653980,"Orange city, California",140557,42,102233,5429,1622,928,643,394,15686,3250,155,191,15638,4997,4580,1382,858,599,3722,1255
1600000US0654652,0654652,"Oxnard city, California",210038,46,159828,6442,6028,1936,4205,2133,14600,3568,332,314,19521,4779,5524,1636,1417,870,4107,1450
1600000US0655156,0655156,"Palmdale city, California",157507,52,63013,6546,20850,4309,2421,2062,6503,2326,962,1043,54460,6790,9298,2882,6299,2481,2999,1185
1600000US0655282,0655282,"Palo Alto city, California",67170,37,39822,3208,1523,1012,308,410,22124,3184,0,210,776,597,2617,1237,444,396,2173,1177
1600000US0656000,0656000,"Pasadena city, California",142632,58,73484,5368,11871,3109,285,301,24827,3660,140,168,25556,5353,6469,1792,939,705,5530,1529
1600000US0656700,0656700,"Perris city, California",77895,55,22714,4869,4340,2310,0,210,1760,1229,50,82,47006,5146,2025,1707,1173,1491,852,850
1600000US0657456,0657456,"Pittsburg city, California",72157,60,22539,4129,11469,2880,1379,1120,10808,3034,938,1099,15085,3490,9939,2672,2241,1066,7698,2420
1600000US0657792,0657792,"Pleasanton city, California",83007,29,47515,3683,2310,1584,436,370,25903,3691,508,559,1412,795,4923,1683,1065,822,3858,1425
1600000US0658072,0658072,"Pomona city, California",152946,46,64665,5869,9026,2497,5203,2557,19266,3740,21,45,48805,6351,5960,2042,3197,1835,2763,1210
1600000US0659444,0659444,"Rancho Cordova city, California",73554,46,44847,3716,7369,2325,311,260,6900,1977,756,703,8620,3114,4751,1289,187,240,4564,1265
1600000US0659451,0659451,"Rancho Cucamonga city, California",177446,43,103013,8415,15006,4971,1378,921,28111,5731,122,157,17570,4687,12246,3347,5674,2738,6572,1870
1600000US0659920,0659920,"Redding city, California",91788,35,78930,1503,1247,587,2958,1290,4440,899,36,66,1064,569,3113,1011,361,321,2752,997
1600000US0659962,0659962,"Redlands city, California",71562,37,45420,5184,7518,3944,499,530,8278,3202,0,210,5754,2886,4093,1644,1175,775,2918,1415
1600000US0660018,0660018,"Redondo Beach city, California",67908,29,46860,3176,2084,1458,186,233,8835,2307,126,205,5258,2607,4559,1196,325,280,4234,1118
1600000US0660102,0660102,"Redwood City city, California",86683,29,51897,3771,2666,1150,301,298,12529,1928,334,444,14455,3676,4501,1363,605,573,3896,1224
1600000US0660466,0660466,"Rialto city, California",103555,41,60269,4972,14523,2995,1052,1041,2918,1930,0,210,20679,3967,4114,1707,2010,1113,2104,1139
1600000US0660620,0660620,"Richmond city, California",110037,44,54084,5850,20340,3726,619,571,14423,3415,394,433,13346,4638,6831,2094,913,666,5918,1983
1600000US0662000,0662000,"Riverside city, California",327722,56,157604,10503,21930,5439,2603,2058,27379,4912,399,291,104410,12360,13397,2867,5933,2054,7464,1667
1600000US0662938,0662938,"Roseville city, California",135325,37,106343,3444,3064,1024,1179,828,13869,2362,1484,2092,3897,2001,5489,1687,779,581,4710,1485
1600000US0664000,0664000,"Sacramento city, California",501890,66,207994,8440,70339,5704,5008,1937,94903,6819,10238,2491,75531,7631,37877,4798,6267,1705,31610,4535
1600000US0664224,0664224,"Salinas city, California",157594,26,49310,5013,2119,1090,346,295,8140,1821,111,142,92166,5341,5402,1792,2184,1206,3218,1239
1600000US0665000,0665000,"San Bernardino city, California",216983,67,128647,8677,28292,4624,1136,616,7598,2246,169,170,39202,6577,11939,3861,1812,1089,10127,3743
1600000US0665042,0665042,"San Buenaventura (Ventura) city, California",110784,41,95897,2793,2765,1105,396,373,3192,1225,0,210,3016,1239,5518,1650,1412,973,4106,1222
1600000US0665084,0665084,"San Clemente city, California",65269,23,54593,3105,214,232,153,243,2638,1356,40,72,4628,3238,3003,1390,997,809,2006,1225
1600000US0666000,0666000,"San Diego city, California",1419488,92,916430,14932,87393,6430,8562,2194,243458,11641,6322,1932,82926,10249,74397,6923,10771,2802,63626,6387
1600000US0667000,0667000,"San Francisco city, California",884363,*****,402967,4706,45815,1894,3078,1385,306459,3901,3639,715,71647,6371,50758,5983,10525,4160,40233,4848
1600000US0668000,0668000,"San Jose city, California",1035353,114,404330,12840,29587,3790,7629,2414,368311,10254,4733,1614,165217,11935,55546,5319,12463,2557,43083,5102
1600000US0668084,0668084,"San Leandro city, California",90555,29,34188,4612,8223,2499,925,461,33444,4492,1297,789,5851,2167,6627,2261,1112,838,5515,2015
1600000US0668196,0668196,"San Marcos city, California",96188,48,75554,3849,1484,876,895,551,8332,2352,61,103,3771,2003,6091,2197,1114,802,4977,1976
1600000US0668252,0668252,"San Mateo city, California",104733,53,55238,4059,1506,1193,516,396,24734,3577,3662,2507,13289,4360,5788,1352,847,526,4941,1288
1600000US0668378,0668378,"San Ramon city, California",75922,41,27953,2767,2639,1652,415,439,37802,2956,385,426,1308,527,5420,1344,440,582,4980,1273
1600000US0669000,0669000,"Santa Ana city, California",334135,56,117032,10113,2941,943,1034,684,40138,5180,1325,1304,166819,10072,4846,1714,2155,1057,2691,1051
1600000US0669070,0669070,"Santa Barbara city, California",92099,30,70084,3712,2055,1081,175,253,3388,1376,0,210,13765,3719,2632,1044,340,447,2292,933
1600000US0669084,0669084,"Santa Clara city, California",127131,41,46236,4541,5371,2778,163,195,57272,4538,209,255,10486,3730,7394,1781,720,494,6674,1680
1600000US0669088,0669088,"Santa Clarita city, California",210886,49,146368,5561,8669,2565,3012,1854,25851,4377,178,191,13017,3213,13791,3134,2455,1111,11336,3095
1600000US0669112,0669112,"Santa Cruz city, California",65028,29,47951,2337,928,433,361,344,7182,1211,135,183,4740,2194,3731,1126,592,519,3139,1012
1600000US0669196,0669196,"Santa Maria city, California",107018,27,86766,4129,1209,719,766,510,6187,1965,0,210,8078,3119,4012,1789,369,430,3643,1785
1600000US0670000,0670000,"Santa Monica city, California",92298,35,66344,3393,3901,1732,42,69,9734,2806,204,233,5034,2307,7039,1896,919,644,6120,1909
1600000US0670098,0670098,"Santa Rosa city, California",175269,33,110856,6332,5482,1318,2992,1157,9507,2061,1674,640,34238,6323,10520,2576,2837,1936,7683,2438
1600000US0672016,0672016,"Simi Valley city, California",126875,40,100179,3622,1960,875,260,210,14097,2874,41,67,5036,1724,5302,1255,789,503,4513,1185
1600000US0673080,0673080,"South Gate city, California",95422,41,56213,5348,668,455,1210,838,851,770,0,210,34736,5432,1744,835,931,590,813,583
1600000US0673262,0673262,"South San Francisco city, California",67430,29,17540,3038,1566,1001,296,290,31033,4983,693,843,12811,4147,3491,1568,178,224,3313,1569
1600000US0675000,0675000,"Stockton city, California",310476,88,123347,7298,38074,3792,1477,705,65267,7272,2042,1209,40195,6527,40074,5692,2414,925,37660,5648
1600000US0677000,0677000,"Sunnyvale city, California",153656,37,58210,5105,2617,1584,650,464,72824,5692,271,284,11103,4043,7981,1909,1893,1210,6088,1424
1600000US0678120,0678120,"Temecula city, California",114318,51,75762,5449,5282,2465,542,435,8152,2208,217,271,14297,4217,10066,3050,3631,1932,6435,2198
1600000US0678582,0678582,"Thousand Oaks city, California",128972,78,104797,4269,1651,752,469,461,13264,3806,68,127,2312,1354,6411,1828,637,418,5774,1814
1600000US0680000,0680000,"Torrance city, California",146745,47,65609,5622,4005,1543,497,334,57265,5722,702,759,8931,3381,9736,2214,1511,1106,8225,2110
1600000US0680238,0680238,"Tracy city, California",90886,36,51081,5876,4056,1722,147,148,16604,4987,1805,1103,9360,3644,7833,2520,1456,878,6377,2323
1600000US0680812,0680812,"Turlock city, California",73562,34,53363,3966,1015,740,450,392,5300,1999,70,130,9307,2693,4057,1754,1712,1294,2345,1203
1600000US0680854,0680854,"Tustin city, California",80502,35,37692,4809,4376,2743,225,418,20709,3847,0,210,13142,4014,4358,2127,1791,1697,2567,1168
1600000US0681204,0681204,"Union City city, California",75344,28,15649,2335,3990,1539,598,571,42816,3785,1143,887,7322,2936,3826,1237,1675,922,2151,873
1600000US0681344,0681344,"Upland city, California",76985,55,52750,4036,2703,1366,452,447,6696,1982,0,210,9005,3055,5379,2043,1455,1001,3924,1740
1600000US0681554,0681554,"Vacaville city, California",100023,45,68360,3932,9904,2406,247,212,6489,1626,869,702,6979,3068,7175,2146,689,437,6486,2050
1600000US0681666,0681666,"Vallejo city, California",122086,86,40919,4948,23854,3388,437,451,28037,3583,1136,783,20401,5029,7302,1582,1211,558,6091,1373
1600000US0682590,0682590,"Victorville city, California",122465,86,79084,6635,12637,4428,545,580,5983,2791,190,245,15103,4171,8923,3467,1428,1085,7495,3332
1600000US0682954,0682954,"Visalia city, California",133009,39,92946,5924,3170,1589,1247,610,6728,2371,0,210,20743,4952,8175,2376,2375,1217,5800,2273
1600000US0682996,0682996,"Vista city, California",101557,42,87494,2787,2963,1463,221,194,3590,1297,94,156,4244,1702,2951,1118,647,399,2304,994
1600000US0683346,0683346,"Walnut Creek city, California",69792,72,47144,2750,2136,2082,302,309,13445,2210,161,227,1677,1051,4927,1710,889,974,4038,1515
1600000US0684200,0684200,"West Covina city, California",107623,88,34334,4363,4719,1802,694,435,35971,4461,182,179,26846,5307,4877,1955,1952,1593,2925,1024
1600000US0684550,0684550,"Westminster city, California",91548,62,34597,5226,874,538,953,828,46642,5044,237,248,4786,2400,3459,1869,312,250,3147,1858
1600000US0685292,0685292,"Whittier city, California",86841,36,41768,4735,1030,1112,483,445,4302,1549,13,23,35529,5199,3716,1515,2612,1441,1104,563
1600000US0686832,0686832,"Yorba Linda city, California",68234,43,50526,2996,747,745,27,44,14127,2653,130,196,315,249,2362,1010,183,184,2179,972
1600000US0686972,0686972,"Yuba City city, California",66872,47,41889,2086,2153,476,1107,363,13897,1417,583,769,2961,1496,4282,1512,620,471,3662,1444
1600000US0803455,0803455,"Arvada city, Colorado",118300,1124,108552,2542,1141,919,679,513,2789,1302,0,200,1976,1118,3163,1059,467,404,2696,979
1600000US0804000,0804000,"Aurora city, Colorado",367250,738,228065,6329,58459,5136,3015,1552,28722,3556,1049,349,30150,5680,17790,2548,3923,1776,13867,1970
1600000US0807850,0807850,"Boulder city, Colorado",107128,28,93877,1676,1379,468,126,174,5503,1016,7,15,1384,832,4852,1309,302,276,4550,1284
1600000US0809280,0809280,"Broomfield city, Colorado",68341,*****,58633,1141,1028,264,330,218,4591,647,0,200,537,351,3222,1245,597,532,2625,1198
1600000US0812815,0812815,"Centennial city, Colorado",110277,100,96566,2420,3851,1622,41,66,4008,1009,44,89,3023,1703,2744,808,227,242,2517,766
1600000US0816000,0816000,"Colorado Springs city, Colorado",464470,44,365865,7241,26209,3889,5133,1786,11075,1862,2375,1270,24382,5845,29431,4914,4392,1500,25039,4700
1600000US0820000,0820000,"Denver city, Colorado",704621,*****,531343,6930,64231,2605,7422,1745,27131,1391,1165,871,49098,6234,24231,3804,4385,1120,19846,3394
1600000US0827425,0827425,"Fort Collins city, Colorado",165089,43,147787,2308,3192,1035,1853,736,5214,1261,164,162,1575,707,5304,1650,279,255,5025,1644
1600000US0832155,0832155,"Greeley city, Colorado",105457,43,92366,2836,2061,966,856,528,1245,841,0,200,6726,2404,2203,923,599,512,1604,720
1600000US0836410,0836410,"Highlands Ranch CDP, Colorado",107216,4910,93488,4839,1453,651,519,503,6893,1504,0,200,1013,629,3850,1239,311,275,3539,1207
1600000US0843000,0843000,"Lakewood city, Colorado",154952,41,136697,2961,1564,791,2380,1324,5217,1337,0,200,3796,1926,5298,1305,691,467,4607,1263
1600000US0845970,0845970,"Longmont city, Colorado",94145,44,82029,2306,890,568,749,639,3243,1178,0,200,3567,1708,3667,1494,665,653,3002,1246
1600000US0846465,0846465,"Loveland city, Colorado",76702,25,72986,1527,143,196,707,964,825,633,0,200,995,731,1046,642,170,178,876,595
1600000US0862000,0862000,"Pueblo city, Colorado",111121,32,83058,3377,2652,960,5538,1916,1229,680,99,88,13496,3111,5049,1451,951,629,4098,1233
1600000US0877290,0877290,"Thornton city, Colorado",136992,63,119386,2714,3327,1747,814,717,6542,2047,0,200,3396,1438,3527,1176,1255,832,2272,873
1600000US0883835,0883835,"Westminster city, Colorado",112814,38,95774,3142,1402,591,983,724,7128,2573,134,159,3282,1846,4111,1414,399,372,3712,1307
1600000US0908000,0908000,"Bridgeport city, Connecticut",146582,33,60706,5220,52238,5784,916,615,5253,2123,0,207,21283,4774,6186,1770,1915,1120,4271,1342
1600000US0918430,0918430,"Danbury city, Connecticut",85243,30,48940,5624,9630,3623,62,120,5377,1930,0,207,19383,4872,1851,776,260,309,1591,714
1600000US0937000,0937000,"Hartford city, Connecticut",123420,72,34203,3835,44676,4236,156,193,4629,1844,0,207,31363,4425,8393,2429,3982,1520,4411,1779
1600000US0950370,0950370,"New Britain city, Connecticut",72718,40,53936,3931,9531,3352,0,207,2381,1686,0,207,4750,1873,2120,970,103,171,2017,960
1600000US0952000,0952000,"New Haven city, Connecticut",131005,44,56692,5148,46115,4524,72,115,6400,1211,0,207,17033,4589,4693,1564,1599,1038,3094,1282
1600000US0955990,0955990,"Norwalk city, Connecticut",89000,29,65239,4015,12457,3778,464,498,3668,1178,58,97,4678,2357,2436,909,530,446,1906,753
1600000US0973000,0973000,"Stamford city, Connecticut",130835,52,88082,5648,10602,2498,1060,1223,11484,2434,161,263,16241,4708,3205,1869,745,779,2460,1502
1600000US0980000,0980000,"Waterbury city, Connecticut",108642,54,66360,4965,20073,4079,208,230,2551,1343,0,207,12963,4251,6487,2615,1576,921,4911,2484
1600000US1077580,1077580,"Wilmington city, Delaware",71104,32,26324,2659,42911,2797,64,92,560,338,0,198,442,317,803,472,149,224,654,418
1600000US1150000,1150000,"Washington city, District of Columbia",693972,*****,284536,4734,318220,3042,1690,463,28499,1656,302,209,40116,5076,20609,3240,2786,1193,17823,3031
1600000US1200410,1200410,"Alafaya CDP, Florida",88496,11283,60229,9571,9343,4329,191,287,6232,3354,0,226,6973,4948,5528,4099,573,882,4955,4031
1600000US1207300,1207300,"Boca Raton city, Florida",98153,33,85721,3699,4812,1919,0,226,3088,1326,0,226,2980,3231,1552,957,544,674,1008,673
1600000US1207875,1207875,"Boynton Beach city, Florida",77704,31,44961,5010,29359,5122,84,127,1891,1595,0,226,747,687,662,348,183,190,479,320
1600000US1208150,1208150,"Brandon CDP, Florida",121190,8687,81500,7550,23599,4726,391,442,6828,1895,0,226,3997,2071,4875,1694,818,540,4057,1630
1600000US1210275,1210275,"Cape Coral city, Florida",183356,42,167835,4293,6610,3244,793,623,3598,1747,33,67,1508,1218,2979,2122,0,226,2979,2122
1600000US1212875,1212875,"Clearwater city, Florida",115501,44,87730,4544,14777,3463,1531,2089,2478,1158,31,53,6335,2549,2619,1224,82,99,2537,1229
1600000US1214400,1214400,"Coral Springs city, Florida",133058,76,86855,6841,27453,6008,281,373,9323,3713,0,226,2701,1022,6445,3303,928,1016,5517,2795
1600000US1216475,1216475,"Davie town, Florida",105146,35,73530,5472,15394,6181,51,89,4499,1530,434,663,6425,3413,4813,2090,1002,860,3811,1929
1600000US1216525,1216525,"Daytona Beach city, Florida",68055,31,39313,3263,23172,3212,352,322,2124,1405,83,129,1104,722,1907,1042,83,104,1824,1034
1600000US1216725,1216725,"Deerfield Beach city, Florida",80572,34,50274,5039,23990,5778,87,103,2945,2459,0,226,786,564,2490,1425,491,461,1999,1359
1600000US1217100,1217100,"Delray Beach city, Florida",68749,24,43064,3603,22319,3878,0,226,1941,1170,0,226,840,926,585,413,51,88,534,405
1600000US1217200,1217200,"Deltona city, Florida",90743,28,67034,4765,10523,3548,394,532,1151,736,0,226,10118,3427,1523,1577,221,262,1302,1548
1600000US1224000,1224000,"Fort Lauderdale city, Florida",180071,35,108703,8527,59911,7114,64,95,1795,677,32,68,6299,5022,3267,1236,136,228,3131,1224
1600000US1224125,1224125,"Fort Myers city, Florida",79941,35,49867,4101,17224,2993,48,99,3900,1957,77,129,7227,3022,1598,902,161,261,1437,880
1600000US1225175,1225175,"Gainesville city, Florida",132253,36,87784,3858,27229,3675,272,248,8438,1236,194,270,2112,931,6224,1820,897,750,5327,1584
1600000US1230000,1230000,"Hialeah city, Florida",239682,47,223904,4022,4939,2423,0,226,2108,1317,0,226,7425,2894,1306,792,503,388,803,600
1600000US1232000,1232000,"Hollywood city, Florida",153625,30,103684,7475,28054,5458,545,648,4804,2233,0,226,12378,4464,4160,1673,1258,622,2902,1465
1600000US1232275,1232275,"Homestead city, Florida",69909,25,53691,4837,11323,4235,853,1442,759,815,0,226,1577,1113,1706,1080,767,891,939,623
1600000US1235000,1235000,"Jacksonville city, Florida",892064,22,516074,4948,281757,4241,1709,1035,47503,1954,101,122,17915,4651,27005,3923,3271,1432,23734,3603
1600000US1236100,1236100,"Kendall CDP, Florida",73805,7636,62083,6731,3712,2173,0,226,1641,978,0,226,4658,3172,1711,1255,616,455,1095,1147
1600000US1236950,1236950,"Kissimmee city, Florida",71103,23,45673,4666,7408,2751,308,376,3598,1867,43,70,8240,2921,5833,2667,1961,1907,3872,2012
1600000US1238250,1238250,"Lakeland city, Florida",108051,33,78858,4050,22501,3718,273,235,2953,1818,184,297,1627,1337,1655,880,233,341,1422,794
1600000US1239425,1239425,"Largo city, Florida",84768,54,73210,2622,5782,2229,169,219,2220,1026,146,253,1388,857,1853,1046,775,589,1078,840
1600000US1239550,1239550,"Lauderhill city, Florida",71976,41,9650,2685,58858,3137,406,580,438,365,0,226,1487,1531,1137,654,364,393,773,501
1600000US1239925,1239925,"Lehigh Acres CDP, Florida",132618,7922,92966,7664,26204,4168,0,226,1789,1409,137,177,6321,3688,5201,2965,1572,1349,3629,2742
1600000US1243975,1243975,"Melbourne city, Florida",82003,44,63105,3193,7984,2599,213,290,5545,1662,0,226,2014,1421,3142,1261,348,277,2794,1223
1600000US1245000,1245000,"Miami city, Florida",463354,53,343909,8144,83411,7066,2232,2617,6411,1763,79,130,17658,3974,9654,2685,3146,1471,6508,2511
1600000US1245025,1245025,"Miami Beach city, Florida",92319,59,68408,4406,4312,1904,439,512,536,412,0,226,16000,3721,2624,1000,1268,732,1356,666
1600000US1245060,1245060,"Miami Gardens city, Florida",113743,44,29850,5254,77908,5966,152,250,1701,1561,0,226,2665,2005,1467,1112,325,535,1142,925
1600000US1245975,1245975,"Miramar city, Florida",140323,37,64174,7568,62207,7466,375,585,4524,2546,0,226,3070,1934,5973,5172,1543,1367,4430,4998
1600000US1253000,1253000,"Orlando city, Florida",280258,50,158310,8575,77172,8623,310,236,11963,2931,78,132,21084,5446,11341,2866,2941,2150,8400,1852
1600000US1254000,1254000,"Palm Bay city, Florida",111660,34,84902,5228,17211,4775,1072,482,1992,1133,0,226,4116,2437,2367,1172,382,631,1985,897
1600000US1254200,1254200,"Palm Coast city, Florida",88394,2910,70157,3006,11663,1051,291,233,3064,317,0,226,2078,1591,1141,976,0,226,1141,976
1600000US1255775,1255775,"Pembroke Pines city, Florida",170703,44,105038,7242,39865,6114,810,791,10827,3132,190,246,6551,3337,7422,2443,1220,726,6202,2347
1600000US1256825,1256825,"Pine Hills CDP, Florida",76847,8875,11543,3813,53759,7537,265,286,3649,1730,0,226,4755,2560,2876,1857,1002,756,1874,1778
1600000US1257425,1257425,"Plantation city, Florida",93922,56,65799,5011,16070,4393,152,251,3963,1703,0,226,3052,1828,4886,2449,1039,1094,3847,2237
1600000US1257900,1257900,"Poinciana CDP, Florida",71694,10606,41340,10308,18007,5197,1485,1795,1798,863,508,822,3775,2523,4781,2565,601,1028,4180,2404
1600000US1258050,1258050,"Pompano Beach city, Florida",110464,44,67285,4851,37644,4936,83,109,711,631,0,226,1648,1176,3093,1508,360,353,2733,1501
1600000US1258715,1258715,"Port St. Lucie city, Florida",189331,54,142385,4629,34890,4513,466,377,4875,1255,0,226,3002,2024,3713,2057,301,352,3412,2020
1600000US1260950,1260950,"Riverview CDP, Florida",90538,9817,63997,8554,16176,4549,157,181,4354,1865,0,226,1069,835,4785,1688,968,631,3817,1529
1600000US1263000,1263000,"St. Petersburg city, Florida",263252,38,184415,5051,56947,5233,591,469,9879,2135,0,226,2590,1039,8830,2741,834,529,7996,2731
1600000US1268350,1268350,"Spring Hill CDP, Florida",113508,4466,99136,4409,6346,1342,1099,379,2099,836,0,226,2055,1181,2773,975,43,73,2730,972
1600000US1269700,1269700,"Sunrise city, Florida",94313,53,52088,5657,31494,5914,446,533,4668,2132,45,123,3344,2175,2228,925,702,381,1526,840
1600000US1270600,1270600,"Tallahassee city, Florida",191039,45,109980,3209,64649,3639,229,267,7811,1373,0,226,3344,1362,5026,1623,329,332,4697,1598
1600000US1270675,1270675,"Tamarac city, Florida",65683,52,38318,4369,21585,4063,49,85,3483,1878,0,226,1590,936,658,491,192,227,466,422
1600000US1271000,1271000,"Tampa city, Florida",385423,56,256273,7364,91940,7272,886,836,16438,2483,84,138,4991,1865,14811,3698,1930,860,12881,3348
1600000US1271569,1271569,"The Hammocks CDP, Florida",68457,9056,58386,8785,3083,1484,0,226,3387,2435,0,226,3101,2493,500,389,173,178,327,350
1600000US1272145,1272145,"Town 'n' Country CDP, Florida",89143,8831,67323,7047,10977,4481,76,125,3843,1436,0,226,3561,1852,3363,2064,540,600,2823,2015
1600000US1276582,1276582,"Weston city, Florida",70927,67,55928,3944,5016,3345,0,226,4355,2022,126,333,1553,998,3949,1828,620,1004,3329,1727
1600000US1276600,1276600,"West Palm Beach city, Florida",110219,40,64388,4842,38133,4698,37,74,2536,1307,0,226,3807,2107,1318,741,305,294,1013,612
1600000US1301696,1301696,"Alpharetta city, Georgia",65774,88,38578,4394,7822,3199,28,52,13480,3047,0,224,963,1412,4903,3057,219,259,4684,3066
1600000US1303440,1303440,"Athens-Clarke County unified government (balance), Georgia",125929,444,78877,1772,34634,1044,0,224,4979,741,0,224,3308,1704,4131,1471,623,557,3508,1286
1600000US1304000,1304000,"Atlanta city, Georgia",486299,54,190415,7619,256888,8197,704,344,19551,2945,0,224,6538,1932,12203,2330,910,786,11293,2179
1600000US1304204,1304204,"Augusta-Richmond County consolidated government (balance), Georgia",195678,1775,70088,2292,112673,2487,336,265,3910,556,103,184,1883,1509,6685,2187,265,231,6420,2159
1600000US1319000,1319000,"Columbus city, Georgia",194058,*****,84356,1862,90141,2151,261,295,4864,953,164,135,6291,1985,7981,2165,1408,902,6573,2062
1600000US1349008,1349008,"Macon-Bibb County, Georgia",152646,154,61664,1118,83882,607,396,149,3191,369,63,107,490,286,2960,1231,1052,853,1908,1172
1600000US1367284,1367284,"Roswell city, Georgia",94792,37,70004,4727,14550,4473,207,271,2882,1299,0,224,3011,2538,4138,2621,0,224,4138,2621
1600000US1368516,1368516,"Sandy Springs city, Georgia",106742,27,78719,4242,15691,3443,800,972,8743,2515,0,224,803,817,1986,1035,229,198,1757,1040
1600000US1369000,1369000,"Savannah city, Georgia",146449,32,53571,4437,81766,5037,132,121,2539,1261,1341,1991,1661,708,5439,2361,2006,2111,3433,1413
1600000US1380508,1380508,"Warner Robins city, Georgia",75675,1218,38782,3794,28625,3901,81,97,2572,1616,0,224,538,586,5077,2277,710,838,4367,2012
1600000US1571550,1571550,"Urban Honolulu CDP, Hawaii",350388,46,56481,4028,7082,1895,545,380,192699,6950,22833,3803,4756,2035,65992,5585,2563,1220,63429,5511
1600000US1608830,1608830,"Boise City city, Idaho",226567,33,201009,4814,4659,2266,697,414,6275,2147,181,223,3834,2008,9912,3556,484,391,9428,3441
1600000US1652120,1652120,"Meridian city, Idaho",99938,46,92630,3325,105,177,120,139,2075,1072,0,201,926,712,4082,2934,826,1124,3256,2700
1600000US1656260,1656260,"Nampa city, Idaho",93585,30,77618,3964,1172,628,876,780,570,461,51,104,9909,3412,3389,1857,540,443,2849,1774
1600000US1702154,1702154,"Arlington Heights village, Illinois",75097,2944,62493,2591,2407,2285,0,190,6096,1952,0,190,2724,2226,1377,958,340,330,1037,774
1600000US1703012,1703012,"Aurora city, Illinois",202548,4701,117300,6254,20307,3141,1051,1149,20708,4171,1013,1553,35266,6376,6903,2664,1725,1423,5178,2354
1600000US1706613,1706613,"Bloomington city, Illinois",77941,37,60636,1932,7954,1521,469,343,7244,1253,0,190,208,358,1430,684,0,190,1430,684
1600000US1707133,1707133,"Bolingbrook village, Illinois",72155,3595,33573,4262,15452,3363,0,190,9856,2341,0,190,11448,3566,1826,889,318,435,1508,856
1600000US1712385,1712385,"Champaign city, Illinois",87426,34,56068,2470,17268,2139,160,185,10388,1841,0,190,898,820,2644,1122,97,155,2547,1109
1600000US1714000,1714000,"Chicago city, Illinois",2716462,62,1354634,19804,809079,13927,7819,2355,181505,9190,390,413,286849,17704,76186,6264,20021,3535,56165,5494
1600000US1714351,1714351,"Cicero town, Illinois",82560,33,28317,3756,1327,631,0,190,505,428,0,190,51025,3925,1386,1370,1142,1176,244,320
1600000US1718823,1718823,"Decatur city, Illinois",68645,2723,48035,2615,15310,1695,338,254,576,418,19,42,297,214,4070,1348,0,190,4070,1348
1600000US1723074,1723074,"Elgin city, Illinois",114459,4746,73410,7207,4954,1768,2480,2714,4553,2038,0,190,25624,5999,3438,1183,983,647,2455,977
1600000US1724582,1724582,"Evanston city, Illinois",74752,29,48766,3524,13752,3086,0,190,6534,2238,0,190,1962,1129,3738,1611,339,321,3399,1580
1600000US1738570,1738570,"Joliet city, Illinois",147150,5867,92151,6530,24986,5247,226,271,2583,1481,113,135,21636,4994,5455,2137,1305,917,4150,1901
1600000US1751622,1751622,"Naperville city, Illinois",148584,1644,109460,3718,6362,2162,0,190,28152,3474,0,190,532,471,4078,1401,446,401,3632,1317
1600000US1757225,1757225,"Palatine village, Illinois",68610,53,45882,4174,1328,839,45,76,6832,2020,0,190,11701,4462,2822,1886,1590,1707,1232,615
1600000US1759000,1759000,"Peoria city, Illinois",115637,2744,72979,3009,30682,2068,71,123,6504,837,0,190,1767,1367,3634,1605,281,275,3353,1575
1600000US1765000,1765000,"Rockford city, Illinois",148287,2225,102643,3779,32584,2532,451,321,4067,1688,28,44,3394,1556,5120,1470,520,335,4600,1442
1600000US1768003,1768003,"Schaumburg village, Illinois",73118,1234,45922,3548,3292,1213,130,220,19196,3518,0,190,2094,1368,2484,1152,746,547,1738,954
1600000US1770122,1770122,"Skokie village, Illinois",63984,34,41288,3154,4253,2205,55,91,15054,2639,250,338,681,779,2403,1180,541,642,1862,1029
1600000US1772000,1772000,"Springfield city, Illinois",114663,35,83754,1455,22906,1634,16,29,3925,431,58,95,248,193,3756,1080,211,226,3545,1098
1600000US1779293,1779293,"Waukegan city, Illinois",88805,3709,32882,4808,20018,3580,985,871,4365,1399,82,138,27662,4633,2811,1368,1579,1054,1232,814
1600000US1805860,1805860,"Bloomington city, Indiana",85551,2866,69976,3225,3226,1181,189,215,8148,1036,47,91,444,346,3521,1216,71,138,3450,1195
1600000US1810342,1810342,"Carmel city, Indiana",93148,1777,75921,2920,2618,1719,817,330,10578,2006,85,134,303,507,2826,1319,137,212,2689,1266
1600000US1822000,1822000,"Evansville city, Indiana",117940,2910,96714,3364,14880,1994,239,335,593,508,0,197,1698,966,3816,1687,0,197,3816,1687
1600000US1823278,1823278,"Fishers city, Indiana",90907,2475,75954,3736,6562,2136,0,197,5782,2069,0,197,964,1191,1645,888,399,549,1246,733
1600000US1825000,1825000,"Fort Wayne city, Indiana",254796,4214,184984,4169,38292,2562,792,385,14039,1401,0,197,4331,1916,12358,2939,448,298,11910,2942
1600000US1827000,1827000,"Gary city, Indiana",76430,3074,12035,2842,60467,3519,40,54,186,216,0,197,2267,1761,1435,858,693,583,742,580
1600000US1831000,1831000,"Hammond city, Indiana",76627,43,37528,3921,15444,2550,332,287,1492,1032,0,197,19004,4014,2827,1045,1035,558,1792,915
1600000US1836003,1836003,"Indianapolis city (balance), Indiana",857386,4890,537680,7988,238723,6055,1388,785,27007,2360,144,171,20112,4897,32332,4882,2013,986,30319,4883
1600000US1840788,1840788,"Lafayette city, Indiana",71225,2763,62310,3376,4896,1673,73,122,611,456,0,197,2033,1161,1302,689,0,197,1302,689
1600000US1851876,1851876,"Muncie city, Indiana",68450,1521,56115,1863,7578,1424,0,197,859,631,0,197,386,358,3512,1466,486,476,3026,1346
1600000US1871000,1871000,"South Bend city, Indiana",96143,2398,61969,3701,24718,2617,309,273,973,617,0,197,3958,2278,4216,1348,393,287,3823,1350
1600000US1901855,1901855,"Ames city, Iowa",66500,20,54844,972,2606,543,79,154,7553,1029,0,163,170,233,1248,731,175,216,1073,684
1600000US1912000,1912000,"Cedar Rapids city, Iowa",132240,53,110013,2919,11145,1728,251,345,3848,1198,456,656,3187,2103,3340,1757,0,163,3340,1757
1600000US1919000,1919000,"Davenport city, Iowa",102314,31,84720,1691,10765,1680,348,379,2699,806,0,163,274,266,3508,1083,65,110,3443,1091
1600000US1921000,1921000,"Des Moines city, Iowa",217508,216,158470,3857,22848,3169,862,432,17604,2342,307,339,7261,2575,10156,2439,756,518,9400,2361
1600000US1938595,1938595,"Iowa City city, Iowa",75788,38,60817,2154,5082,1731,65,91,6623,1294,0,163,650,505,2551,1234,427,460,2124,1086
1600000US1973335,1973335,"Sioux City city, Iowa",84034,2405,69598,2951,3248,1303,2446,1221,2845,353,584,682,2145,1415,3168,1198,84,109,3084,1191
1600000US1982425,1982425,"Waterloo city, Iowa",67588,21,51144,1697,10773,1198,175,174,1559,690,212,244,1088,1196,2637,900,97,157,2540,910
1600000US2036000,2036000,"Kansas City city, Kansas",155031,2237,89973,3856,35200,1662,691,505,6809,1048,0,177,14042,3450,8316,1969,1130,675,7186,1734
1600000US2038900,2038900,"Lawrence city, Kansas",95000,3321,76085,3266,4424,919,2940,471,6367,892,0,177,492,319,4692,1532,120,148,4572,1528
1600000US2052575,2052575,"Olathe city, Kansas",137500,109,115688,3387,8912,2352,415,395,6555,2575,70,116,1479,886,4381,1571,362,315,4019,1520
1600000US2053775,2053775,"Overland Park city, Kansas",191263,69,157658,3071,9203,1886,1703,835,16290,2623,210,357,2697,1303,3502,1280,214,218,3288,1258
1600000US2071000,2071000,"Topeka city, Kansas",126588,25,99349,2172,14888,1234,720,515,2264,794,0,177,3856,1996,5511,1372,550,423,4961,1240
1600000US2079000,2079000,"Wichita city, Kansas",390599,53,279723,6224,43005,3089,1951,711,19548,1891,659,854,26641,5004,19072,3308,1374,736,17698,3237
1600000US2108902,2108902,"Bowling Green city, Kentucky",67067,22,49671,2154,7621,1515,0,195,3129,1260,1532,1202,1894,1214,3220,1497,386,267,2834,1434
1600000US2146027,2146027,"Lexington-Fayette urban county, Kentucky",321959,*****,243170,3150,46595,2295,814,581,11729,1182,145,234,7537,3072,11969,2771,1352,1104,10617,2555
1600000US2148006,2148006,"Louisville/Jefferson County metro government (balance), Kentucky",621337,71,430744,5028,149461,4449,909,622,18182,1652,285,185,7598,3255,14158,2579,798,593,13360,2621
1600000US2205000,2205000,"Baton Rouge city, Louisiana",225370,35,88963,6130,121365,5948,1111,973,7850,2232,267,451,2587,1888,3227,1318,83,150,3144,1313
1600000US2208920,2208920,"Bossier City city, Louisiana",68564,40,44446,2855,20091,2723,307,270,843,456,114,179,826,767,1937,999,148,180,1789,951
1600000US2239475,2239475,"Kenner city, Louisiana",67464,53,41165,3488,17984,3384,0,214,2395,1214,0,214,3755,2330,2165,994,945,754,1220,663
1600000US2240735,2240735,"Lafayette city, Louisiana",126847,29,76388,5167,42310,4316,270,311,4003,1688,0,214,1371,1444,2505,1469,267,421,2238,1378
1600000US2241155,2241155,"Lake Charles city, Louisiana",77125,37,37445,3476,36492,3386,49,81,1931,960,0,214,401,324,807,539,0,214,807,539
1600000US2250115,2250115,"Metairie CDP, Louisiana",146847,6987,115612,5705,16061,4152,371,357,6835,1817,0,214,6335,2526,1633,971,87,104,1546,967
1600000US2255000,2255000,"New Orleans city, Louisiana",393292,*****,133124,1574,234026,1891,597,356,11587,620,28,48,5578,1418,8352,1720,592,350,7760,1695
1600000US2270000,2270000,"Shreveport city, Louisiana",191715,812,67308,2151,113251,3664,1039,441,3320,367,0,214,1238,778,5559,3238,165,125,5394,3244
1600000US2360545,2360545,"Portland city, Maine",66878,26,55865,1825,7045,1287,144,191,2281,996,0,175,420,481,1123,547,183,181,940,514
1600000US2404000,2404000,"Baltimore city, Maryland",611648,*****,183988,3259,383508,3430,2347,1173,16415,760,128,151,10553,3560,14709,2886,1876,884,12833,2681
1600000US2407125,2407125,"Bethesda CDP, Maryland",68297,4732,54271,4559,4860,1690,6,13,6945,1972,0,203,437,358,1778,921,220,310,1558,847
1600000US2419125,2419125,"Columbia CDP, Maryland",103709,6275,52035,4712,30334,4702,1197,569,12689,2446,0,203,1958,1377,5496,1691,116,177,5380,1668
1600000US2426000,2426000,"Ellicott City CDP, Maryland",76727,5543,44377,3973,6441,3157,99,168,21104,3251,0,203,1354,1254,3352,1229,101,180,3251,1204
1600000US2430325,2430325,"Frederick city, Maryland",71397,49,48471,3294,10174,2383,172,197,5363,1286,0,203,2436,1790,4781,1736,1289,953,3492,1321
1600000US2431175,2431175,"Gaithersburg city, Maryland",68721,42,29627,3804,11718,3246,316,297,10980,2154,0,203,13530,4574,2550,1309,855,868,1695,985
1600000US2432025,2432025,"Germantown CDP, Maryland",95711,8360,41630,6063,23897,4783,409,686,20023,3652,0,203,5772,3427,3980,1380,505,770,3475,1211
1600000US2432650,2432650,"Glen Burnie CDP, Maryland",70108,6782,40118,4984,19348,4614,0,203,4224,1610,163,268,3209,2401,3046,1353,0,203,3046,1353
1600000US2467675,2467675,"Rockville city, Maryland",68400,30,36687,3731,6827,2371,466,603,14831,2099,0,203,6379,3520,3210,1195,286,283,2924,1167
1600000US2472450,2472450,"Silver Spring CDP, Maryland",80265,7556,34516,3926,23144,4325,481,374,5146,1953,0,203,14770,4118,2208,816,27,46,2181,814
1600000US2481175,2481175,"Waldorf CDP, Maryland",69519,4698,23841,2495,38545,3923,354,265,2900,1317,57,98,411,535,3411,1162,37,66,3374,1151
1600000US2507000,2507000,"Boston city, Massachusetts",683015,2627,360756,6838,176868,5483,2133,985,66207,2131,40,65,49104,6083,27907,4167,1770,713,26137,4124
1600000US2509000,2509000,"Brockton city, Massachusetts",95664,38,32762,3322,39480,4184,485,431,2163,1060,0,210,17559,4356,3215,1938,2425,1625,790,640
1600000US2511000,2511000,"Cambridge city, Massachusetts",113631,30,76656,3677,11826,2851,58,71,19018,3196,87,122,1866,820,4120,916,590,367,3530,870
1600000US2523000,2523000,"Fall River city, Massachusetts",89415,31,67839,3610,9721,3589,0,210,2046,1149,0,210,6299,2213,3510,978,678,611,2832,849
1600000US2524960,2524960,"Framingham CDP, Massachusetts",72045,52,49786,4303,8305,4465,514,609,5038,1792,0,210,7081,2921,1321,682,295,295,1026,591
1600000US2534550,2534550,"Lawrence city, Massachusetts",80183,50,63108,3525,3103,1447,271,291,432,432,0,210,10607,2545,2662,1437,1462,1092,1200,899
1600000US2537000,2537000,"Lowell city, Massachusetts",111343,35,69623,5700,7526,2868,825,974,28244,5825,67,111,3607,2240,1451,617,430,289,1021,542
1600000US2537490,2537490,"Lynn city, Massachusetts",94064,35,48700,3932,13404,2811,463,473,6558,1560,0,210,19819,4790,5120,2160,254,201,4866,2152
1600000US2545000,2545000,"New Bedford city, Massachusetts",95110,41,61843,3703,5578,1697,0,210,2029,1147,0,210,20309,3043,5351,1860,2786,1484,2565,1180
1600000US2545560,2545560,"Newton city, Massachusetts",88989,30,67804,3617,3299,1777,0,210,13305,3046,0,210,989,734,3592,1586,348,251,3244,1568
1600000US2555745,2555745,"Quincy city, Massachusetts",94165,28,52409,3691,4592,2138,69,125,32865,3131,365,607,1830,1217,2035,993,526,624,1509,815
1600000US2562535,2562535,"Somerville city, Massachusetts",81361,28,62971,3159,6214,2541,0,210,7605,1929,4,10,1671,1145,2896,1640,238,281,2658,1577
1600000US2567000,2567000,"Springfield city, Massachusetts",154763,30,103166,4505,33235,3382,1021,1020,2832,1439,56,90,8526,2671,5927,2261,1555,1274,4372,1633
1600000US2582000,2582000,"Worcester city, Massachusetts",185685,44,129300,5587,24025,3677,1788,1330,12612,2545,55,99,7942,2799,9963,2310,1722,851,8241,2224
1600000US2603000,2603000,"Ann Arbor city, Michigan",121461,64,85136,2777,8567,1841,326,280,22374,1922,0,170,261,184,4797,1373,125,160,4672,1362
1600000US2621000,2621000,"Dearborn city, Michigan",94497,33,84918,2351,3477,1351,40,72,1938,1171,0,170,205,226,3919,1901,43,70,3876,1896
1600000US2622000,2622000,"Detroit city, Michigan",673103,39,97402,7056,532057,6579,2656,1248,11938,2909,134,164,17637,3887,11279,2637,807,395,10472,2561
1600000US2627440,2627440,"Farmington Hills city, Michigan",81048,29,50870,3073,14166,2629,166,204,13445,2380,30,53,357,394,2014,958,481,778,1533,693
1600000US2629000,2629000,"Flint city, Michigan",96439,43,36807,3175,51514,3364,790,825,1229,677,0,170,1096,943,5003,1857,203,230,4800,1842
1600000US2634000,2634000,"Grand Rapids city, Michigan",198811,72,131052,4983,39083,4017,631,489,7056,2608,0,170,11628,3638,9361,2353,1469,810,7892,2219
1600000US2642160,2642160,"Kalamazoo city, Michigan",75802,32,52529,2498,16826,2335,43,63,1785,648,0,170,217,207,4402,1670,166,160,4236,1652
1600000US2646000,2646000,"Lansing city, Michigan",115451,1339,70081,3316,26706,4047,692,388,6457,1803,0,170,2622,1099,8893,2140,727,476,8166,2135
1600000US2649000,2649000,"Livonia city, Michigan",94108,26,84937,1592,4907,1442,56,91,2541,931,0,170,154,199,1513,625,128,212,1385,605
1600000US2669035,2669035,"Rochester Hills city, Michigan",74198,35,60712,1743,2413,1037,136,160,8020,1420,0,170,469,416,2448,815,83,139,2365,824
1600000US2674900,2674900,"Southfield city, Michigan",73203,35,15034,2472,51991,2909,36,54,1513,718,0,170,954,801,3675,1530,554,568,3121,1312
1600000US2676460,2676460,"Sterling Heights city, Michigan",132628,33,108981,4007,8139,2576,402,372,9319,2344,0,170,3990,2431,1797,889,411,503,1386,766
1600000US2680700,2680700,"Troy city, Michigan",83826,55,57206,3012,3109,1635,405,383,21178,2658,0,170,368,283,1560,736,327,415,1233,610
1600000US2684000,2684000,"Warren city, Michigan",135029,38,91620,4566,27976,3761,38,63,12584,3054,80,170,561,311,2170,943,63,108,2107,923
1600000US2686000,2686000,"Westland city, Michigan",81750,34,59182,3263,14468,3221,623,565,3353,1264,0,170,835,581,3289,1456,0,170,3289,1456
1600000US2688940,2688940,"Wyoming city, Michigan",75938,23,56169,3089,4524,1557,717,414,1555,1027,139,230,7139,2677,5695,2072,552,516,5143,2019
1600000US2706616,2706616,"Bloomington city, Minnesota",85863,30,64527,4047,11314,4212,85,108,3708,1266,0,153,2374,1796,3855,1431,768,940,3087,1250
1600000US2707966,2707966,"Brooklyn Park city, Minnesota",80573,43,37054,3866,22323,3581,612,897,15905,3925,0,153,1280,1342,3399,1340,379,445,3020,1115
1600000US2717000,2717000,"Duluth city, Minnesota",86048,63,77606,1345,1874,547,1667,727,1127,476,60,127,390,443,3324,923,159,162,3165,926
1600000US2717288,2717288,"Eagan city, Minnesota",66623,26,49683,2732,7637,2344,32,53,6322,1450,289,454,923,755,1737,770,24,39,1713,773
1600000US2740166,2740166,"Maple Grove city, Minnesota",71069,27,55995,4130,7225,3859,240,273,4497,1893,0,153,636,577,2476,1236,399,649,2077,1078
1600000US2743000,2743000,"Minneapolis city, Minnesota",422326,38,265357,7088,76107,5670,7272,1791,27118,3303,81,142,28431,4430,17960,2607,1968,1001,15992,2334
1600000US2751730,2751730,"Plymouth city, Minnesota",78388,32,64168,2672,4107,1769,678,566,7139,1846,0,153,40,67,2256,817,163,189,2093,752
1600000US2754880,2754880,"Rochester city, Minnesota",115733,29,92692,1132,9459,1323,329,282,7560,1185,0,153,887,441,4806,1536,336,393,4470,1588
1600000US2756896,2756896,"St. Cloud city, Minnesota",65403,1792,51348,2647,9253,1913,394,323,1987,950,0,153,285,301,2136,867,28,59,2108,857
1600000US2758000,2758000,"St. Paul city, Minnesota",306604,66,171021,4992,52354,3241,2382,1029,61082,3822,123,119,7794,2009,11848,2227,1111,655,10737,2095
1600000US2771428,2771428,"Woodbury city, Minnesota",69755,23,55898,2479,4404,2074,236,289,7101,1963,9,18,288,497,1819,920,101,166,1718,926
1600000US2829700,2829700,"Gulfport city, Mississippi",71812,47,40391,3248,28821,3404,596,577,292,305,0,217,592,558,1120,499,194,200,926,471
1600000US2915670,2915670,"Columbia city, Missouri",121720,21,92780,1283,13174,2455,437,284,7066,1231,1769,2212,794,555,5700,2426,534,504,5166,2400
1600000US2935000,2935000,"Independence city, Missouri",117308,33,89404,4644,6683,2499,923,672,1383,902,1527,930,13932,3963,3456,1508,190,259,3266,1487
1600000US2938000,2938000,"Kansas City city, Missouri",488825,90,293200,6127,139386,6199,2850,1294,15452,1953,647,930,20633,4356,16657,2810,1331,884,15326,2668
1600000US2941348,2941348,"Lee's Summit city, Missouri",97101,532,85727,3088,5690,2307,174,216,2185,1232,80,145,1066,1156,2179,1004,0,190,2179,1004
1600000US2954074,2954074,"O'Fallon city, Missouri",87578,69,79044,2655,2341,1400,0,190,2964,1386,0,190,0,190,3229,1551,401,482,2828,1475
1600000US2964082,2964082,"St. Charles city, Missouri",70335,36,60311,2203,4562,1742,72,147,1806,850,0,190,186,246,3398,1391,228,261,3170,1402
1600000US2964550,2964550,"St. Joseph city, Missouri",76643,1802,65430,2516,3591,1156,270,219,959,497,1209,1385,2501,1712,2683,1027,209,232,2474,1010
1600000US2965000,2965000,"St. Louis city, Missouri",308626,*****,142956,1561,144539,1385,1196,718,10477,895,0,190,3537,1450,5921,1498,787,427,5134,1468
1600000US2970000,2970000,"Springfield city, Missouri",167376,28,148924,2058,6072,1105,1000,702,3879,1499,384,576,935,540,6182,1688,154,249,6028,1680
1600000US3006550,3006550,"Billings city, Montana",109642,27,96903,1942,1174,518,4263,1525,893,203,579,695,1149,926,4681,1220,440,459,4241,1133
1600000US3050200,3050200,"Missoula city, Montana",73338,22,68104,1292,106,139,1033,939,1424,532,0,174,275,264,2396,1034,0,174,2396,1034
1600000US3128000,3128000,"Lincoln city, Nebraska",284734,20,241622,2413,11717,1206,2053,600,14122,1222,174,148,4069,2140,10977,1886,903,531,10074,1822
1600000US3137000,3137000,"Omaha city, Nebraska",466903,49,365552,3895,57454,2935,2358,765,17470,1868,312,143,8153,1829,15604,2601,929,475,14675,2593
1600000US3223770,3223770,"Enterprise CDP, Nevada",168011,10609,90654,8475,17653,4728,161,161,37983,6284,2445,1731,9173,2895,9942,2436,1084,504,8858,2367
1600000US3231900,3231900,"Henderson city, Nevada",302535,40,228746,7286,19170,4376,612,365,32103,4953,703,538,8967,2664,12234,2898,1136,825,11098,2691
1600000US3240000,3240000,"Las Vegas city, Nevada",641708,135,398287,10859,68390,6787,5423,2076,45490,5124,5832,1988,88376,9075,29910,4282,6034,1795,23876,3668
1600000US3251800,3251800,"North Las Vegas city, Nevada",242949,90,124071,7712,51743,6239,1956,1463,18558,4007,736,534,32522,4880,13363,3216,1248,609,12115,3247
1600000US3254600,3254600,"Paradise CDP, Nevada",235123,12394,113030,7803,28737,6400,1584,1249,31043,5186,2169,1206,46118,7218,12442,2528,2489,1122,9953,2191
1600000US3260600,3260600,"Reno city, Nevada",248860,45,184947,5279,7791,1455,2949,1386,16988,2058,2309,787,21520,4756,12356,2701,1655,865,10701,2477
1600000US3268400,3268400,"Sparks city, Nevada",100878,48,77994,3635,1341,597,1878,869,6289,1627,44,79,6433,2563,6899,2527,1895,1336,5004,2354
1600000US3268585,3268585,"Spring Valley CDP, Nevada",211280,11053,113309,9592,27443,6178,548,399,32931,5403,1793,850,23580,6775,11676,2922,1759,1230,9917,2689
1600000US3271400,3271400,"Sunrise Manor CDP, Nevada",193055,10094,90714,7259,28130,4812,3191,1626,10516,2376,968,650,51422,8151,8114,1818,1917,781,6197,1595
1600000US3345140,3345140,"Manchester city, New Hampshire",111194,25,97724,2596,5688,2293,127,115,4146,1410,57,99,1103,753,2349,970,298,307,2051,897
1600000US3350260,3350260,"Nashua city, New Hampshire",88350,39,69419,3088,5078,1813,112,183,8908,1742,0,192,799,781,4034,1391,422,326,3612,1434
1600000US3403580,3403580,"Bayonne city, New Jersey",67178,38,45540,3355,4683,1803,201,272,4339,1467,0,206,9103,2992,3312,1379,1331,757,1981,1153
1600000US3410000,3410000,"Camden city, New Jersey",74534,26,23168,4292,32032,3981,438,360,2286,1323,155,194,13093,3799,3362,2629,2292,2495,1070,583
1600000US3413690,3413690,"Clifton city, New Jersey",86615,37,54474,4607,4764,2353,59,99,10170,1936,0,206,15116,3928,2032,1091,509,427,1523,969
1600000US3419390,3419390,"East Orange city, New Jersey",65399,64,2274,1020,55684,3181,0,206,1294,1062,0,206,5902,2854,245,225,0,206,245,225
1600000US3421000,3421000,"Elizabeth city, New Jersey",130222,39,52817,4718,23971,4083,837,801,1752,887,0,206,46965,5686,3880,1446,1670,997,2210,1047
1600000US3436000,3436000,"Jersey City city, New Jersey",270750,39,92904,6021,63621,4032,1910,1007,71641,3886,70,117,31424,5900,9180,2516,3339,1565,5841,1587
1600000US3451000,3451000,"Newark city, New Jersey",285156,43,77158,6472,144527,6112,488,437,5106,1353,215,295,51006,6573,6656,1943,2657,1185,3999,1609
1600000US3456550,3456550,"Passaic city, New Jersey",71245,26,57198,2966,4576,1733,6,13,1420,961,0,206,7701,2143,344,280,127,150,217,230
1600000US3457000,3457000,"Paterson city, New Jersey",148678,31,48001,6400,36991,3252,71,130,6700,2285,0,206,51487,5818,5428,2352,2424,1179,3004,2055
1600000US3473110,3473110,"Toms River CDP, New Jersey",89861,959,75116,3553,5295,2261,82,152,3349,1451,0,206,4355,2750,1664,863,362,424,1302,778
1600000US3474000,3474000,"Trenton city, New Jersey",84971,26,34506,3837,45681,4055,117,185,442,300,0,206,3021,1575,1204,621,263,255,941,576
1600000US3474630,3474630,"Union City city, New Jersey",70409,77,54528,2938,3016,1307,154,155,1953,1333,0,206,8527,2291,2231,903,1103,583,1128,740
1600000US3502000,3502000,"Albuquerque city, New Mexico",558558,60,427155,8389,17234,1993,24814,2704,16181,1492,460,410,50589,7284,22125,3337,6356,1766,15769,3072
1600000US3539380,3539380,"Las Cruces city, New Mexico",101706,34,84861,3092,3342,1425,1263,549,1437,494,0,201,7473,2412,3330,1374,681,612,2649,1180
1600000US3563460,3563460,"Rio Rancho city, New Mexico",96168,40,82754,2427,2060,626,1581,705,1536,536,102,121,3880,2093,4255,1244,1185,688,3070,1054
1600000US3570500,3570500,"Santa Fe city, New Mexico",83763,55,72668,2378,1471,481,1139,534,1556,486,272,339,4673,2327,1984,668,298,255,1686,654
1600000US3601000,3601000,"Albany city, New York",98252,24,52325,3298,27944,3058,337,358,8647,2100,0,200,3135,2010,5864,2070,796,886,5068,1851
1600000US3608026,3608026,"Brentwood CDP, New York",66458,7357,41852,7191,9367,3443,189,301,543,446,0,200,10923,4669,3584,1664,1010,975,2574,1355
1600000US3611000,3611000,"Buffalo city, New York",258592,82,120836,4613,92529,4865,894,471,17442,2494,8,16,15933,2841,10950,2693,3244,1398,7706,2191
1600000US3615000,3615000,"Cheektowaga CDP, New York",73232,2114,58081,3101,11004,3186,212,212,1355,710,0,200,732,528,1848,829,207,191,1641,759
1600000US3649121,3649121,"Mount Vernon city, New York",68702,25,12392,2328,47745,2809,374,366,2322,1303,0,200,4088,1885,1781,1168,608,605,1173,659
1600000US3650617,3650617,"New Rochelle city, New York",79956,44,44955,4114,16122,3470,0,200,4005,1617,129,213,11704,3217,3041,1321,1787,1121,1254,741
1600000US3651000,3651000,"New York city, New York",8622698,*****,3635789,24555,2094132,18240,35124,5259,1252589,10827,4501,1517,1307267,25967,293296,16574,93859,9523,199437,12751
1600000US3663000,3663000,"Rochester city, New York",208049,34,94639,4867,84754,4414,1946,1017,7937,2468,0,200,8887,2101,9886,2072,1189,558,8697,2105
1600000US3665508,3665508,"Schenectady city, New York",65626,18,39908,2723,14336,1963,211,255,5001,1603,0,200,2846,1799,3324,1460,505,580,2819,1446
1600000US3673000,3673000,"Syracuse city, New York",143398,29,75611,2860,44421,2819,1368,622,12536,1486,11,21,2684,1025,6767,1736,915,579,5852,1781
1600000US3684000,3684000,"Yonkers city, New York",202008,51,107404,6867,36815,5406,2446,1860,15098,3695,247,297,33666,5321,6332,1951,2525,1101,3807,1560
1600000US3702140,3702140,"Asheville city, North Carolina",91916,51,77066,2175,11683,1995,173,252,1015,521,0,207,532,490,1447,676,290,236,1157,611
1600000US3710740,3710740,"Cary town, North Carolina",166032,677,113595,4836,10200,2808,579,414,33395,3750,0,207,3888,2205,4375,1129,553,428,3822,1019
1600000US3712000,3712000,"Charlotte city, North Carolina",859052,70,422843,8490,295190,7512,4117,1649,55381,3441,376,287,54201,6434,26944,4495,1727,1008,25217,4181
1600000US3714100,3714100,"Concord city, North Carolina",92072,34,61079,4114,19412,3399,772,596,4309,1429,0,207,4679,2696,1821,799,829,686,992,590
1600000US3719000,3719000,"Durham city, North Carolina",267932,266,133399,3707,103002,4536,567,415,13345,1345,123,202,8687,4363,8809,2332,374,270,8435,2311
1600000US3722920,3722920,"Fayetteville city, North Carolina",209913,88,93664,3768,87632,3432,2293,853,6798,1497,1425,424,5904,1589,12197,2332,1768,991,10429,2375
1600000US3725580,3725580,"Gastonia city, North Carolina",76606,52,50071,2770,21548,2870,233,249,1302,637,0,207,1695,825,1757,788,184,282,1573,752
1600000US3728000,3728000,"Greensboro city, North Carolina",290201,79,139750,5045,124515,5693,1430,892,12969,2750,199,187,4667,1969,6671,1946,554,321,6117,1931
1600000US3728080,3728080,"Greenville city, North Carolina",92171,53,53154,3474,32920,3759,0,207,1174,686,176,283,3039,2375,1708,850,0,207,1708,850
1600000US3731400,3731400,"High Point city, North Carolina",111213,1811,58283,3835,40001,4453,731,667,7755,2120,19,39,1381,961,3043,1173,45,81,2998,1159
1600000US3734200,3734200,"Jacksonville city, North Carolina",72448,21,49008,2428,15370,2119,357,422,2855,1109,0,207,49,85,4809,1900,535,636,4274,1486
1600000US3755000,3755000,"Raleigh city, North Carolina",464972,858,264298,8157,135972,8103,1169,618,23510,3390,373,380,28330,5651,11320,2737,1484,858,9836,2616
1600000US3774440,3774440,"Wilmington city, North Carolina",119048,32,91907,2859,20586,2847,464,419,1167,656,1124,1740,807,683,2993,1029,94,115,2899,1016
1600000US3775000,3775000,"Winston-Salem city, North Carolina",244592,51,141837,4113,82611,3709,1179,685,7328,1173,325,436,4906,1893,6406,1588,773,793,5633,1457
1600000US3807200,3807200,"Bismarck city, North Dakota",71574,2814,64899,2587,1791,935,2807,1366,685,818,0,161,114,143,1278,924,0,161,1278,924
1600000US3825700,3825700,"Fargo city, North Dakota",123590,2474,103635,3037,9715,933,1565,740,4778,1594,68,112,513,622,3316,1396,132,218,3184,1313
1600000US3901000,3901000,"Akron city, Ohio",197849,31,118028,4120,61571,4119,618,428,8007,2321,231,320,398,342,8996,2253,427,472,8569,2295
1600000US3912000,3912000,"Canton city, Ohio",70893,63,51995,2457,13771,2379,136,127,370,364,43,76,94,110,4484,1577,179,225,4305,1591
1600000US3915000,3915000,"Cincinnati city, Ohio",301305,46,151869,5320,128044,6154,258,241,7944,1538,531,294,2582,1652,10077,2278,413,379,9664,2249
1600000US3916000,3916000,"Cleveland city, Ohio",385552,94,150623,5291,187759,5798,1871,831,9319,1979,36,72,15382,3139,20562,3464,3812,1595,16750,3045
1600000US3918000,3918000,"Columbus city, Ohio",881901,2861,520193,7688,252625,8056,2698,1667,53100,3870,369,338,19159,4534,33757,5412,1891,997,31866,5252
1600000US3921000,3921000,"Dayton city, Ohio",140379,41,75045,3618,57356,3859,404,296,897,485,0,193,1415,1045,5262,1421,101,179,5161,1428
1600000US3944856,3944856,"Lorain city, Ohio",63840,27,45638,2210,10618,2254,766,674,1035,686,0,193,1864,1231,3919,1397,229,210,3690,1361
1600000US3961000,3961000,"Parma city, Ohio",79159,37,71137,1946,3035,1180,494,399,1173,745,0,193,845,417,2475,971,216,228,2259,908
1600000US3977000,3977000,"Toledo city, Ohio",276494,32,174497,3626,76093,3504,675,432,3679,1165,85,101,8654,2925,12811,2677,1622,899,11189,2602
1600000US3988000,3988000,"Youngstown city, Ohio",64585,35,30019,1805,26630,2009,382,449,586,548,44,77,1775,908,5149,1723,340,431,4809,1732
1600000US4009050,4009050,"Broken Arrow city, Oklahoma",110468,1986,85818,3223,4618,1454,5246,1105,4496,1235,80,128,1693,809,8517,1636,657,423,7860,1535
1600000US4023200,4023200,"Edmond city, Oklahoma",91936,50,73117,3207,5530,2053,1629,695,3575,1367,0,161,1404,1304,6681,1705,63,104,6618,1719
1600000US4041850,4041850,"Lawton city, Oklahoma",93717,32,54392,2264,16567,2611,5095,1373,3103,716,657,574,3226,1247,10677,2765,489,717,10188,2693
1600000US4052500,4052500,"Norman city, Oklahoma",122842,26,92920,3274,6656,2334,4087,1210,5142,1606,0,161,2899,2539,11138,2417,825,668,10313,2260
1600000US4055000,4055000,"Oklahoma City city, Oklahoma",643574,70,434367,7941,96880,5253,15701,2882,29388,2993,469,541,24919,5143,41850,4070,3194,1411,38656,3951
1600000US4075000,4075000,"Tulsa city, Oklahoma",402227,972,259527,4679,60102,2912,17280,1731,16462,1814,546,387,19733,2842,28577,2891,1753,743,26824,2855
1600000US4105350,4105350,"Beaverton city, Oregon",97529,63,70799,3611,1911,903,1184,1393,14708,3437,0,207,3637,1479,5290,1460,536,546,4754,1416
1600000US4105800,4105800,"Bend city, Oregon",94527,34,88534,1883,969,340,564,447,2026,992,0,207,773,876,1661,1011,274,447,1387,847
1600000US4123850,4123850,"Eugene city, Oregon",168909,44,142508,3192,2008,807,558,413,7442,1491,94,119,6188,2555,10111,2072,1014,632,9097,1931
1600000US4131250,4131250,"Gresham city, Oregon",111039,52,84795,4954,7469,3872,1758,984,5908,2349,51,93,5400,2899,5658,1884,207,245,5451,1882
1600000US4134100,4134100,"Hillsboro city, Oregon",106903,43,76436,5600,2689,1353,146,165,12829,2838,394,602,6278,3822,8131,3463,2731,3031,5400,1900
1600000US4147000,4147000,"Medford city, Oregon",81777,25,73369,1934,398,460,2594,1245,1186,544,34,58,1998,1286,2198,846,158,228,2040,827
1600000US4159000,4159000,"Portland city, Oregon",648121,1583,500694,6123,35587,4653,5994,1222,52428,3025,4952,784,13574,3360,34892,3831,2095,810,32797,3690
1600000US4164900,4164900,"Salem city, Oregon",169790,44,136140,5178,2379,1035,1450,858,4644,1428,3930,1273,9442,4207,11805,3044,791,473,11014,2913
1600000US4202000,4202000,"Allentown city, Pennsylvania",121278,43,77546,4592,15967,3141,1486,1273,2797,1117,0,179,17316,4092,6166,2527,736,478,5430,2480
1600000US4206088,4206088,"Bethlehem city, Pennsylvania",76469,3517,57747,4414,9135,3212,57,104,1945,748,0,179,3607,2403,3978,1812,688,552,3290,1586
1600000US4224000,4224000,"Erie city, Pennsylvania",97369,21,71712,2532,14495,2004,91,170,3175,851,47,82,3521,1719,4328,1703,642,580,3686,1599
1600000US4260000,4260000,"Philadelphia city, Pennsylvania",1580863,*****,665060,9772,663708,7721,5742,1743,115279,2837,406,254,87287,10917,43381,6340,6241,2702,37140,5595
1600000US4261000,4261000,"Pittsburgh city, Pennsylvania",302414,37,202557,5172,66826,5015,748,586,19576,2851,104,126,1863,818,10740,2400,313,200,10427,2397
1600000US4263624,4263624,"Reading city, Pennsylvania",88418,34,43674,4905,16110,3811,1730,1292,402,276,0,179,8681,2429,17821,4102,867,538,16954,4147
1600000US4269000,4269000,"Scranton city, Pennsylvania",77597,35,66389,1851,2822,834,24,45,4825,993,78,114,552,483,2907,1284,531,514,2376,1078
1600000US4419180,4419180,"Cranston city, Rhode Island",81192,42,63746,3390,4899,2004,554,937,6707,2202,41,76,2445,998,2800,1488,427,529,2373,1397
1600000US4454640,4454640,"Pawtucket city, Rhode Island",72006,31,43971,3381,11299,2738,384,534,1669,988,42,75,9440,2776,5201,1506,2618,1278,2583,1007
1600000US4459000,4459000,"Providence city, Rhode Island",180388,29,109883,6142,31037,4995,1578,1019,9371,1855,648,963,20121,5255,7750,2751,2424,1727,5326,2157
1600000US4474300,4474300,"Warwick city, Rhode Island",80873,20,73430,1554,1430,671,39,65,2890,966,0,217,868,631,2216,954,314,327,1902,962
1600000US4513330,4513330,"Charleston city, South Carolina",139906,2801,105774,3743,29800,3721,247,237,1330,688,0,211,446,472,2309,1468,828,1297,1481,778
1600000US4516000,4516000,"Columbia city, South Carolina",133578,899,67486,3648,56854,3998,323,335,4285,1446,14,56,1301,907,3315,1024,102,114,3213,997
1600000US4530850,4530850,"Greenville city, South Carolina",68223,31,47062,3331,16321,3165,357,241,1541,891,246,313,1312,870,1384,602,280,215,1104,539
1600000US4548535,4548535,"Mount Pleasant town, South Carolina",86668,22,76930,2732,3615,2156,219,349,1947,1314,0,211,197,231,3760,1940,282,442,3478,1942
1600000US4550875,4550875,"North Charleston city, South Carolina",112742,3407,58536,4639,49050,4907,325,346,1333,910,0,211,419,645,3079,1348,89,109,2990,1347
1600000US4561405,4561405,"Rock Hill city, South Carolina",73064,33,40955,3601,28137,3365,162,246,1680,885,0,211,1158,1239,972,545,0,211,972,545
1600000US4652980,4652980,"Rapid City city, South Dakota",74418,25,59634,1923,957,459,8444,1482,1246,355,198,212,980,963,2959,1318,820,1026,2139,1081
1600000US4659020,4659020,"Sioux Falls city, South Dakota",176898,47,150977,1721,11396,1715,2802,1022,3756,759,37,90,1342,789,6588,1598,36,55,6552,1616
1600000US4714000,4714000,"Chattanooga city, Tennessee",179130,41,109476,3492,57983,3336,259,194,6361,1105,0,208,2190,2122,2861,1350,84,130,2777,1347
1600000US4715160,4715160,"Clarksville city, Tennessee",153210,29,102154,2625,35411,3124,672,312,3369,729,860,166,2901,1267,7843,2329,648,486,7195,2275
1600000US4727740,4727740,"Franklin city, Tennessee",78311,43,64193,2051,6198,1654,31,61,5472,1720,0,208,618,760,1799,1196,76,149,1723,1187
1600000US4738320,4738320,"Johnson City city, Tennessee",65816,801,55454,1559,5230,1264,206,293,2360,502,0,208,784,863,1782,757,224,377,1558,592
1600000US4740000,4740000,"Knoxville city, Tennessee",187344,32,142909,2945,32623,2462,287,339,4006,1144,0,208,2803,1545,4716,1290,141,136,4575,1289
1600000US4748000,4748000,"Memphis city, Tennessee",652231,47,190438,7379,415179,6606,1332,761,10949,1894,346,290,24396,4405,9591,3275,598,431,8993,3063
1600000US4751560,4751560,"Murfreesboro city, Tennessee",136372,32,97605,3711,29076,3539,264,312,3869,2346,0,208,930,653,4628,2045,0,208,4628,2045
1600000US4752006,4752006,"Nashville-Davidson metropolitan government (balance), Tennessee",665967,3574,427261,4040,181659,3434,1507,648,24150,2023,598,577,9935,2683,20857,3819,1577,882,19280,3594
1600000US4801000,4801000,"Abilene city, Texas",123304,3247,83534,3874,13074,1552,1155,793,2945,429,0,225,19188,2924,3408,1065,1050,556,2358,853
1600000US4801924,4801924,"Allen city, Texas",100679,34,70552,5254,6575,2660,231,240,17968,3871,0,225,1212,792,4141,2899,116,188,4025,2909
1600000US4803000,4803000,"Amarillo city, Texas",200558,2070,164362,3645,12974,1176,763,318,7261,1426,231,276,6599,2160,8368,2715,1583,792,6785,2523
1600000US4804000,4804000,"Arlington city, Texas",396407,71,235389,10125,99168,8575,1188,864,22775,4590,404,507,25820,7301,11663,2970,1479,870,10184,2704
1600000US4804462,4804462,"Atascocita CDP, Texas",84443,8869,58675,8029,14677,4946,433,650,3068,1514,0,225,2005,1321,5585,3674,744,881,4841,3560
1600000US4805000,4805000,"Austin city, Texas",950714,58,680312,11045,73472,5861,7793,2555,71831,4235,208,257,80926,10935,36172,4795,5646,2607,30526,4245
1600000US4806128,4806128,"Baytown city, Texas",77862,2173,60862,4785,11978,3878,242,242,525,521,133,163,2421,1839,1701,1626,55,92,1646,1625
1600000US4807000,4807000,"Beaumont city, Texas",119126,48,54560,3942,55796,3087,0,225,3269,1334,155,249,2619,1456,2727,2333,199,265,2528,2294
1600000US4810768,4810768,"Brownsville city, Texas",183292,42,177940,1661,364,300,367,385,441,352,0,225,3851,1451,329,341,256,314,73,134
1600000US4810912,4810912,"Bryan city, Texas",84029,38,61756,2676,14189,1915,95,173,1590,741,33,60,4109,1957,2257,926,455,484,1802,963
1600000US4813024,4813024,"Carrollton city, Texas",135709,43,97380,4192,13698,2835,1307,1180,18079,2959,0,225,2953,1738,2292,1054,873,704,1419,817
1600000US4813552,4813552,"Cedar Park city, Texas",75238,2812,59069,4303,2046,1156,209,273,6511,1924,40,69,2945,2189,4418,2077,286,314,4132,2028
1600000US4815976,4815976,"College Station city, Texas",113563,28,88010,2235,8571,1886,503,490,11197,1071,0,225,1292,816,3990,1232,736,594,3254,1109
1600000US4816432,4816432,"Conroe city, Texas",84379,28,70336,3352,8748,2954,136,179,1624,1304,73,126,2069,1229,1393,695,282,243,1111,670
1600000US4817000,4817000,"Corpus Christi city, Texas",325600,31,294497,1936,12879,853,1462,804,7659,485,137,229,4347,1520,4619,1321,1396,717,3223,1061
1600000US4819000,4819000,"Dallas city, Texas",1341103,156,843610,15763,328114,11889,4245,1579,49720,4831,959,640,82593,10585,31862,4668,8687,3269,23175,3384
1600000US4819972,4819972,"Denton city, Texas",136266,28,104612,3821,13388,2742,443,323,6396,2188,280,333,5663,2461,5484,1677,2709,1454,2775,1200
1600000US4822660,4822660,"Edinburg city, Texas",90271,36,80715,3170,2184,1543,355,294,2828,1907,0,225,4042,2074,147,169,69,115,78,129
1600000US4824000,4824000,"El Paso city, Texas",683583,40,519553,13067,25511,1885,3424,779,10178,1287,812,696,106503,12597,17602,3600,4575,1622,13027,3391
1600000US4826232,4826232,"Flower Mound town, Texas",76592,262,58946,3303,5153,2662,204,170,8547,1868,83,137,948,698,2711,1100,312,373,2399,1021
1600000US4827000,4827000,"Fort Worth city, Texas",876060,3155,556658,14755,155053,8744,2323,1116,38469,6687,404,426,97780,11350,25373,4421,3567,1383,21806,4297
1600000US4827684,4827684,"Frisco city, Texas",177281,45,116863,5972,11427,3054,889,554,36615,5155,33,69,2909,1218,8545,2350,1827,1118,6718,2047
1600000US4829000,4829000,"Garland city, Texas",237607,144,156964,7618,34742,6648,884,597,25466,4771,0,225,10820,4114,8731,3006,1227,835,7504,2912
1600000US4829336,4829336,"Georgetown city, Texas",70696,39,60049,4760,3831,2260,108,102,321,292,63,110,676,560,5648,4782,110,188,5538,4791
1600000US4830464,4830464,"Grand Prairie city, Texas",193812,49,116834,8030,43092,6942,879,1007,15401,4668,144,239,11010,3583,6452,2438,1954,1279,4498,1800
1600000US4832372,4832372,"Harlingen city, Texas",65462,29,59188,1610,540,323,424,455,1656,916,0,225,3061,1245,593,501,45,70,548,498
1600000US4835000,4835000,"Houston city, Texas",2313230,3285,1371725,22792,530579,16969,6985,2121,150310,10365,1118,813,202851,16883,49662,5945,9454,1634,40208,5711
1600000US4837000,4837000,"Irving city, Texas",240369,41,113887,7559,35875,5233,1663,908,45151,4501,72,125,37581,6024,6140,1902,1790,1220,4350,1450
1600000US4839148,4839148,"Killeen city, Texas",145484,36,63583,4958,54588,3815,1489,1510,7910,1804,2070,904,5782,2896,10062,2543,1303,969,8759,2293
1600000US4841464,4841464,"Laredo city, Texas",261935,3305,251077,3757,581,427,569,492,1562,473,93,159,7137,1884,916,467,314,329,602,322
1600000US4841980,4841980,"League City city, Texas",105105,1015,85771,4260,9045,3880,178,299,7695,2185,0,225,648,712,1768,949,171,292,1597,999
1600000US4842508,4842508,"Lewisville city, Texas",106656,1585,66848,5565,18207,3978,757,659,12924,3820,149,256,3926,2331,3845,1261,642,425,3203,1162
1600000US4843888,4843888,"Longview city, Texas",83081,1264,59453,2654,19200,2268,21,39,1314,754,375,620,1417,1017,1301,986,140,218,1161,947
1600000US4845000,4845000,"Lubbock city, Texas",253887,29,207562,3859,21585,1406,2135,1190,7070,828,259,300,9543,3126,5733,1444,984,724,4749,1249
1600000US4845384,4845384,"McAllen city, Texas",142699,30,108627,6852,1066,1454,700,1021,3478,1968,372,439,27523,6653,933,654,616,602,317,263
1600000US4845744,4845744,"McKinney city, Texas",181330,40,135273,5429,22531,4423,901,559,15911,3468,0,225,2780,1535,3934,1471,213,346,3721,1483
1600000US4846452,4846452,"Mansfield city, Texas",69007,1136,49900,3895,12609,3510,77,129,1898,1252,0,225,1762,960,2761,1445,718,557,2043,1287
1600000US4847892,4847892,"Mesquite city, Texas",143822,36,96586,6506,32704,5656,418,425,4165,1887,0,225,4557,1685,5392,1631,981,646,4411,1427
1600000US4848072,4848072,"Midland city, Texas",136090,23,112372,2903,11290,958,419,509,3339,708,0,225,7406,2581,1264,589,232,304,1032,595
1600000US4848804,4848804,"Missouri City city, Texas",72519,2803,21966,4175,26821,4864,0,225,19363,4451,0,225,3068,2834,1301,827,756,661,545,498
1600000US4850820,4850820,"New Braunfels city, Texas",82306,3431,76133,3362,1059,748,438,340,1077,519,0,225,1699,861,1900,910,680,546,1220,656
1600000US4852356,4852356,"North Richland Hills city, Texas",70446,30,58051,3409,3588,1731,1430,1621,3385,2229,77,145,2855,1596,1060,645,54,87,1006,663
1600000US4853388,4853388,"Odessa city, Texas",117105,1422,85447,4129,6580,1060,432,392,2163,659,277,434,17418,4026,4788,1825,1132,687,3656,1724
1600000US4856000,4856000,"Pasadena city, Texas",153533,52,136392,3928,5541,2335,364,355,2801,1060,45,75,4262,1811,4128,2223,891,599,3237,2070
1600000US4856348,4856348,"Pearland city, Texas",125198,4759,79573,7170,23842,5064,1025,774,14143,3379,0,225,3127,2105,3488,1957,281,360,3207,1980
1600000US4858016,4858016,"Plano city, Texas",285312,948,188118,7134,26049,5164,1173,625,56201,5169,277,205,4353,1446,9141,1982,1857,1048,7284,1898
1600000US4861796,4861796,"Richardson city, Texas",116783,41,79246,5358,12610,3975,208,156,17220,3355,236,271,3890,3670,3373,1278,482,533,2891,1130
1600000US4863500,4863500,"Round Rock city, Texas",123560,1128,88008,5384,15202,4635,164,273,9943,2517,0,225,5501,2733,4742,1782,526,508,4216,1773
1600000US4864472,4864472,"San Angelo city, Texas",94940,3556,73296,4322,5202,880,389,405,1308,536,108,174,12676,3205,1961,967,175,189,1786,954
1600000US4865000,4865000,"San Antonio city, Texas",1511913,67,1206751,12593,105602,6600,6373,1550,39920,4059,1619,639,105368,10306,46280,6345,11693,2402,34587,6102
1600000US4870808,4870808,"Sugar Land city, Texas",88488,32,44629,5191,2781,1737,169,207,38239,5356,0,225,1225,827,1445,960,145,245,1300,928
1600000US4872176,4872176,"Temple city, Texas",74494,40,60080,3503,10471,3035,210,213,770,539,0,225,2066,1259,897,583,128,165,769,562
1600000US4872656,4872656,"The Woodlands CDP, Texas",115097,9666,94997,9623,4943,2683,244,291,9770,3222,223,379,3211,1797,1709,985,346,352,1363,911
1600000US4874144,4874144,"Tyler city, Texas",104998,38,71821,3382,27141,3063,254,161,2052,1162,0,225,1996,1327,1734,1109,34,61,1700,1109
1600000US4875428,4875428,"Victoria city, Texas",67102,24,57456,1805,5467,1035,519,819,386,527,0,225,1780,918,1494,720,52,90,1442,712
1600000US4876000,4876000,"Waco city, Texas",136437,36,93572,3098,28535,2050,1349,1477,3527,679,0,225,6503,2126,2951,936,380,297,2571,874
1600000US4879000,4879000,"Wichita Falls city, Texas",104745,23,74665,2541,13096,1195,1306,629,2130,612,88,122,9339,2410,4121,1114,541,295,3580,1103
1600000US4943660,4943660,"Layton city, Utah",76694,29,67966,2196,925,604,642,397,2061,904,832,686,579,436,3689,1837,10,21,3679,1838
1600000US4955980,4955980,"Ogden city, Utah",87037,32,69580,2995,2241,1264,1226,864,512,463,193,238,9189,2922,4096,1557,480,415,3616,1498
1600000US4957300,4957300,"Orem city, Utah",97840,29,87802,2537,482,496,786,537,2972,1497,1905,1462,1957,1220,1936,870,271,456,1665,785
1600000US4962470,4962470,"Provo city, Utah",117331,31,103720,2145,1254,1056,330,242,3520,1024,530,397,3999,1269,3978,1330,238,218,3740,1308
1600000US4965330,4965330,"St. George city, Utah",84390,52,75083,2144,931,722,87,116,2591,1243,1237,686,2826,2050,1635,1074,298,408,1337,991
1600000US4967000,4967000,"Salt Lake City city, Utah",200538,36,146460,6307,3419,1568,3342,1806,10910,2065,3906,2213,25843,6538,6658,1664,1065,702,5593,1517
1600000US4967440,4967440,"Sandy city, Utah",96146,34,88188,2608,508,464,314,517,2539,1078,282,414,2832,1730,1483,853,450,563,1033,660
1600000US4970850,4970850,"South Jordan city, Utah",70953,30,62795,2485,322,294,201,278,3180,1643,1142,1348,1444,1444,1869,1230,344,408,1525,1123
1600000US4982950,4982950,"West Jordan city, Utah",113921,68,83353,8207,1483,992,748,780,3783,1801,445,562,20363,8561,3746,1343,490,463,3256,1196
1600000US4983470,4983470,"West Valley City city, Utah",136166,41,75672,6439,4128,2185,955,649,6997,1968,3721,2189,35960,6202,8733,3054,3352,1705,5381,2479
1600000US5101000,5101000,"Alexandria city, Virginia",160035,*****,98509,3079,37374,957,595,656,9296,1266,60,97,7913,2771,6288,1769,1371,1215,4917,1475
1600000US5103000,5103000,"Arlington CDP, Virginia",234965,*****,166594,3391,22603,1153,648,548,24948,1297,0,204,12476,3329,7696,1642,513,500,7183,1546
1600000US5114440,5114440,"Centreville CDP, Virginia",78355,7110,37288,4210,8720,3482,247,338,25068,5307,58,99,4102,2977,2872,1258,370,416,2502,1087
1600000US5116000,5116000,"Chesapeake city, Virginia",240397,*****,146245,1563,73562,2232,580,326,7690,1012,71,116,2064,1011,10185,2412,1018,893,9167,2156
1600000US5121088,5121088,"Dale City CDP, Virginia",70223,8424,32753,5356,18163,4021,184,185,5259,1784,118,193,8358,3868,5388,2068,1737,994,3651,1772
1600000US5135000,5135000,"Hampton city, Virginia",134669,*****,54485,1135,66723,1557,436,280,3334,642,159,219,3311,1488,6221,1643,639,519,5582,1542
1600000US5147672,5147672,"Lynchburg city, Virginia",80995,*****,52171,740,22349,913,555,486,2168,262,31,51,903,659,2818,944,920,509,1898,854
1600000US5156000,5156000,"Newport News city, Virginia",179388,*****,87810,1662,72769,2148,928,627,5799,791,159,233,2646,1153,9277,2246,578,471,8699,2241
1600000US5157000,5157000,"Norfolk city, Virginia",244703,*****,113412,1544,101382,2019,1095,654,8664,977,137,185,8186,1912,11827,2078,1141,609,10686,2011
1600000US5164000,5164000,"Portsmouth city, Virginia",94572,*****,37326,1128,50430,1457,494,375,1294,290,70,119,1165,855,3793,1345,135,226,3658,1350
1600000US5167000,5167000,"Richmond city, Virginia",227032,*****,103616,1928,107022,1783,90,103,4645,624,0,204,3375,1324,8284,2360,621,401,7663,2346
1600000US5168000,5168000,"Roanoke city, Virginia",99837,*****,61187,1537,28160,2993,337,250,3141,756,0,204,2192,1979,4820,2817,117,163,4703,2798
1600000US5176432,5176432,"Suffolk city, Virginia",90237,*****,46675,1000,37496,1424,323,183,2023,447,0,204,303,311,3417,1577,370,530,3047,1528
1600000US5182000,5182000,"Virginia Beach city, Virginia",450435,*****,294819,2555,85486,2915,1123,865,30751,1889,365,330,11525,2671,26366,3325,1752,936,24614,3389
1600000US5303180,5303180,"Auburn city, Washington",79619,2056,55067,4312,3120,1441,915,605,8951,2665,2918,2224,4609,1940,4039,1538,67,95,3972,1545
1600000US5305210,5305210,"Bellevue city, Washington",144459,65,81117,4694,3846,1858,364,405,49669,4533,1097,834,2825,1829,5541,1699,1014,630,4527,1665
1600000US5305280,5305280,"Bellingham city, Washington",89044,27,75006,2105,1276,484,1285,514,4802,1261,0,204,1137,829,5538,1305,885,668,4653,1325
1600000US5322640,5322640,"Everett city, Washington",110086,40,80644,4671,6554,2227,286,287,9083,2452,355,459,5725,2600,7439,2184,112,132,7327,2154
1600000US5323515,5323515,"Federal Way city, Washington",96691,33,49919,5388,12084,3519,643,578,13734,3421,1060,1005,10311,3952,8940,2555,502,369,8438,2450
1600000US5335275,5335275,"Kennewick city, Washington",81601,32,64682,4002,1678,1034,1639,1893,2569,1121,0,204,8651,3114,2382,1379,412,445,1970,1282
1600000US5335415,5335415,"Kent city, Washington",128463,46,65623,6968,12087,4053,956,666,27681,5900,761,701,12410,3393,8945,2861,1199,977,7746,2610
1600000US5335940,5335940,"Kirkland city, Washington",88630,30,66007,2930,1724,904,84,138,12674,2645,0,204,1397,1137,6744,1436,317,248,6427,1374
1600000US5343955,5343955,"Marysville city, Washington",68859,32,55564,3803,929,683,764,506,4720,2763,599,633,1872,1388,4411,1453,756,623,3655,1220
1600000US5353545,5353545,"Pasco city, Washington",67205,4500,45093,4830,927,847,2220,1832,2192,1208,677,811,12759,3965,3337,1775,1957,1389,1380,1068
1600000US5357745,5357745,"Renton city, Washington",101372,38,54250,4498,8561,2668,299,195,19192,3274,930,679,10752,3076,7388,2389,1637,1121,5751,1913
1600000US5363000,5363000,"Seattle city, Washington",724764,86,487046,9219,49980,6201,2883,1264,114680,7890,2128,1264,19044,5267,49003,4935,3321,1358,45682,5080
1600000US5367000,5367000,"Spokane city, Washington",217096,45,184360,3039,4687,1513,3375,1076,5978,1653,2508,890,2235,1035,13953,2247,720,459,13233,2144
1600000US5367167,5367167,"Spokane Valley city, Washington",97858,40,87699,2501,1148,805,1690,998,1393,1051,399,419,1356,1042,4173,1429,0,204,4173,1429
1600000US5370000,5370000,"Tacoma city, Washington",213426,48,140604,5284,22671,3123,3420,1621,17336,2560,2683,1494,8156,2831,18556,3451,1077,724,17479,3283
1600000US5374060,5374060,"Vancouver city, Washington",175661,49,141782,3260,3885,1661,660,431,10393,1937,2828,909,5568,1729,10545,2233,466,407,10079,2198
1600000US5380010,5380010,"Yakima city, Washington",93669,33,69452,4554,915,868,619,375,926,425,16,32,17667,4444,4074,1736,270,261,3804,1701
1600000US5502375,5502375,"Appleton city, Wisconsin",73984,1695,61593,2255,2524,953,786,455,6603,1123,50,84,1086,1087,1342,588,139,113,1203,566
1600000US5522300,5522300,"Eau Claire city, Wisconsin",69835,1105,62644,1257,767,377,462,316,2601,1841,2068,2090,43,79,1250,665,125,167,1125,649
1600000US5531000,5531000,"Green Bay city, Wisconsin",105114,24,80661,3422,5111,1064,3539,1039,3443,1489,0,151,7390,2673,4970,1511,648,750,4322,1505
1600000US5539225,5539225,"Kenosha city, Wisconsin",99875,23,76966,2584,11558,1190,578,489,1660,687,0,151,4382,1859,4731,1445,710,970,4021,1216
1600000US5548000,5548000,"Madison city, Wisconsin",255239,89,202314,4036,14410,2511,1099,530,24495,2498,371,342,4295,2042,8255,1818,742,586,7513,1774
1600000US5553000,5553000,"Milwaukee city, Wisconsin",595365,60,261951,6014,232375,5304,3062,888,25793,2571,92,153,46860,5080,25232,3719,6985,1978,18247,2829
1600000US5560500,5560500,"Oshkosh city, Wisconsin",66668,25,60797,1313,2626,600,218,287,1620,1061,0,151,85,118,1322,548,0,151,1322,548
1600000US5566000,5566000,"Racine city, Wisconsin",77555,50,51059,2635,16902,2302,340,326,746,479,0,151,3809,1739,4699,1861,264,259,4435,1849
1600000US5584250,5584250,"Waukesha city, Wisconsin",72483,32,65290,1712,1756,915,316,285,2246,956,0,151,1568,1020,1307,571,337,338,970,444
