GEO.id,GEO.id2,GEO.display-label,HD01_VD01,HD02_VD01,HD01_VD02,HD02_VD02,HD01_VD03,HD02_VD03,HD01_VD04,HD02_VD04,HD01_VD05,HD02_VD05,HD01_VD06,HD02_VD06,HD01_VD07,HD02_VD07,HD01_VD08,HD02_VD08,HD01_VD09,HD02_VD09,HD01_VD10,HD02_VD10
Id,Id2,Geography,Estimate; Total:,Margin of Error; Total:,Estimate; Total: - White alone,Margin of Error; Total: - White alone,Estimate; Total: - Black or African American alone,Margin of Error; Total: - Black or African American alone,Estimate; Total: - American Indian and Alaska Native alone,Margin of Error; Total: - American Indian and Alaska Native alone,Estimate; Total: - Asian alone,Margin of Error; Total: - Asian alone,Estimate; Total: - Native Hawaiian and Other Pacific Islander alone,Margin of Error; Total: - Native Hawaiian and Other Pacific Islander alone,Estimate; Total: - Some other race alone,Margin of Error; Total: - Some other race alone,Estimate; Total: - Two or more races:,Margin of Error; Total: - Two or more races:,Estimate; Total: - Two or more races: - Two races including Some other race,Margin of Error; Total: - Two or more races: - Two races including Some other race,"Estimate; Total: - Two or more races: - Two races excluding Some other race, and three or more races","Margin of Error; Total: - Two or more races: - Two races excluding Some other race, and three or more races"
1600000US0107000,0107000,"Birmingham city, Alabama",214911,2144,49826,3905,156354,4422,438,413,1394,738,0,192,4626,2072,2273,1287,298,403,1975,1266
1600000US0121184,0121184,"Dothan city, Alabama",67536,296,42298,1148,22489,1123,238,181,770,163,140,227,178,169,1423,484,157,172,1266,467
1600000US0135896,0135896,"Hoover city, Alabama",84839,44,60365,3643,17378,3721,0,192,4505,2473,0,192,1055,1388,1536,937,211,300,1325,909
1600000US0137000,0137000,"Huntsville city, Alabama",189114,348,117924,4237,59235,3835,259,226,4785,1269,47,80,1839,1112,5025,1762,247,299,4778,1606
1600000US0150000,0150000,"Mobile city, Alabama",194305,64,89161,4538,93089,4491,372,269,4854,1261,0,192,1403,960,5426,2041,439,420,4987,1971
1600000US0151000,0151000,"Montgomery city, Alabama",200586,59,70322,2817,119588,2624,232,172,4575,1174,16,33,1624,1287,4229,1335,694,486,3535,1269
1600000US0177256,0177256,"Tuscaloosa city, Alabama",98338,39,52144,3014,42061,2909,128,126,2577,643,275,449,644,771,509,347,0,192,509,347
1600000US0203000,0203000,"Anchorage municipality, Alaska",298695,*****,188025,2294,18385,1519,19466,2343,29106,2220,5556,1761,9587,2764,28570,3898,2129,1379,26441,3968
1600000US0404720,0404720,"Avondale city, Arizona",80683,34,60327,3790,10505,2801,313,195,2243,1080,73,102,5097,1862,2125,1002,265,282,1860,912
1600000US0410670,0410670,"Casas Adobes CDP, Arizona",65265,4808,55162,4556,847,465,752,517,2082,799,603,756,1867,873,3952,1521,420,333,3532,1490
1600000US0412000,0412000,"Chandler city, Arizona",260833,52,199992,6301,12847,3134,3978,1620,28715,4932,0,201,5432,1633,9869,2392,1140,573,8729,2337
1600000US0423620,0423620,"Flagstaff city, Arizona",70317,23,55560,2170,1749,701,4520,1628,1830,592,183,218,3320,1382,3155,986,431,468,2724,1034
1600000US0427400,0427400,"Gilbert town, Arizona",247523,79,204014,5674,7024,2473,4009,2844,16558,3181,276,303,7688,2304,7954,2221,828,557,7126,2114
1600000US0427820,0427820,"Glendale city, Arizona",240114,68,193269,4851,12775,2582,1738,987,12331,2441,468,349,8996,2084,10537,2548,2786,1718,7751,1737
1600000US0428380,0428380,"Goodyear city, Arizona",79003,30,61361,3236,7878,2889,303,252,4700,2125,103,122,1973,1116,2685,1102,412,519,2273,1011
1600000US0446000,0446000,"Mesa city, Arizona",471833,63,397988,6410,17601,3457,10504,3351,10340,2503,2110,1132,16931,3057,16359,3054,2754,1338,13605,2954
1600000US0454050,0454050,"Peoria city, Arizona",171242,64,146359,5227,6167,2857,1808,1213,4752,1441,522,448,6187,3934,5447,1752,501,358,4946,1729
1600000US0455000,0455000,"Phoenix city, Arizona",1563001,125,1119488,16311,110408,7628,31203,4881,51845,5545,2672,1300,196022,13099,51363,5245,13578,3010,37785,4441
1600000US0464210,0464210,"San Tan Valley CDP, Arizona",82797,7215,71208,6872,1631,1211,2296,2668,954,594,0,201,2392,1208,4316,2128,1946,1537,2370,1705
1600000US0465000,0465000,"Scottsdale city, Arizona",236844,39,200629,6753,3831,1401,5212,4918,9212,2047,599,811,12182,5026,5179,1733,231,215,4948,1736
1600000US0471510,0471510,"Surprise city, Arizona",128442,81,110910,4186,7720,3302,267,447,1605,760,280,448,2959,1415,4701,1736,521,467,4180,1676
1600000US0473000,0473000,"Tempe city, Arizona",175826,32,124518,6080,9759,2862,3355,1517,14658,2573,821,724,16560,4779,6155,1631,1060,676,5095,1390
1600000US0477000,0477000,"Tucson city, Arizona",531674,124,386958,8456,27290,2971,17754,4802,16623,1694,641,582,61278,7765,21130,2882,4522,1504,16608,2394
1600000US0485540,0485540,"Yuma city, Arizona",94145,37,67688,4411,2868,1091,498,394,727,498,0,201,19880,4121,2484,987,860,541,1624,755
1600000US0523290,0523290,"Fayetteville city, Arkansas",82832,28,64520,2522,6403,1094,318,346,3305,1116,0,190,3976,2131,4310,1534,497,577,3813,1516
1600000US0524550,0524550,"Fort Smith city, Arkansas",88195,20,62947,2533,9447,479,1301,754,5210,681,0,190,5777,2410,3513,990,855,750,2658,979
1600000US0535710,0535710,"Jonesboro city, Arkansas",73906,22,54103,1674,12712,1701,1473,1216,1282,270,0,190,1813,947,2523,1362,0,190,2523,1362
1600000US0541000,0541000,"Little Rock city, Arkansas",197986,42,100467,4968,84068,4971,37,59,7412,1034,59,98,2860,2032,3083,1190,1000,797,2083,886
1600000US0566080,0566080,"Springdale city, Arkansas",80454,3051,55848,5391,1537,1003,259,236,1239,930,5227,539,14993,4207,1351,647,640,403,711,450
1600000US0600562,0600562,"Alameda city, California",78614,58,39158,3966,6085,2153,342,263,24025,4147,758,493,2309,1097,5937,1806,1161,765,4776,1738
1600000US0600884,0600884,"Alhambra city, California",85572,78,19318,2951,1508,1036,42,68,43279,3374,243,324,19292,3571,1890,1062,457,393,1433,922
1600000US0602000,0602000,"Anaheim city, California",350738,52,252059,8284,8238,2858,818,433,48515,5706,1362,1081,31181,5765,8565,2080,1702,638,6863,1953
1600000US0602252,0602252,"Antioch city, California",110542,43,45776,5145,21411,5233,1404,1527,11135,4113,2698,2428,19878,4689,8240,2194,3596,1770,4644,1522
1600000US0602364,0602364,"Apple Valley town, California",72185,47,57222,3046,6703,2295,782,1279,1322,731,45,95,2136,1189,3975,1691,666,553,3309,1659
1600000US0602553,0602553,"Arden-Arcade CDP, California",96276,5413,65115,5443,11373,3121,599,409,5938,1827,0,201,7949,2543,5302,1411,935,631,4367,1254
1600000US0603526,0603526,"Bakersfield city, California",373627,62,263245,7596,31245,3791,3791,1822,29215,3500,783,625,33263,6514,12085,3062,4764,1869,7321,2266
1600000US0603666,0603666,"Baldwin Park city, California",77056,57,35892,5294,1504,1312,237,231,14954,3505,0,201,22904,5255,1565,1051,1446,1057,119,120
1600000US0604982,0604982,"Bellflower city, California",78434,46,21887,3047,12191,2851,486,412,10080,2651,151,254,31732,4171,1907,918,651,467,1256,833
1600000US0606000,0606000,"Berkeley city, California",120971,32,76218,3952,9122,2333,666,395,22282,2755,100,117,4788,1774,7795,1476,1217,628,6578,1367
1600000US0608786,0608786,"Buena Park city, California",83264,39,46459,5158,790,529,158,201,23363,4005,1856,2011,8102,3018,2536,1043,925,622,1611,874
1600000US0608954,0608954,"Burbank city, California",105314,30,75789,4341,2842,1318,525,690,12866,2780,0,201,8726,2769,4566,1706,633,551,3933,1680
1600000US0610046,0610046,"Camarillo city, California",67623,57,56522,2557,919,802,28,52,5247,1542,0,201,1501,845,3406,1418,621,455,2785,1419
1600000US0611194,0611194,"Carlsbad city, California",113466,55,96043,3383,513,460,540,416,10219,2943,223,207,2584,1610,3344,1348,501,520,2843,1261
1600000US0611390,0611390,"Carmichael CDP, California",63215,5205,50066,4661,3123,1475,210,253,1617,798,268,313,2021,1909,5910,2527,179,207,5731,2526
1600000US0611530,0611530,"Carson city, California",93296,51,26187,4190,18859,3934,1579,1191,29489,4939,2389,1513,10763,3482,4030,1311,1472,745,2558,982
1600000US0613014,0613014,"Chico city, California",90336,76,75512,2127,1191,645,879,756,4554,1775,134,195,2777,831,5289,1328,519,456,4770,1209
1600000US0613210,0613210,"Chino city, California",85599,36,38503,3634,4386,1080,504,367,10959,2325,146,205,22650,3691,8451,1714,2232,966,6219,1417
1600000US0613214,0613214,"Chino Hills city, California",78313,45,37675,4649,3221,1782,719,836,26951,3616,124,214,7052,3496,2571,1075,267,335,2304,1047
1600000US0613392,0613392,"Chula Vista city, California",265754,41,173466,7485,13412,3697,823,556,42433,5832,1354,1159,22689,5048,11577,2423,2571,1066,9006,2255
1600000US0613588,0613588,"Citrus Heights city, California",87053,31,74148,3143,4782,2489,109,134,2215,1015,196,233,1613,843,3990,1274,631,376,3359,1155
1600000US0614218,0614218,"Clovis city, California",104172,39,74136,4621,2721,1801,731,756,12745,3125,0,201,9634,3292,4205,1282,959,568,3246,1119
1600000US0615044,0615044,"Compton city, California",98448,60,52935,5084,25938,3922,269,289,1624,1418,981,1535,15257,3264,1444,750,1202,726,242,234
1600000US0616000,0616000,"Concord city, California",128668,33,86429,5548,5168,2965,145,156,13828,3559,936,1198,15053,4009,7109,2362,2264,1777,4845,1552
1600000US0616350,0616350,"Corona city, California",164242,72,112825,5302,8235,2410,571,495,18099,3532,221,210,16866,4655,7425,1775,2232,1137,5193,1644
1600000US0616532,0616532,"Costa Mesa city, California",113186,65,84639,4492,2688,1625,1006,632,7676,1963,1256,1374,12782,3588,3139,984,503,447,2636,875
1600000US0617918,0617918,"Daly City city, California",106574,51,22619,3475,4570,1444,553,653,59688,4921,2255,1717,13342,3603,3547,1214,478,427,3069,1141
1600000US0618100,0618100,"Davis city, California",67656,40,43506,2499,1374,707,97,135,14682,2133,98,150,3061,1058,4838,1399,614,491,4224,1273
1600000US0619766,0619766,"Downey city, California",114211,38,76069,5005,4832,2172,243,235,8782,2086,101,117,21962,4616,2222,1103,1047,541,1175,841
1600000US0620802,0620802,"East Los Angeles CDP, California",119666,8790,48057,5926,363,341,451,350,945,622,0,201,68630,7712,1220,588,937,487,283,339
1600000US0621712,0621712,"El Cajon city, California",103688,42,78399,3992,5406,1843,168,183,2707,936,912,943,9377,3378,6719,2055,1201,942,5518,1715
1600000US0622020,0622020,"Elk Grove city, California",166890,98,75674,5826,16672,3888,379,258,50282,6352,3014,2159,6338,2117,14531,3418,2689,1264,11842,3563
1600000US0622230,0622230,"El Monte city, California",116745,48,63280,4621,274,198,426,345,32881,3968,130,162,18679,4367,1075,539,446,330,629,427
1600000US0622804,0622804,"Escondido city, California",151458,40,116093,5150,4333,1888,1333,879,12671,3642,393,424,10968,2733,5667,1918,1529,960,4138,1750
1600000US0623182,0623182,"Fairfield city, California",112972,33,57900,4498,15796,2538,578,480,18386,3328,1590,740,11433,3676,7289,1803,1062,542,6227,1653
1600000US0624638,0624638,"Folsom city, California",76368,32,53741,2978,2973,899,311,199,13405,2263,627,841,1271,444,4040,1456,780,510,3260,1283
1600000US0624680,0624680,"Fontana city, California",207472,61,79854,8153,14490,3568,1206,838,12449,3307,224,341,92082,8250,7167,2311,3347,1986,3820,1572
1600000US0626000,0626000,"Fremont city, California",232191,58,58670,5085,6071,2380,527,317,132865,5779,3959,1766,17885,5874,12214,2460,3342,1777,8872,2098
1600000US0627000,0627000,"Fresno city, California",520072,85,311604,9817,40021,3012,5904,1719,69359,4938,1257,678,75090,7974,16837,2965,3127,1259,13710,2581
1600000US0628000,0628000,"Fullerton city, California",140849,37,85666,5973,3174,1413,197,249,30849,4634,394,436,13746,4797,6823,1769,1201,584,5622,1610
1600000US0629000,0629000,"Garden Grove city, California",175384,59,64048,6144,1084,748,1148,819,70118,5760,558,430,35306,5558,3122,973,657,405,2465,863
1600000US0630000,0630000,"Glendale city, California",201025,38,142232,5581,3539,1709,167,172,38323,4568,371,343,11122,2757,5271,1474,518,318,4753,1431
1600000US0632548,0632548,"Hawthorne city, California",88444,40,22545,3667,20617,3726,339,305,7361,2185,132,167,35878,4868,1572,865,478,339,1094,776
1600000US0633000,0633000,"Hayward city, California",158300,58,67679,6303,16822,2916,941,564,41446,5060,3388,1421,18285,4388,9739,2343,2130,821,7609,2302
1600000US0633182,0633182,"Hemet city, California",83873,54,65152,4012,6421,2610,1181,905,3196,1764,649,803,4284,2090,2990,1167,605,530,2385,959
1600000US0633434,0633434,"Hesperia city, California",93286,41,76974,3516,4703,2139,1490,1641,1164,560,65,112,7102,2235,1788,824,586,395,1202,720
1600000US0636000,0636000,"Huntington Beach city, California",201927,102,145828,6502,2862,1330,1358,1232,22739,3764,643,557,17321,5789,11176,2556,2559,1595,8617,2042
1600000US0636448,0636448,"Indio city, California",87526,41,47273,5066,2887,2258,979,910,2120,1502,0,201,32462,4503,1805,873,688,457,1117,766
1600000US0636546,0636546,"Inglewood city, California",111656,42,31421,4874,42220,5374,416,341,1677,1096,71,132,32156,5241,3695,1126,432,369,3263,1202
1600000US0636770,0636770,"Irvine city, California",256927,35,116385,7927,7605,4039,207,219,116420,8132,362,538,4277,1071,11671,3006,757,428,10914,2945
1600000US0637692,0637692,"Jurupa Valley city, California",100314,33,56160,4852,2853,1401,987,879,4087,2798,69,131,34044,4529,2114,922,534,356,1580,820
1600000US0639248,0639248,"Laguna Niguel city, California",65812,36,52322,3157,397,348,800,1313,6683,2102,424,481,1494,1176,3692,1255,553,474,3139,1203
1600000US0639496,0639496,"Lake Forest city, California",82497,40,55977,4616,1717,1228,219,220,13868,3446,0,201,5745,2924,4971,1977,378,322,4593,1958
1600000US0639892,0639892,"Lakewood city, California",81592,75,40989,3937,5351,1508,142,178,17524,3621,2176,1656,11557,3067,3853,1271,1922,943,1931,798
1600000US0640130,0640130,"Lancaster city, California",161113,54,104759,5487,32622,5381,536,331,7274,2323,0,201,8969,1971,6953,1553,1638,790,5315,1422
1600000US0641992,0641992,"Livermore city, California",88117,40,67710,3799,1452,1595,273,242,10932,3509,109,176,1751,717,5890,1608,672,559,5218,1611
1600000US0643000,0643000,"Long Beach city, California",474172,128,262242,8807,58597,6002,8376,2804,58754,6707,5017,2317,60322,7036,20864,3048,5202,1687,15662,2729
1600000US0644000,0644000,"Los Angeles city, California",3971896,92,2068389,26176,364740,11761,34816,5284,457354,11843,6663,2651,906458,25887,133476,7917,35516,4161,97960,6880
1600000US0644574,0644574,"Lynwood city, California",72005,59,47749,4376,4915,1978,375,443,865,740,0,201,16894,3658,1207,599,933,577,274,284
1600000US0645484,0645484,"Manteca city, California",75450,32,50999,4250,4106,1902,240,267,5682,2277,820,924,7038,2318,6565,2645,457,425,6108,2658
1600000US0646842,0646842,"Menifee city, California",87163,45,58026,4327,4919,1740,742,454,4592,1655,289,247,12835,3850,5760,1794,1490,967,4270,1665
1600000US0646898,0646898,"Merced city, California",82440,33,38789,3667,4699,1702,855,661,8554,2547,20,34,24768,3889,4755,1498,1452,656,3303,1380
1600000US0647766,0647766,"Milpitas city, California",77617,45,15425,2917,2128,1407,262,311,51283,3594,349,587,6107,2371,2063,842,397,318,1666,776
1600000US0648256,0648256,"Mission Viejo city, California",97163,38,76857,3582,1314,1039,83,99,10335,2747,181,229,3505,2059,4888,1337,953,580,3935,1230
1600000US0648354,0648354,"Modesto city, California",211257,50,159183,5589,7428,1906,1721,909,15852,3392,2287,1236,16106,3286,8680,2071,1534,829,7146,1842
1600000US0649270,0649270,"Moreno Valley city, California",204181,73,86265,7276,33400,4696,722,468,9943,3044,1165,895,67522,8667,5164,1589,1058,600,4106,1544
1600000US0649670,0649670,"Mountain View city, California",80438,27,47871,4376,1258,817,167,198,20805,3291,135,164,5965,3231,4237,1219,709,458,3528,1045
1600000US0650076,0650076,"Murrieta city, California",109816,59,70564,5521,7457,2545,443,422,12728,3572,591,670,10229,3677,7804,2645,973,822,6831,2492
1600000US0650258,0650258,"Napa city, California",80429,31,55882,3420,382,345,1066,1295,2972,1048,106,148,17971,3298,2050,812,250,268,1800,769
1600000US0651182,0651182,"Newport Beach city, California",87131,35,72442,3359,168,176,286,311,8056,2969,109,163,3698,2327,2372,1640,65,106,2307,1636
1600000US0652526,0652526,"Norwalk city, California",107145,37,45320,6063,4740,2031,724,687,15214,3460,220,240,38461,5356,2466,853,1289,503,1177,589
1600000US0653000,0653000,"Oakland city, California",419278,67,154160,8210,104481,6529,3540,1355,64168,5451,1756,1086,65259,7544,25914,3513,2684,866,23230,3548
1600000US0653322,0653322,"Oceanside city, California",175714,86,130609,5929,9381,2829,1108,918,14946,4652,1658,1362,7783,2293,10229,2653,2008,1134,8221,2313
1600000US0653896,0653896,"Ontario city, California",171200,64,66111,5410,11077,3314,1005,835,11853,3551,191,272,69645,6495,11318,3227,6149,2426,5169,1698
1600000US0653980,0653980,"Orange city, California",140995,36,97023,5965,2415,1723,351,433,19383,3775,127,157,17805,5332,3891,1507,916,596,2975,1330
1600000US0654652,0654652,"Oxnard city, California",207252,43,159325,5393,5249,2167,4414,2952,15595,2986,1022,860,15000,3224,6647,2115,1104,521,5543,1967
1600000US0655156,0655156,"Palmdale city, California",158350,40,68892,6594,23906,4319,1670,1317,9034,3044,598,903,46899,7396,7351,1833,3435,1280,3916,1270
1600000US0655282,0655282,"Palo Alto city, California",66848,33,40346,2810,818,415,36,62,21074,3064,0,201,1008,988,3566,1335,248,343,3318,1299
1600000US0656000,0656000,"Pasadena city, California",142246,35,72764,5268,14121,2800,395,279,21205,3859,148,243,28792,4844,4821,1311,771,430,4050,1262
1600000US0656700,0656700,"Perris city, California",74959,50,22487,4403,8390,3585,406,611,2799,1431,0,201,39371,4631,1506,1020,386,337,1120,891
1600000US0657456,0657456,"Pittsburg city, California",69427,37,20444,3445,13169,2947,386,384,11579,2827,694,597,16847,4271,6308,1783,1558,908,4750,1728
1600000US0657792,0657792,"Pleasanton city, California",79519,40,46094,3757,1347,966,232,203,24950,3684,890,657,1815,1569,4191,1671,382,386,3809,1655
1600000US0658072,0658072,"Pomona city, California",153252,62,88854,5557,9971,2577,1532,798,14478,2875,365,569,29902,5192,8150,2531,3691,2163,4459,1844
1600000US0659444,0659444,"Rancho Cordova city, California",71026,45,42851,3715,6063,2101,773,658,10663,2393,961,712,3480,1646,6235,1895,717,553,5518,1875
1600000US0659451,0659451,"Rancho Cucamonga city, California",175232,42,105040,6288,21610,5682,1060,968,21614,4492,2321,2692,15423,4418,8164,2164,2328,1165,5836,1640
1600000US0659920,0659920,"Redding city, California",91579,23,77152,2127,1536,489,2691,1109,4608,1342,0,201,1445,996,4147,1483,1410,912,2737,1182
1600000US0659962,0659962,"Redlands city, California",71028,34,51625,4183,5686,2773,480,514,5231,2111,294,500,3718,1207,3994,1849,2057,1382,1937,1176
1600000US0660018,0660018,"Redondo Beach city, California",68185,71,48727,3190,1327,664,444,583,8846,2080,112,189,3195,1495,5534,1452,214,245,5320,1404
1600000US0660102,0660102,"Redwood City city, California",85300,55,48497,3542,1507,884,170,196,12627,2307,1101,970,18150,3374,3248,1071,135,147,3113,1067
1600000US0660466,0660466,"Rialto city, California",103137,41,73103,3956,10423,2300,693,556,3291,1669,0,201,13045,3237,2582,1093,1157,520,1425,986
1600000US0660620,0660620,"Richmond city, California",109715,45,32339,4599,24231,4173,236,226,18218,4796,257,320,28381,4286,6053,1774,1269,890,4784,1501
1600000US0662000,0662000,"Riverside city, California",322423,54,209493,9218,19928,3528,2582,1241,20371,3290,1804,860,49137,7765,19108,4100,5854,2921,13254,2954
1600000US0662938,0662938,"Roseville city, California",130282,60,97065,3394,3012,1041,622,425,14306,2239,573,423,6876,2762,7828,1561,1150,815,6678,1525
1600000US0664000,0664000,"Sacramento city, California",490715,63,243803,10056,64416,5611,3663,1387,89843,6541,5427,2218,49236,6941,34327,4272,6641,1771,27686,3830
1600000US0664224,0664224,"Salinas city, California",157386,43,91528,6203,1387,752,1736,1097,8974,2189,124,148,48429,5900,5208,1722,1289,615,3919,1510
1600000US0665000,0665000,"San Bernardino city, California",216137,108,115593,6955,30844,4688,1902,822,11001,2461,1173,1773,45804,6121,9820,2442,2062,1125,7758,2283
1600000US0665042,0665042,"San Buenaventura (Ventura) city, California",109717,42,91617,4071,558,469,838,674,4144,1969,481,781,7062,2804,5017,2011,1328,764,3689,1823
1600000US0665084,0665084,"San Clemente city, California",65532,36,56224,3240,71,104,0,201,2388,1333,0,201,3759,2584,3090,1243,716,734,2374,1219
1600000US0666000,0666000,"San Diego city, California",1394907,83,890706,12343,94235,6003,3780,1242,225120,7585,6495,2629,103920,9545,70651,5467,8424,1927,62227,5851
1600000US0667000,0667000,"San Francisco city, California",864816,*****,409361,5245,44843,2053,2945,1437,301034,3131,3769,800,64455,5833,38409,4134,4986,1521,33423,3712
1600000US0668000,0668000,"San Jose city, California",1026919,72,401920,12912,31414,2884,5454,1513,358104,10202,3153,1578,176222,13361,50652,5291,12960,2658,37692,4762
1600000US0668084,0668084,"San Leandro city, California",90711,32,35537,3600,9004,2294,533,347,32026,3253,354,257,7631,2955,5626,1671,1366,869,4260,1344
1600000US0668196,0668196,"San Marcos city, California",92934,35,69040,4918,3983,3225,211,208,9666,3295,811,889,5174,2169,4049,1853,1821,1482,2228,998
1600000US0668252,0668252,"San Mateo city, California",103524,53,58158,4210,1994,826,279,236,26126,3483,2548,1832,8624,2788,5795,1170,615,358,5180,1145
1600000US0668378,0668378,"San Ramon city, California",76132,30,33159,3721,1957,1037,435,498,35289,4043,191,244,459,383,4642,1800,395,347,4247,1758
1600000US0669000,0669000,"Santa Ana city, California",335423,70,158061,9312,4801,1704,2868,1692,36204,4147,1184,945,126135,9853,6170,1557,2172,1044,3998,1265
1600000US0669070,0669070,"Santa Barbara city, California",91852,47,71244,3776,1553,741,457,303,4386,1118,0,201,11614,3298,2598,1017,514,442,2084,906
1600000US0669084,0669084,"Santa Clara city, California",126216,40,51802,5439,3654,1332,669,499,54774,6019,2824,2641,7547,3146,4946,1806,623,350,4323,1748
1600000US0669088,0669088,"Santa Clarita city, California",182367,54,135625,4572,6821,2124,989,552,19860,3942,73,97,8911,2024,10088,2286,1892,919,8196,2084
1600000US0669196,0669196,"Santa Maria city, California",105082,51,88586,3431,813,598,433,544,4778,1692,0,201,8416,2792,2056,977,449,424,1607,883
1600000US0670000,0670000,"Santa Monica city, California",93219,28,65561,3804,8727,3953,227,275,10972,2363,53,76,2788,1098,4891,1439,304,260,4587,1410
1600000US0670098,0670098,"Santa Rosa city, California",174989,71,126671,5601,3901,972,2329,1314,8973,2292,620,605,17798,4462,14697,4015,3243,2238,11454,3511
1600000US0672016,0672016,"Simi Valley city, California",126766,80,102117,3281,1217,1125,533,365,12063,2037,0,201,4755,1806,6081,2085,781,450,5300,1994
1600000US0673080,0673080,"South Gate city, California",96399,26,54464,4830,1163,898,233,334,566,322,279,347,38164,4865,1530,946,764,692,766,558
1600000US0673262,0673262,"South San Francisco city, California",67271,29,25141,3646,1658,861,0,201,21420,3522,1154,1160,14540,4140,3358,1247,871,631,2487,982
1600000US0675000,0675000,"Stockton city, California",305650,59,140690,8167,32533,3360,1604,739,66745,5614,1265,1039,26985,5658,35828,5076,4953,2297,30875,4708
1600000US0677000,0677000,"Sunnyvale city, California",151760,46,65940,5973,3391,1373,39,65,64936,5014,2247,1991,8902,4707,6305,1494,657,576,5648,1379
1600000US0678120,0678120,"Temecula city, California",112026,58,78958,4523,4245,2199,1054,808,10602,2709,229,259,10005,3249,6933,1828,1136,684,5797,1633
1600000US0678582,0678582,"Thousand Oaks city, California",129329,48,103536,3217,3229,2124,549,461,13483,2549,5,8,3492,1664,5035,1664,916,511,4119,1697
1600000US0680000,0680000,"Torrance city, California",148468,38,72417,5101,4596,2196,1282,1479,48727,4358,1469,2069,9801,3094,10176,2500,2865,1401,7311,1831
1600000US0680238,0680238,"Tracy city, California",87093,65,52157,4434,3884,1616,402,510,14495,3638,394,345,8951,2648,6810,2224,566,348,6244,2195
1600000US0680812,0680812,"Turlock city, California",72293,28,56599,3554,1739,1630,520,491,3976,1627,0,201,6589,2806,2870,1178,675,491,2195,1112
1600000US0680854,0680854,"Tustin city, California",80563,71,36003,4414,1812,996,40,66,13813,2954,97,130,24841,5560,3957,1398,413,321,3544,1386
1600000US0681204,0681204,"Union City city, California",74510,56,14762,2327,4924,2378,34,41,42037,3070,1653,1157,7488,2200,3612,1132,741,503,2871,1099
1600000US0681344,0681344,"Upland city, California",76447,35,43368,4268,4846,1907,207,183,7442,2657,0,201,17200,4154,3384,1191,419,368,2965,1137
1600000US0681554,0681554,"Vacaville city, California",96794,47,59975,3828,14032,3552,728,644,6100,1768,127,151,7217,2063,8615,2267,1429,855,7186,2139
1600000US0681666,0681666,"Vallejo city, California",121269,72,50511,4370,23995,3265,437,419,30069,2923,1839,964,6276,2268,8142,1870,1406,867,6736,1637
1600000US0682590,0682590,"Victorville city, California",122236,45,79737,6354,20295,5430,669,551,5017,2357,45,82,5005,2053,11468,4808,2422,1326,9046,4597
1600000US0682954,0682954,"Visalia city, California",130094,46,102875,4069,1485,892,768,480,8819,2461,221,266,10905,2855,5021,1973,1092,765,3929,1863
1600000US0682996,0682996,"Vista city, California",100884,42,79998,4309,4369,2366,70,82,5780,2963,35,64,6674,1835,3958,1289,1666,1019,2292,771
1600000US0683346,0683346,"Walnut Creek city, California",68906,29,55283,2939,1427,731,0,201,9338,2814,139,173,777,508,1942,888,165,165,1777,857
1600000US0684200,0684200,"West Covina city, California",108489,39,44103,4151,2929,1159,255,263,29485,3850,268,444,26351,4510,5098,1463,1725,688,3373,1299
1600000US0684550,0684550,"Westminster city, California",92111,37,34249,3813,1365,1280,420,460,44685,4476,100,119,7409,2581,3883,1276,1117,745,2766,1123
1600000US0685292,0685292,"Whittier city, California",87436,32,46699,4417,1161,602,451,517,2880,1177,83,150,33280,4240,2882,2202,2111,2183,771,321
1600000US0686972,0686972,"Yuba City city, California",66944,27,44313,2141,923,536,404,262,12948,1470,336,157,2982,1564,5038,1660,543,464,4495,1574
1600000US0803455,0803455,"Arvada city, Colorado",115035,802,104375,2189,2227,1401,1451,709,1837,791,0,193,1839,1175,3306,1073,560,439,2746,993
1600000US0804000,0804000,"Aurora city, Colorado",358870,55,222860,6738,53055,4185,2842,1730,17277,2961,1311,331,39844,6211,21681,4242,5422,1758,16259,3351
1600000US0807850,0807850,"Boulder city, Colorado",107342,32,94743,2067,1145,524,238,295,6635,1696,92,119,890,555,3599,1038,444,448,3155,1009
1600000US0809280,0809280,"Broomfield city, Colorado",65065,*****,56289,1354,564,241,43,78,4476,619,0,193,1641,1200,2052,819,176,202,1876,829
1600000US0812815,0812815,"Centennial city, Colorado",109726,73,95222,2751,3427,1524,496,367,5459,1409,60,114,2110,1147,2952,1088,174,209,2778,1087
1600000US0816000,0816000,"Colorado Springs city, Colorado",456562,48,355816,7123,30144,4203,3128,989,14885,2124,1266,931,28186,5438,23137,3959,3927,1238,19210,3642
1600000US0820000,0820000,"Denver city, Colorado",682545,*****,526428,6671,64692,2361,6897,2298,23327,1681,474,384,36631,6354,24096,3103,4296,1686,19800,2844
1600000US0827425,0827425,"Fort Collins city, Colorado",161181,32,144423,1795,2184,865,832,467,5283,1210,43,86,1913,822,6503,1441,781,546,5722,1374
1600000US0832155,0832155,"Greeley city, Colorado",100883,34,90728,1977,1941,728,1433,708,1832,1034,61,85,2341,990,2547,901,683,446,1864,886
1600000US0836410,0836410,"Highlands Ranch CDP, Colorado",102467,4650,91815,4543,822,549,67,113,4551,1353,100,154,1940,1350,3172,1162,486,477,2686,1043
1600000US0843000,0843000,"Lakewood city, Colorado",152589,51,134398,2682,1894,865,753,338,5774,1414,0,193,4266,1512,5504,1158,1368,526,4136,996
1600000US0845970,0845970,"Longmont city, Colorado",92221,265,83590,2296,808,652,788,573,1767,1047,0,193,2818,1615,2450,977,94,121,2356,987
1600000US0846465,0846465,"Loveland city, Colorado",75188,40,69889,1591,795,850,68,103,878,524,306,338,1432,965,1820,907,204,173,1616,872
1600000US0862000,0862000,"Pueblo city, Colorado",109419,31,81692,3670,2983,836,6397,1781,1099,420,0,193,12773,2762,4475,1618,1307,949,3168,1384
1600000US0877290,0877290,"Thornton city, Colorado",133459,56,115872,3189,2776,1680,1810,1523,5837,1977,83,143,3259,1280,3822,1280,143,139,3679,1313
1600000US0883835,0883835,"Westminster city, Colorado",113117,59,96987,2868,2198,970,346,296,7342,2538,228,242,2670,1475,3346,1151,253,244,3093,1086
1600000US0908000,0908000,"Bridgeport city, Connecticut",147619,47,62424,5612,48203,4463,221,332,5897,2028,71,93,21123,5071,9680,2874,2839,1213,6841,2592
1600000US0918430,0918430,"Danbury city, Connecticut",84662,27,52407,5291,7058,3121,227,212,6007,2610,130,193,14891,4681,3942,2158,945,827,2997,2041
1600000US0937000,0937000,"Hartford city, Connecticut",124014,42,42789,3977,47143,3571,976,843,3776,1334,0,198,24298,3829,5032,2006,2551,1357,2481,1269
1600000US0950370,0950370,"New Britain city, Connecticut",72809,26,53698,3380,8255,2626,0,198,1818,1337,0,198,6220,2470,2818,1103,267,220,2551,1123
1600000US0952000,0952000,"New Haven city, Connecticut",130310,55,53861,4927,40251,4767,537,418,6855,1741,0,198,23660,4458,5146,1571,2048,1067,3098,1071
1600000US0955990,0955990,"Norwalk city, Connecticut",88483,30,66738,3641,14667,3335,48,80,2583,1182,0,198,2946,1934,1501,822,396,469,1105,668
1600000US0973000,0973000,"Stamford city, Connecticut",128877,40,83375,4414,21738,4210,0,198,9889,1638,0,198,10000,3214,3875,1807,872,893,3003,1538
1600000US0980000,0980000,"Waterbury city, Connecticut",108807,42,66997,4134,25345,3908,223,198,3719,1527,0,198,9929,2446,2594,868,652,385,1942,727
1600000US1077580,1077580,"Wilmington city, Delaware",71957,40,22849,2491,43346,2663,177,191,1107,687,0,190,3303,1205,1175,563,126,126,1049,541
1600000US1150000,1150000,"Washington city, District of Columbia",672228,*****,269143,3524,318831,2822,1661,1142,25944,1021,475,358,34797,4077,21377,2579,3583,1304,17794,2019
1600000US1200410,1200410,"Alafaya CDP, Florida",85264,11178,62633,9693,5979,4975,0,217,9545,4743,0,217,5567,3592,1540,1032,658,639,882,825
1600000US1207300,1207300,"Boca Raton city, Florida",93226,35,78273,3220,3915,1620,0,217,1872,797,0,217,6560,2639,2606,1273,793,1026,1813,790
1600000US1207875,1207875,"Boynton Beach city, Florida",73972,37,48986,4098,19444,4349,42,70,1886,1503,0,217,2189,2071,1425,771,431,504,994,516
1600000US1208150,1208150,"Brandon CDP, Florida",113968,8570,77700,6150,21873,4863,221,170,8661,3015,0,217,1970,1314,3543,1353,414,416,3129,1285
1600000US1210275,1210275,"Cape Coral city, Florida",175230,31,160971,3966,6834,3356,134,101,2313,1127,0,217,2334,1452,2644,1422,479,348,2165,1335
1600000US1212875,1212875,"Clearwater city, Florida",112979,92,95058,3232,11469,3057,19,32,2156,1377,455,410,1406,780,2416,1244,285,298,2131,1187
1600000US1214400,1214400,"Coral Springs city, Florida",129502,64,87562,5236,25860,4994,146,155,5359,1807,125,205,6502,3299,3948,1536,785,574,3163,1408
1600000US1216475,1216475,"Davie town, Florida",100894,56,78456,4436,10313,3478,247,250,3912,1443,341,437,5969,2805,1656,725,323,364,1333,730
1600000US1216725,1216725,"Deerfield Beach city, Florida",79769,35,50932,3924,23792,4015,52,88,1073,618,54,74,1538,1087,2328,1108,227,220,2101,1124
1600000US1217100,1217100,"Delray Beach city, Florida",66261,31,39939,3694,20422,3906,56,93,926,591,297,463,2969,1734,1652,870,219,357,1433,795
1600000US1217200,1217200,"Deltona city, Florida",88474,31,72517,2929,10597,2744,0,217,390,287,0,217,1471,719,3499,1562,1149,791,2350,1467
1600000US1224000,1224000,"Fort Lauderdale city, Florida",178587,40,106090,6334,60732,5758,218,289,3251,1948,97,179,3898,2070,4301,1855,795,632,3506,1803
1600000US1224125,1224125,"Fort Myers city, Florida",74015,34,48937,4005,16783,2830,0,217,3216,1857,0,217,3847,2325,1232,677,80,134,1152,671
1600000US1225175,1225175,"Gainesville city, Florida",130133,30,83842,3225,29840,2793,466,244,11202,1972,119,64,346,224,4318,1244,457,365,3861,1169
1600000US1230000,1230000,"Hialeah city, Florida",237082,49,219076,4038,5100,2220,71,116,1012,859,0,217,10826,3310,997,683,355,363,642,569
1600000US1232000,1232000,"Hollywood city, Florida",149721,43,101663,5601,29681,4393,371,325,3555,1681,108,167,6863,2830,7480,2379,1098,538,6382,2417
1600000US1232275,1232275,"Homestead city, Florida",66500,24,46807,4497,16199,3992,0,217,109,177,0,217,1372,881,2013,989,584,600,1429,786
1600000US1235000,1235000,"Jacksonville city, Florida",868031,24,518114,4381,268763,3700,1220,505,39933,2742,1121,217,9372,2813,29508,4194,2925,1489,26583,3779
1600000US1236100,1236100,"Kendall CDP, Florida",76466,6628,69695,6624,2429,1119,0,217,3364,1615,0,217,81,136,897,625,471,521,426,311
1600000US1236950,1236950,"Kissimmee city, Florida",69152,25,49689,4055,5684,2200,0,217,2571,1585,0,217,9320,3491,1888,1118,986,699,902,857
1600000US1238250,1238250,"Lakeland city, Florida",104410,53,74187,4253,23980,3813,216,199,2872,1449,0,217,1476,870,1679,886,56,96,1623,879
1600000US1239425,1239425,"Largo city, Florida",81007,42,70728,2703,4406,1802,602,700,2106,1120,0,217,289,260,2876,1695,25,39,2851,1689
1600000US1239550,1239550,"Lauderhill city, Florida",71574,34,9297,1911,56591,3577,179,190,998,1095,0,217,1609,1113,2900,2366,1409,1966,1491,1225
1600000US1239925,1239925,"Lehigh Acres CDP, Florida",119480,8417,82392,7913,27683,4181,68,84,888,630,0,217,3852,1445,4597,1908,681,627,3916,1832
1600000US1243975,1243975,"Melbourne city, Florida",80136,42,62581,3335,9874,2909,34,63,4145,2175,0,217,453,378,3049,1664,233,378,2816,1618
1600000US1245000,1245000,"Miami city, Florida",440989,53,331087,8128,83318,7108,216,253,2631,1098,224,370,14364,3390,9149,2666,3740,1775,5409,2043
1600000US1245025,1245025,"Miami Beach city, Florida",92311,33,70792,3334,3503,1079,46,77,2555,1724,0,217,14027,3284,1388,681,237,202,1151,655
1600000US1245975,1245975,"Miramar city, Florida",137115,71,56441,7223,63399,7342,72,121,10844,4954,0,217,2817,1471,3542,1748,1255,1141,2287,1532
1600000US1253000,1253000,"Orlando city, Florida",270917,74,172492,7558,63894,5520,929,896,8734,2802,0,217,16646,4222,8222,1982,1660,1029,6562,1833
1600000US1254000,1254000,"Palm Bay city, Florida",107895,35,81888,5006,19093,4824,923,730,656,586,0,217,2581,1465,2754,1462,690,715,2064,1338
1600000US1254200,1254200,"Palm Coast city, Florida",82121,2968,65209,2853,10183,1186,325,311,2058,781,0,217,2171,1149,2175,1118,296,270,1879,1085
1600000US1255775,1255775,"Pembroke Pines city, Florida",166624,59,110866,5997,31573,5237,471,422,11620,3472,27,51,7825,3666,4242,1767,1223,750,3019,1413
1600000US1256825,1256825,"Pine Hills CDP, Florida",76081,8187,9264,2362,55689,7839,253,288,2032,1712,0,217,6395,2618,2448,1387,1047,914,1401,994
1600000US1257425,1257425,"Plantation city, Florida",92555,35,65097,4325,17927,4055,100,166,2883,1263,0,217,4011,1941,2537,1229,408,322,2129,1200
1600000US1257900,1257900,"Poinciana CDP, Florida",73943,10458,42780,10246,23569,6578,1187,1420,796,750,0,217,2280,1939,3331,2312,1503,1382,1828,1767
1600000US1258050,1258050,"Pompano Beach city, Florida",107771,41,64605,5032,36879,5134,446,457,1089,790,0,217,1469,1056,3283,1396,306,211,2977,1360
1600000US1258715,1258715,"Port St. Lucie city, Florida",179410,32,132849,5265,28856,3990,1254,1097,4831,1315,0,217,6115,4022,5505,4471,1262,1177,4243,4272
1600000US1260950,1260950,"Riverview CDP, Florida",89746,8065,58136,6355,14105,4153,152,255,2241,1302,0,217,11515,4934,3597,1586,1507,1316,2090,812
1600000US1263000,1263000,"St. Petersburg city, Florida",257088,42,173419,4606,63792,4186,719,341,9671,1998,128,167,2528,1404,6831,1759,935,838,5896,1560
1600000US1268350,1268350,"Spring Hill CDP, Florida",103197,4546,89482,4525,6813,1431,49,90,1866,606,78,133,2374,1434,2535,1124,236,292,2299,1106
1600000US1269700,1269700,"Sunrise city, Florida",92706,35,52759,4421,32714,4479,0,217,2929,1057,0,217,1936,1022,2368,1074,280,326,2088,1015
1600000US1270600,1270600,"Tallahassee city, Florida",189894,47,108384,3656,65887,3626,204,236,8354,1198,101,169,1642,1184,5322,1542,200,274,5122,1462
1600000US1271000,1271000,"Tampa city, Florida",369028,159,249668,7249,86460,6397,855,549,12609,2250,0,217,8525,2274,10911,2211,2636,1369,8275,1774
1600000US1272145,1272145,"Town 'n' Country CDP, Florida",78996,7048,62046,6353,7477,2828,537,528,3154,1538,0,217,2607,2380,3175,1903,403,372,2772,1839
1600000US1276582,1276582,"Weston city, Florida",69947,45,59988,2977,3305,1952,83,117,3843,2104,38,62,1657,1311,1033,872,309,380,724,798
1600000US1276600,1276600,"West Palm Beach city, Florida",106782,41,59541,5194,38472,5127,0,217,2986,1584,0,217,4509,2086,1274,676,154,153,1120,649
1600000US1301052,1301052,"Albany city, Georgia",71109,3247,16714,1723,52909,3201,340,353,461,412,4,7,26,43,655,399,39,67,616,386
1600000US1303440,1303440,"Athens-Clarke County unified government (balance), Georgia",122563,486,77353,1923,33239,824,58,106,4998,715,257,416,3839,1758,2819,1026,81,133,2738,1014
1600000US1304000,1304000,"Atlanta city, Georgia",463875,50,189153,6518,240599,7068,1303,566,20416,2475,463,605,2547,1194,9394,2026,934,759,8460,1668
1600000US1304204,1304204,"Augusta-Richmond County consolidated government (balance), Georgia",196579,1604,74229,1939,110075,1726,469,387,3770,442,0,214,3446,1443,4590,1552,1562,1189,3028,1078
1600000US1319000,1319000,"Columbus city, Georgia",200579,*****,90995,1852,90408,1675,676,384,4487,816,665,978,5598,1837,7750,2262,1017,652,6733,2124
1600000US1342425,1342425,"Johns Creek city, Georgia",83339,31,46676,4001,10477,3689,531,662,22769,3424,0,214,639,594,2247,1195,122,207,2125,1166
1600000US1349008,1349008,"Macon-Bibb County, Georgia",153459,227,63165,872,84206,946,195,187,2898,258,0,214,1647,1045,1348,699,205,214,1143,649
1600000US1367284,1367284,"Roswell city, Georgia",94496,31,67622,4652,14020,4529,462,407,6440,2662,0,214,3654,2721,2298,2109,0,214,2298,2109
1600000US1368516,1368516,"Sandy Springs city, Georgia",105347,63,77402,4923,14298,3628,1073,1171,7298,1988,0,214,3474,2406,1802,749,0,214,1802,749
1600000US1369000,1369000,"Savannah city, Georgia",145684,37,53948,3560,79319,3462,848,582,4881,1601,0,214,2317,1357,4371,1372,915,587,3456,1233
1600000US1380508,1380508,"Warner Robins city, Georgia",74002,1060,39114,3711,27651,3113,170,208,2166,1326,0,214,1092,1299,3809,1559,1231,1327,2578,1090
1600000US1571550,1571550,"Urban Honolulu CDP, Hawaii",352766,39,67139,4102,6660,2005,358,340,193580,6296,22750,3997,2274,864,60005,4747,2282,1025,57723,4588
1600000US1608830,1608830,"Boise City city, Idaho",218280,30,197253,3815,3227,1408,1375,763,6733,1608,124,152,1908,1081,7660,2090,878,860,6782,1764
1600000US1652120,1652120,"Meridian city, Idaho",90753,52,83313,2470,1809,1288,492,462,2166,1741,336,559,1325,864,1312,961,192,317,1120,879
1600000US1656260,1656260,"Nampa city, Idaho",89850,42,76866,3284,238,141,676,875,721,722,694,620,6560,3002,4095,1488,80,138,4015,1480
1600000US1702154,1702154,"Arlington Heights village, Illinois",76996,2133,65211,2348,1127,785,46,78,9019,2438,117,140,340,333,1136,815,53,89,1083,810
1600000US1703012,1703012,"Aurora city, Illinois",203715,7162,112341,8623,20846,3802,633,738,15900,3537,0,182,48946,5877,5049,1810,1560,990,3489,1497
1600000US1706613,1706613,"Bloomington city, Illinois",78295,30,59378,1854,10421,1812,77,86,5673,1256,0,182,1120,699,1626,788,271,465,1355,693
1600000US1707133,1707133,"Bolingbrook village, Illinois",72096,2994,38698,4173,11770,2764,67,126,8636,2228,0,182,10454,3480,2471,1167,873,814,1598,819
1600000US1712385,1712385,"Champaign city, Illinois",86086,40,56335,2566,15141,2422,55,101,10804,1664,0,182,1706,1101,2045,836,281,445,1764,783
1600000US1714000,1714000,"Chicago city, Illinois",2720556,67,1316927,20619,844768,12770,8982,2242,168744,8420,689,518,310823,17202,69623,5716,15356,3089,54267,5350
1600000US1714351,1714351,"Cicero town, Illinois",83867,70,29745,4681,2643,1314,680,498,861,710,0,182,48691,4927,1247,837,660,689,587,453
1600000US1718823,1718823,"Decatur city, Illinois",72856,2667,52496,2442,14727,1594,19,37,602,347,0,182,1089,656,3923,1057,0,182,3923,1057
1600000US1723074,1723074,"Elgin city, Illinois",111076,4868,73789,5912,6934,2645,10,20,7064,2159,0,182,20593,4387,2686,1370,847,1064,1839,957
1600000US1724582,1724582,"Evanston city, Illinois",75523,27,51794,2905,10910,2480,22,47,7339,1666,0,182,2478,1588,2980,1034,468,549,2512,966
1600000US1738570,1738570,"Joliet city, Illinois",150025,5280,101876,6491,26112,3579,42,84,1686,924,56,95,15738,3642,4515,1539,1252,1262,3263,1284
1600000US1751622,1751622,"Naperville city, Illinois",147159,1309,105589,3936,7974,2863,191,184,28852,3642,0,182,930,571,3623,1424,124,150,3499,1402
1600000US1757225,1757225,"Palatine village, Illinois",69269,33,45153,4490,1253,960,0,182,6625,2332,0,182,14375,4762,1863,1006,308,515,1555,822
1600000US1759000,1759000,"Peoria city, Illinois",118661,3292,71113,3354,31525,2633,149,164,5699,1223,56,94,3718,1401,6401,2437,424,436,5977,2393
1600000US1765000,1765000,"Rockford city, Illinois",149346,2195,102639,4367,29239,2377,1074,1013,4779,1010,0,182,6484,2849,5131,1671,214,174,4917,1652
1600000US1768003,1768003,"Schaumburg village, Illinois",75811,2565,41629,4025,1610,821,633,619,20443,3992,686,809,8311,4320,2499,1311,1350,1183,1149,662
1600000US1770122,1770122,"Skokie village, Illinois",64819,27,37834,3641,4816,2456,139,207,18129,3172,0,182,937,692,2964,1500,437,505,2527,1432
1600000US1772000,1772000,"Springfield city, Illinois",117809,1328,86966,1938,21381,1534,117,121,3349,544,0,182,1186,742,4810,1349,94,114,4716,1361
1600000US1779293,1779293,"Waukegan city, Illinois",88347,3249,63475,4560,10060,1945,129,133,4247,1156,8,17,7752,2451,2676,994,391,277,2285,975
1600000US1805860,1805860,"Bloomington city, Indiana",83815,2724,68032,2515,3518,974,143,211,8561,1032,0,189,135,160,3426,1292,482,526,2944,1183
1600000US1822000,1822000,"Evansville city, Indiana",117679,2622,96413,2787,14893,1282,69,82,954,659,0,189,1665,1219,3685,1228,65,68,3620,1217
1600000US1823278,1823278,"Fishers town, Indiana",86071,3041,70703,3428,5329,1768,0,189,5714,2556,0,189,504,477,3821,2277,1163,1413,2658,1793
1600000US1825000,1825000,"Fort Wayne city, Indiana",258144,3921,192349,4067,38066,2327,872,382,11179,1529,602,939,2314,850,12762,2502,1716,1384,11046,2394
1600000US1827000,1827000,"Gary city, Indiana",77354,3266,11887,2441,59741,3648,0,189,352,340,0,189,3250,1780,2124,1116,379,438,1745,1058
1600000US1831000,1831000,"Hammond city, Indiana",77610,34,38721,3545,18949,3101,98,160,1096,625,0,189,15144,3111,3602,1144,970,617,2632,1054
1600000US1836003,1836003,"Indianapolis city (balance), Indiana",848423,4348,534462,6262,236414,6316,2765,786,25280,1590,0,189,25929,4597,23573,4435,1511,670,22062,4359
1600000US1840788,1840788,"Lafayette city, Indiana",71170,2796,61705,3149,5403,1218,169,197,1126,681,0,189,1207,810,1560,746,108,196,1452,719
1600000US1871000,1871000,"South Bend city, Indiana",103757,3221,66559,4009,25812,1974,183,168,1377,844,161,128,4465,1606,5200,1549,625,407,4575,1493
1600000US1901855,1901855,"Ames city, Iowa",65052,33,54595,1144,703,336,114,214,7817,1293,0,155,261,239,1562,790,0,155,1562,790
1600000US1912000,1912000,"Cedar Rapids city, Iowa",130405,26,111571,2741,7397,2091,650,352,3280,1519,40,70,984,1062,6483,2497,468,416,6015,2399
1600000US1919000,1919000,"Davenport city, Iowa",102577,23,84478,2011,10828,1544,274,311,2297,1213,29,50,895,651,3776,1074,576,610,3200,912
1600000US1921000,1921000,"Des Moines city, Iowa",210317,255,161279,3921,22581,2737,2323,1582,13004,2130,182,307,3546,1961,7402,1504,295,266,7107,1461
1600000US1938595,1938595,"Iowa City city, Iowa",74227,35,58305,2049,6839,1367,244,220,4195,1186,406,577,2405,1664,1833,834,48,88,1785,828
1600000US1973335,1973335,"Sioux City city, Iowa",82776,3126,69391,3811,3353,729,1307,599,2996,309,289,463,4076,2299,1364,891,298,295,1066,790
1600000US1982425,1982425,"Waterloo city, Iowa",68457,23,50068,1564,10996,1274,292,166,1511,658,0,155,4335,797,1255,547,99,134,1156,542
1600000US2036000,2036000,"Kansas City city, Kansas",151261,2153,89987,3246,36348,1787,638,405,6641,239,23,39,10751,2386,6873,1714,1576,920,5297,1446
1600000US2038900,2038900,"Lawrence city, Kansas",93916,19,76643,1641,4425,1018,2929,854,5064,946,0,168,1119,876,3736,1366,177,257,3559,1322
1600000US2052575,2052575,"Olathe city, Kansas",134316,54,114787,3445,6686,2112,569,665,4841,1589,443,711,1335,857,5655,1600,108,116,5547,1571
1600000US2053775,2053775,"Overland Park city, Kansas",186511,41,156864,3499,8122,2105,424,431,15073,2231,73,126,1208,635,4747,1632,75,123,4672,1650
1600000US2064500,2064500,"Shawnee city, Kansas",65058,48,53570,3428,5576,2153,0,168,2491,1585,0,168,951,945,2470,1658,119,182,2351,1646
1600000US2071000,2071000,"Topeka city, Kansas",127257,34,102787,2738,11283,1836,1520,554,2360,429,268,409,2723,1227,6316,2083,241,274,6075,2060
1600000US2079000,2079000,"Wichita city, Kansas",389955,53,295195,4313,46253,2709,4628,1886,23902,1473,239,303,7976,2859,11762,2518,1455,720,10307,2406
1600000US2146027,2146027,"Lexington-Fayette urban county, Kentucky",314488,*****,238806,2288,45159,2003,679,742,11090,997,85,112,7647,2369,11022,2337,735,412,10287,2299
1600000US2148006,2148006,"Louisville/Jefferson County metro government (balance), Kentucky",615389,94,439547,4096,138480,4680,866,420,15346,1928,424,698,2761,1071,17965,3059,739,411,17226,3081
1600000US2205000,2205000,"Baton Rouge city, Louisiana",228596,38,95463,3821,122019,4274,379,458,7007,1830,72,120,2158,1262,1498,693,63,108,1435,678
1600000US2208920,2208920,"Bossier City city, Louisiana",68097,27,45426,1943,18387,1982,279,285,1357,621,0,204,394,452,2254,975,189,282,2065,951
1600000US2239475,2239475,"Kenner city, Louisiana",67106,56,44286,2720,16899,2689,95,110,2573,1374,0,204,2629,1429,624,382,179,273,445,318
1600000US2240735,2240735,"Lafayette city, Louisiana",127661,35,83446,3700,38741,3377,235,233,2390,1027,0,204,825,675,2024,1067,163,281,1861,1012
1600000US2241155,2241155,"Lake Charles city, Louisiana",76066,27,35334,2356,37057,2513,465,443,1203,676,0,204,648,487,1359,861,37,61,1322,861
1600000US2250115,2250115,"Metairie CDP, Louisiana",146458,6403,121782,5470,16035,3579,86,140,3334,1576,0,204,2024,1132,3197,1361,894,544,2303,1255
1600000US2255000,2255000,"New Orleans city, Louisiana",389617,*****,134004,1541,230722,1626,828,412,12136,549,120,158,4995,1327,6812,1711,987,1018,5825,1437
1600000US2270000,2270000,"Shreveport city, Louisiana",196994,933,76882,3012,110852,3006,311,295,3637,402,67,111,1548,1647,3697,1772,1208,1609,2489,955
1600000US2360545,2360545,"Portland city, Maine",66872,36,56526,1976,5003,1331,46,85,1984,831,0,163,83,98,3230,1520,493,721,2737,1077
1600000US2404000,2404000,"Baltimore city, Maryland",621849,*****,193032,2686,382922,3713,952,572,16894,922,381,302,9629,2623,18039,3683,1250,767,16789,3576
1600000US2419125,2419125,"Columbia CDP, Maryland",103467,5385,55228,3994,26879,3752,0,195,15372,2558,0,195,1332,1032,4656,1964,216,198,4440,1965
1600000US2426000,2426000,"Ellicott City CDP, Maryland",70932,4785,41814,3608,5483,1904,201,251,21126,3114,70,102,313,318,1925,815,193,201,1732,767
1600000US2430325,2430325,"Frederick city, Maryland",69482,32,47064,2861,11663,2012,128,159,4774,1524,0,195,2740,1811,3113,1288,585,584,2528,1210
1600000US2431175,2431175,"Gaithersburg city, Maryland",67445,49,34739,3512,11660,2660,86,104,12515,2899,27,45,6232,3518,2186,864,542,436,1644,811
1600000US2432025,2432025,"Germantown CDP, Maryland",84122,7099,41269,4757,20159,4145,275,285,14972,3112,0,195,4341,3167,3106,1179,372,331,2734,1130
1600000US2432650,2432650,"Glen Burnie CDP, Maryland",69859,6991,48135,6035,16078,3588,347,367,2432,1039,0,195,878,625,1989,925,76,129,1913,913
1600000US2467675,2467675,"Rockville city, Maryland",66998,71,38817,3150,6699,2230,157,159,14871,2157,0,195,2810,1966,3644,1307,808,665,2836,1104
1600000US2472450,2472450,"Silver Spring CDP, Maryland",82463,5863,34525,3363,19740,3561,460,457,7297,2134,0,195,16411,4258,4030,1239,857,541,3173,1106
1600000US2481175,2481175,"Waldorf CDP, Maryland",75512,4904,22935,2833,42702,3579,494,422,3277,1145,0,195,427,396,5677,2203,731,689,4946,2104
1600000US2507000,2507000,"Boston city, Massachusetts",669469,2608,352667,6193,169390,5939,1282,588,63603,2034,153,141,52068,5468,30306,4040,4930,1283,25376,3931
1600000US2509000,2509000,"Brockton city, Massachusetts",95314,23,38457,3641,41624,3642,65,127,2297,1158,0,200,10211,3910,2660,990,586,589,2074,958
1600000US2511000,2511000,"Cambridge city, Massachusetts",110402,27,77028,3382,10401,2255,0,200,16219,2087,39,72,2632,1216,4083,1075,455,308,3628,923
1600000US2523000,2523000,"Fall River city, Massachusetts",88770,36,72667,2761,3335,1200,0,200,1684,1363,246,387,6093,1787,4745,1323,241,221,4504,1326
1600000US2524960,2524960,"Framingham CDP, Massachusetts",71210,26,50947,3635,6593,2298,638,574,5474,1898,0,200,5958,2624,1600,783,669,498,931,502
1600000US2534550,2534550,"Lawrence city, Massachusetts",80240,40,37129,4019,5848,1932,121,168,2125,1383,0,200,30449,4179,4568,2478,1551,1113,3017,2074
1600000US2537000,2537000,"Lowell city, Massachusetts",110720,72,66454,4295,5968,1836,242,272,28650,4373,0,200,6739,2314,2667,937,787,444,1880,835
1600000US2537490,2537490,"Lynn city, Massachusetts",92459,33,43612,3874,12130,2664,214,241,8190,1916,0,200,19877,3764,8436,3031,1969,1045,6467,2683
1600000US2545000,2545000,"New Bedford city, Massachusetts",94959,25,61649,2997,6646,1632,47,71,1297,768,0,200,21540,2951,3780,1843,2180,1143,1600,1162
1600000US2545560,2545560,"Newton city, Massachusetts",88809,38,67014,3245,1993,1106,67,119,13966,2791,0,200,2930,1760,2839,1149,411,606,2428,1010
1600000US2555745,2555745,"Quincy city, Massachusetts",93629,44,58004,3631,3902,1488,0,200,30135,3478,0,200,869,631,719,430,15,29,704,423
1600000US2562535,2562535,"Somerville city, Massachusetts",80334,58,60608,3554,6038,2265,21,39,8481,2355,0,200,2516,2022,2670,1148,601,526,2069,1012
1600000US2567000,2567000,"Springfield city, Massachusetts",154336,40,92933,5527,30723,3081,835,518,4544,1527,0,200,19139,4651,6162,1763,1256,598,4906,1732
1600000US2582000,2582000,"Worcester city, Massachusetts",184806,44,127455,4988,24337,3433,658,746,14105,2617,0,200,12017,3586,6234,2040,1887,1317,4347,1354
1600000US2603000,2603000,"Ann Arbor city, Michigan",117070,33,86039,2525,7780,1398,1044,959,16882,1969,118,166,788,387,4419,948,249,205,4170,901
1600000US2621000,2621000,"Dearborn city, Michigan",95180,40,86285,2680,3409,1638,185,191,2357,1165,0,167,408,522,2536,1303,113,183,2423,1292
1600000US2622000,2622000,"Detroit city, Michigan",677124,51,95272,6196,538304,5481,1738,641,8790,2629,188,247,20567,4141,12265,2335,1737,880,10528,2117
1600000US2627440,2627440,"Farmington Hills city, Michigan",81332,31,56106,2873,12745,2534,130,101,9888,2270,0,167,711,658,1752,752,0,167,1752,752
1600000US2629000,2629000,"Flint city, Michigan",98297,52,40994,3364,51578,3441,81,113,195,207,0,167,866,689,4583,1555,33,60,4550,1560
1600000US2634000,2634000,"Grand Rapids city, Michigan",195099,31,134123,5502,34841,4066,596,606,4451,1803,149,140,10452,2763,10487,2693,411,366,10076,2658
1600000US2642160,2642160,"Kalamazoo city, Michigan",76040,31,52812,2334,16101,2386,394,257,1276,515,0,167,994,669,4463,1559,288,389,4175,1547
1600000US2646000,2646000,"Lansing city, Michigan",114110,991,67182,2814,26696,2893,431,313,3941,1470,0,167,4823,1819,11037,2261,1766,1313,9271,1934
1600000US2649000,2649000,"Livonia city, Michigan",94633,20,86733,2193,4181,2026,116,172,2507,992,0,167,196,193,900,456,76,137,824,432
1600000US2669035,2669035,"Rochester Hills city, Michigan",73432,33,60905,2285,3046,1215,45,75,7546,2111,0,167,582,502,1308,591,145,245,1163,523
1600000US2674900,2674900,"Southfield city, Michigan",73177,75,17246,2209,52696,2422,59,72,1230,557,0,167,227,208,1719,981,37,72,1682,979
1600000US2676460,2676460,"Sterling Heights city, Michigan",132062,43,110631,3511,6990,2757,32,60,11293,2605,0,167,728,875,2388,1341,152,177,2236,1331
1600000US2680700,2680700,"Troy city, Michigan",83276,36,53748,3283,4048,1823,1142,1365,21213,2952,0,167,146,142,2979,1047,242,234,2737,1033
1600000US2684000,2684000,"Warren city, Michigan",135356,31,91619,4714,25478,3787,398,239,11717,2706,123,197,831,841,5190,1892,162,207,5028,1898
1600000US2686000,2686000,"Westland city, Michigan",81995,32,59486,3817,15799,3337,133,168,4325,2023,0,167,1064,941,1188,656,39,64,1149,654
1600000US2688940,2688940,"Wyoming city, Michigan",75277,28,54314,3241,5965,2364,1134,1051,2771,1080,0,167,6142,2593,4951,1660,748,571,4203,1597
1600000US2706616,2706616,"Bloomington city, Minnesota",86436,26,69711,3148,5174,2179,1008,939,4191,1458,0,143,3981,1767,2371,1061,705,692,1666,712
1600000US2707966,2707966,"Brooklyn Park city, Minnesota",79150,29,40093,3746,21333,3738,625,562,13432,3541,0,143,1130,788,2537,1488,0,143,2537,1488
1600000US2717000,2717000,"Duluth city, Minnesota",86126,57,78517,1130,2054,857,734,416,1270,390,144,206,129,184,3278,776,0,143,3278,776
1600000US2717288,2717288,"Eagan city, Minnesota",66288,31,49298,2253,6529,1978,280,350,5397,1978,0,143,1042,607,3742,1262,907,782,2835,1067
1600000US2743000,2743000,"Minneapolis city, Minnesota",410935,49,260331,5532,80984,5516,3687,840,27086,3750,0,143,19613,3384,19234,2260,858,549,18376,2198
1600000US2751730,2751730,"Plymouth city, Minnesota",75928,79,62624,3683,6633,3452,66,77,5054,1764,0,143,219,200,1332,782,0,143,1332,782
1600000US2754880,2754880,"Rochester city, Minnesota",112216,42,90689,1214,7679,1554,710,794,8891,810,83,134,1010,776,3154,1649,338,404,2816,1575
1600000US2756896,2756896,"St. Cloud city, Minnesota",68253,2584,57354,3033,5588,1518,419,261,1765,849,0,143,615,601,2512,962,338,282,2174,919
1600000US2758000,2758000,"St. Paul city, Minnesota",300840,49,178216,4141,46900,3451,1572,831,53452,4122,39,55,5245,2063,15416,3206,778,385,14638,3182
1600000US2771428,2771428,"Woodbury city, Minnesota",67850,26,53593,2277,4307,1432,70,119,6131,1676,0,143,318,364,3431,1754,860,964,2571,1396
1600000US2829700,2829700,"Gulfport city, Mississippi",71872,64,40824,2846,26068,2704,260,375,1405,819,0,207,947,1072,2368,1334,367,474,2001,1244
1600000US2836000,2836000,"Jackson city, Mississippi",170811,379,28419,2898,139016,2901,0,207,801,589,0,207,1993,1440,582,431,0,207,582,431
1600000US2915670,2915670,"Columbia city, Missouri",119098,38,91241,2268,12834,1919,456,504,6954,914,310,319,1848,1337,5455,1573,439,520,5016,1489
1600000US2935000,2935000,"Independence city, Missouri",117255,27,96658,4212,9295,3272,656,690,445,384,501,459,7145,2817,2555,1102,120,217,2435,1080
1600000US2938000,2938000,"Kansas City city, Missouri",475361,143,284279,5254,141122,4532,1538,675,13804,1905,432,249,19987,3408,14199,2484,1820,1021,12379,2221
1600000US2941348,2941348,"Lee's Summit city, Missouri",95068,1262,81512,2898,6784,2102,562,580,2457,1293,457,636,1732,1470,1564,763,107,124,1457,743
1600000US2954074,2954074,"O'Fallon city, Missouri",85032,42,75531,1886,4502,1329,200,166,2514,1165,0,182,299,335,1986,768,373,394,1613,651
1600000US2964082,2964082,"St. Charles city, Missouri",68801,30,55837,2458,4777,1517,0,182,2643,1368,119,194,1961,1718,3464,1141,536,686,2928,1040
1600000US2964550,2964550,"St. Joseph city, Missouri",76096,2145,65954,2137,6059,800,484,530,605,655,0,182,622,509,2372,1038,300,233,2072,1053
1600000US2965000,2965000,"St. Louis city, Missouri",315685,*****,147897,1415,147176,1358,507,407,9152,1317,521,869,1898,1062,8534,1749,706,745,7828,1634
1600000US2970000,2970000,"Springfield city, Missouri",166798,46,146856,2121,7923,1668,770,374,4498,885,93,150,1518,1129,5140,1542,486,336,4654,1588
1600000US3006550,3006550,"Billings city, Montana",110270,40,99558,1488,985,508,4886,1162,1113,455,0,165,659,701,3069,1094,166,241,2903,1048
1600000US3050200,3050200,"Missoula city, Montana",71024,25,64376,1231,628,323,2018,985,1812,533,0,165,0,165,2190,1350,0,165,2190,1350
1600000US3128000,3128000,"Lincoln city, Nebraska",277346,24,237273,1856,12270,1464,1650,831,11681,1049,270,400,4262,1783,9940,2198,514,340,9426,2166
1600000US3137000,3137000,"Omaha city, Nebraska",443887,43,342188,4605,57966,2902,3340,1262,15370,1589,141,156,12439,3442,12443,2292,998,724,11445,2277
1600000US3223770,3223770,"Enterprise CDP, Nevada",135474,7840,77511,6355,12196,3584,1018,1005,30390,4793,1752,1292,3342,1650,9265,2447,749,459,8516,2360
1600000US3231900,3231900,"Henderson city, Nevada",285658,43,224975,7475,15173,3729,1666,1093,19916,3431,712,414,12318,3525,10898,2228,1473,790,9425,2109
1600000US3240000,3240000,"Las Vegas city, Nevada",623769,100,401097,10605,72469,5847,4175,1704,42622,4773,3844,1355,66115,8182,33447,4168,8132,2555,25315,3671
1600000US3251800,3251800,"North Las Vegas city, Nevada",234793,64,126034,7206,47918,5964,1261,876,14114,2995,1321,639,29502,5632,14643,2979,1552,904,13091,2779
1600000US3254600,3254600,"Paradise CDP, Nevada",236946,9615,141059,9026,22312,4507,2562,1539,23303,4293,3710,1786,35156,6377,8844,1619,1281,723,7563,1588
1600000US3260600,3260600,"Reno city, Nevada",241443,34,186593,5341,5277,975,1522,650,14038,2069,2018,611,17847,4889,14148,3312,3164,1477,10984,2442
1600000US3268400,3268400,"Sparks city, Nevada",96098,38,74870,3906,3013,1353,1282,878,5639,1931,635,551,6354,2864,4305,1231,516,305,3789,1213
1600000US3268585,3268585,"Spring Valley CDP, Nevada",193955,9832,102224,7621,23808,5137,869,651,39287,6190,1529,1032,14493,3449,11745,2561,662,374,11083,2558
1600000US3271400,3271400,"Sunrise Manor CDP, Nevada",192608,10002,102159,7976,24475,4216,2198,1434,13136,3087,1313,757,38976,5188,10351,2415,3400,1443,6951,2098
1600000US3345140,3345140,"Manchester city, New Hampshire",110223,28,98135,2507,6424,2277,92,132,3247,1131,0,184,337,226,1988,1037,118,128,1870,1028
1600000US3350260,3350260,"Nashua city, New Hampshire",87975,31,72795,2646,3634,1740,32,60,9593,1630,0,184,733,602,1188,732,46,76,1142,727
1600000US3403580,3403580,"Bayonne city, New Jersey",66303,37,40114,3647,6731,1975,0,197,6734,2165,365,264,11042,3206,1317,781,30,52,1287,781
1600000US3410000,3410000,"Camden city, New Jersey",76131,47,16938,4308,31608,3968,564,712,1686,1047,101,168,19752,4952,5482,2593,2811,1595,2671,2168
1600000US3413690,3413690,"Clifton city, New Jersey",86341,33,49736,4705,8194,2973,1438,2277,5489,2257,0,197,19421,4373,2063,1129,745,714,1318,951
1600000US3419390,3419390,"East Orange city, New Jersey",64962,48,2063,795,56406,2188,197,226,472,476,0,197,4267,2085,1557,960,272,351,1285,870
1600000US3421000,3421000,"Elizabeth city, New Jersey",129012,35,63780,5724,23617,3277,455,448,2514,1379,0,197,30661,4506,7985,3028,1484,822,6501,2908
1600000US3436000,3436000,"Jersey City city, New Jersey",264277,63,93626,5667,60304,4390,1317,804,64310,3779,104,198,35957,6132,8659,2590,1826,1148,6833,2088
1600000US3451000,3451000,"Newark city, New Jersey",281913,118,72760,6772,141422,5724,1439,1016,6216,2012,0,197,53758,7262,6318,2072,3206,1453,3112,1346
1600000US3456550,3456550,"Passaic city, New Jersey",71082,31,28955,4685,4316,1289,137,175,3338,1486,0,197,32700,4895,1636,913,929,719,707,713
1600000US3457000,3457000,"Paterson city, New Jersey",147757,31,44849,4701,38159,2937,245,228,7930,2831,0,197,45431,4691,11143,3121,1485,1083,9658,2829
1600000US3473110,3473110,"Toms River CDP, New Jersey",87750,942,77182,2239,2590,1167,0,197,3420,1377,0,197,2014,1428,2544,891,161,203,2383,903
1600000US3474000,3474000,"Trenton city, New Jersey",84231,37,36595,3250,42639,3312,74,93,1182,885,0,197,2629,1619,1112,717,25,44,1087,717
1600000US3474630,3474630,"Union City city, New Jersey",69149,38,48162,2943,3594,1366,0,197,3671,1289,0,197,11434,2631,2288,1068,908,597,1380,898
1600000US3502000,3502000,"Albuquerque city, New Mexico",559131,54,392079,8504,20159,1981,24876,2078,13909,2169,391,336,79019,8391,28698,4511,13388,3682,15310,3033
1600000US3539380,3539380,"Las Cruces city, New Mexico",101644,29,89030,2155,2923,711,1428,727,1954,709,0,193,3366,1774,2943,1430,561,496,2382,1329
1600000US3563460,3563460,"Rio Rancho city, New Mexico",94155,37,69900,3819,3129,956,2902,1178,1162,512,250,388,12526,3441,4286,1426,1330,828,2956,1018
1600000US3570500,3570500,"Santa Fe city, New Mexico",84112,47,73333,2103,931,248,1307,487,997,472,38,63,4539,1610,2967,1270,963,952,2004,870
1600000US3601000,3601000,"Albany city, New York",98452,63,55009,3429,27825,2679,597,308,7187,2197,79,128,3340,1321,4415,1505,223,212,4192,1489
1600000US3608026,3608026,"Brentwood CDP, New York",63792,7108,42265,6353,7846,2608,554,905,1211,711,0,190,7316,2868,4600,3620,443,412,4157,3592
1600000US3611000,3611000,"Buffalo city, New York",258066,40,122319,4210,96162,3711,1077,742,12822,2459,123,145,15892,2995,9671,2428,1710,1061,7961,2469
1600000US3615000,3615000,"Cheektowaga CDP, New York",76075,1778,62417,2903,9498,2378,88,147,1290,750,0,190,1451,1676,1331,745,132,156,1199,697
1600000US3649121,3649121,"Mount Vernon city, New York",68621,35,12498,2051,48882,3119,293,331,1497,726,0,190,4305,2203,1146,881,673,607,473,554
1600000US3650617,3650617,"New Rochelle city, New York",79838,41,42145,3378,16317,3305,5,10,3887,1603,91,149,14673,3768,2720,1269,863,892,1857,928
1600000US3651000,3651000,"New York city, New York",8550405,*****,3639914,20829,2055137,14629,35617,4412,1205321,8343,1864,1094,1328369,23474,284183,15637,85121,8672,199062,13007
1600000US3663000,3663000,"Rochester city, New York",209808,35,99825,4835,86974,4185,2497,977,8132,1708,0,190,4134,1281,8246,2231,1489,852,6757,2103
1600000US3665508,3665508,"Schenectady city, New York",65299,26,37775,2702,13310,2219,145,172,3720,1594,0,190,5846,2223,4503,1775,1684,1273,2819,1253
1600000US3673000,3673000,"Syracuse city, New York",144152,45,83779,3526,40762,2966,1018,504,8440,1678,109,124,2842,1162,7202,2059,840,434,6362,2092
1600000US3684000,3684000,"Yonkers city, New York",201118,33,122998,6434,34238,4492,292,260,12932,3224,82,138,23661,4727,6915,1838,1339,882,5576,1758
1600000US3702140,3702140,"Asheville city, North Carolina",88507,33,76861,2451,8182,2131,253,226,1517,815,0,200,321,322,1373,870,14,29,1359,868
1600000US3710740,3710740,"Cary town, North Carolina",160514,839,115843,4502,13474,3639,528,372,23885,3616,0,200,2484,1204,4300,1749,200,173,4100,1714
1600000US3712000,3712000,"Charlotte city, North Carolina",827121,90,430362,7592,285758,6602,2749,1020,50389,1940,119,145,35860,5858,21884,3583,2433,922,19451,3449
1600000US3714100,3714100,"Concord city, North Carolina",87693,26,59548,4172,17128,3369,86,116,3121,1267,0,200,5444,2073,2366,1719,1410,1636,956,638
1600000US3719000,3719000,"Durham city, North Carolina",257598,37,120911,4833,102819,3840,974,446,13919,924,0,200,10428,3253,8547,2320,1813,1548,6734,1699
1600000US3722920,3722920,"Fayetteville city, North Carolina",201965,40,92468,4041,82656,3390,2036,809,5154,1144,500,378,6031,1872,13120,2300,722,525,12398,2170
1600000US3725580,3725580,"Gastonia city, North Carolina",74550,33,45292,3288,21303,2739,369,285,2279,536,0,200,4004,1966,1303,935,0,200,1303,935
1600000US3728000,3728000,"Greensboro city, North Carolina",285344,42,137388,5274,118163,4659,685,396,11353,2676,27,48,8996,3568,8732,2162,680,576,8052,2176
1600000US3728080,3728080,"Greenville city, North Carolina",90588,37,48267,2929,36364,2963,274,215,2248,1132,0,200,1276,1318,2159,1008,123,200,2036,953
1600000US3731400,3731400,"High Point city, North Carolina",109828,1528,54501,3599,37090,3811,218,181,9730,2388,248,415,3558,1631,4483,1824,1033,720,3450,1726
1600000US3734200,3734200,"Jacksonville city, North Carolina",67363,29,46591,3257,9854,2140,414,269,2849,1744,33,50,1857,1373,5765,2056,634,827,5131,1861
1600000US3755000,3755000,"Raleigh city, North Carolina",451949,682,264843,8387,133153,8580,1681,710,20151,3656,348,560,20227,5149,11546,3772,857,594,10689,3767
1600000US3774440,3774440,"Wilmington city, North Carolina",115947,54,87929,2712,23226,2694,182,261,2518,861,108,137,556,501,1428,646,15,26,1413,648
1600000US3775000,3775000,"Winston-Salem city, North Carolina",241232,64,135068,3739,84731,3272,152,153,5272,1180,276,463,10558,3572,5175,1320,648,499,4527,1269
1600000US3807200,3807200,"Bismarck city, North Dakota",70240,2645,63521,2636,1617,159,3038,952,769,184,0,151,73,127,1222,713,0,151,1222,713
1600000US3825700,3825700,"Fargo city, North Dakota",119250,2406,104053,3054,5480,1373,1517,682,3853,1166,0,151,970,881,3377,1306,70,123,3307,1300
1600000US3901000,3901000,"Akron city, Ohio",197553,48,120353,4168,59364,4215,505,339,8006,2641,0,187,210,207,9115,2000,196,219,8919,2044
1600000US3915000,3915000,"Cincinnati city, Ohio",298537,49,154285,5734,125995,5980,521,339,6259,1192,0,187,2179,896,9298,2578,129,118,9169,2593
1600000US3916000,3916000,"Cleveland city, Ohio",388059,59,156443,6390,196619,6318,2652,1634,8089,1742,197,252,11263,2284,12796,2740,1775,679,11021,2466
1600000US3918000,3918000,"Columbus city, Ohio",849067,2488,522370,8255,235671,6828,1490,542,42933,3543,145,143,13819,4027,32639,4345,2518,1160,30121,4015
1600000US3921000,3921000,"Dayton city, Ohio",140597,40,80076,3647,51935,3432,265,274,1548,676,15,26,319,246,6439,1796,217,210,6222,1731
1600000US3944856,3944856,"Lorain city, Ohio",63651,30,42890,2968,13001,2420,277,347,308,266,52,95,3110,1684,4013,1702,383,313,3630,1633
1600000US3961000,3961000,"Parma city, Ohio",79943,32,74751,1955,1559,942,303,351,889,426,38,66,685,742,1718,1312,228,277,1490,1293
1600000US3977000,3977000,"Toledo city, Ohio",279778,59,174466,2882,76791,2746,740,367,5918,1537,205,213,6817,1715,14841,2768,3080,1404,11761,2488
1600000US3988000,3988000,"Youngstown city, Ohio",64609,40,30886,1788,29899,1703,428,386,200,155,0,187,683,464,2513,919,598,363,1915,887
1600000US4009050,4009050,"Broken Arrow city, Oklahoma",107595,1758,83866,2816,4665,1253,3529,863,3145,1150,0,155,1128,627,11262,1613,602,435,10660,1650
1600000US4023200,4023200,"Edmond city, Oklahoma",90090,35,71800,3009,3631,1995,2273,936,3317,1288,37,71,1134,900,7898,1857,0,155,7898,1857
1600000US4041850,4041850,"Lawton city, Oklahoma",96659,25,55870,2150,20690,1619,4510,1310,3013,528,405,424,1815,1401,10356,2432,758,747,9598,2302
1600000US4052500,4052500,"Norman city, Oklahoma",120297,51,96299,2347,3687,1232,3303,1232,5341,1435,65,88,1293,805,10309,1728,186,243,10123,1705
1600000US4055000,4055000,"Oklahoma City city, Oklahoma",631263,92,426018,6469,92592,5611,18320,2160,29486,2759,545,421,22254,4315,42048,5231,3287,1229,38761,5261
1600000US4075000,4075000,"Tulsa city, Oklahoma",403091,968,252987,4306,61420,2354,18979,2081,14180,1369,21,36,24063,2594,31441,2431,1755,713,29686,2279
1600000US4105350,4105350,"Beaverton city, Oregon",96577,33,77453,3381,1735,690,657,566,8321,1942,151,184,4324,3178,3936,1547,276,456,3660,1364
1600000US4105800,4105800,"Bend city, Oregon",87017,25,80551,2087,334,391,378,448,1120,561,0,197,1108,766,3526,1636,737,601,2789,1465
1600000US4123850,4123850,"Eugene city, Oregon",163448,52,136891,3109,3589,1405,1463,804,5931,1242,264,230,4872,2161,10438,2175,192,321,10246,2227
1600000US4131250,4131250,"Gresham city, Oregon",110582,100,89318,3962,5837,2294,555,467,3794,1398,904,768,4079,2361,6095,1686,577,478,5518,1644
1600000US4134100,4134100,"Hillsboro city, Oregon",102360,53,73977,3740,2064,976,1835,1153,11233,1824,62,107,5667,2483,7522,1975,625,535,6897,1796
1600000US4147000,4147000,"Medford city, Oregon",79795,43,72460,1672,302,179,335,255,1027,512,351,361,1976,1351,3344,970,473,334,2871,925
1600000US4159000,4159000,"Portland city, Oregon",632187,1698,491427,5089,36199,2906,4554,1628,50253,3124,3483,1232,11417,2479,34854,4274,3636,1096,31218,4034
1600000US4164900,4164900,"Salem city, Oregon",164543,44,139523,3735,2969,1176,2239,1339,3566,1258,2240,1080,4180,1468,9826,2620,1637,966,8189,2424
1600000US4202000,4202000,"Allentown city, Pennsylvania",120207,24,70022,4401,18843,2716,384,382,2326,1216,491,785,23301,4258,4840,1268,1285,583,3555,1036
1600000US4206088,4206088,"Bethlehem city, Pennsylvania",74367,2546,59387,4038,3449,1363,84,139,3025,1697,0,168,2885,1143,5537,2288,751,487,4786,2265
1600000US4224000,4224000,"Erie city, Pennsylvania",99470,27,73732,2019,17115,2031,233,185,2497,787,41,70,780,654,5072,1203,476,372,4596,1139
1600000US4260000,4260000,"Philadelphia city, Pennsylvania",1567442,*****,657151,8097,664062,5994,5701,1574,113162,2378,1403,980,83392,7273,42571,6027,7825,3378,34746,4990
1600000US4261000,4261000,"Pittsburgh city, Pennsylvania",304385,52,198438,5051,73962,5183,145,122,18101,2432,79,97,1466,668,12194,2326,980,593,11214,2178
1600000US4263624,4263624,"Reading city, Pennsylvania",87873,33,51294,4565,9447,2421,4149,2000,861,661,76,125,8264,2398,13782,3225,686,856,13096,3235
1600000US4269000,4269000,"Scranton city, Pennsylvania",77112,29,64728,2021,4746,1496,14,28,3855,868,0,168,1287,919,2482,1015,219,317,2263,982
1600000US4419180,4419180,"Cranston city, Rhode Island",81077,30,62309,3136,5698,2298,364,505,5187,2173,0,206,3540,1210,3979,1803,1774,1454,2205,1071
1600000US4454640,4454640,"Pawtucket city, Rhode Island",71583,44,45449,3423,13656,2744,474,552,1554,1212,0,206,7453,2178,2997,1085,539,359,2458,980
1600000US4459000,4459000,"Providence city, Rhode Island",179204,37,92348,5805,25498,3323,1646,850,10922,1992,211,268,39957,5425,8622,2478,1916,917,6706,2196
1600000US4474300,4474300,"Warwick city, Rhode Island",81698,19,74943,1570,746,577,0,206,1868,809,0,206,2085,1484,2056,1030,597,724,1459,701
1600000US4513330,4513330,"Charleston city, South Carolina",135524,1954,102039,3818,29186,3082,81,116,1721,680,0,203,390,377,2107,875,0,203,2107,875
1600000US4516000,4516000,"Columbia city, South Carolina",133393,144,70223,3790,55213,3698,0,203,2482,843,368,226,1605,1064,3502,973,396,352,3106,833
1600000US4550875,4550875,"North Charleston city, South Carolina",111864,3893,47275,4486,55160,4417,330,414,3624,1124,166,140,2900,1287,2409,1119,334,469,2075,1008
1600000US4561405,4561405,"Rock Hill city, South Carolina",71567,64,40447,3307,27622,3087,0,203,1029,738,0,203,1264,878,1205,702,23,41,1182,702
1600000US4652980,4652980,"Rapid City city, South Dakota",73568,24,60421,1447,456,263,5974,1465,1792,45,0,151,415,692,4510,1253,78,140,4432,1236
1600000US4659020,4659020,"Sioux Falls city, South Dakota",171530,52,145668,2409,9251,1031,3808,1261,3347,904,11,20,5460,1953,3985,1370,491,530,3494,1203
1600000US4714000,4714000,"Chattanooga city, Tennessee",176597,46,109636,3927,56353,3546,534,480,4027,1526,63,107,1337,1000,4647,2136,83,100,4564,2131
1600000US4715160,4715160,"Clarksville city, Tennessee",149190,52,98827,2255,36178,2535,1101,441,4150,910,659,393,1654,901,6621,1675,560,599,6061,1639
1600000US4727740,4727740,"Franklin city, Tennessee",72635,26,60352,1483,7446,1331,0,200,3344,1037,0,200,168,209,1325,770,310,363,1015,666
1600000US4737640,4737640,"Jackson city, Tennessee",66980,28,34538,1873,29411,1642,0,200,833,289,0,200,699,939,1499,854,0,200,1499,854
1600000US4738320,4738320,"Johnson City city, Tennessee",65369,395,56679,988,4064,975,73,105,1557,474,0,200,528,504,2468,1029,58,109,2410,1004
1600000US4740000,4740000,"Knoxville city, Tennessee",185312,78,140724,3235,31513,2645,306,194,3214,1059,538,627,2981,1558,6036,1566,501,459,5535,1528
1600000US4748000,4748000,"Memphis city, Tennessee",655760,59,194557,7357,415300,6742,317,299,13630,2067,492,794,20012,4388,11452,3060,2998,1691,8454,2253
1600000US4751560,4751560,"Murfreesboro city, Tennessee",126121,34,91738,3858,18962,2989,128,207,5814,1648,0,200,3569,2168,5910,2134,131,214,5779,2113
1600000US4752006,4752006,"Nashville-Davidson metropolitan government (balance), Tennessee",654596,49,415672,5255,178975,3684,2694,910,20631,1990,76,129,17917,4296,18631,3434,1365,715,17266,3394
1600000US4801000,4801000,"Abilene city, Texas",125876,3118,91254,3873,12829,1012,959,539,1695,593,0,214,14448,3511,4691,1228,1378,792,3313,971
1600000US4801924,4801924,"Allen city, Texas",98138,30,67438,4809,12163,4141,190,172,14781,3753,0,214,974,832,2592,1182,759,678,1833,1057
1600000US4803000,4803000,"Amarillo city, Texas",199651,2153,167592,2591,10781,1804,1051,451,8037,738,500,503,4108,1136,7582,2098,1505,693,6077,1849
1600000US4804000,4804000,"Arlington city, Texas",388122,57,242968,8781,88887,7313,1499,579,28200,5858,523,569,16659,5645,9386,2094,1393,745,7993,2058
1600000US4804462,4804462,"Atascocita CDP, Texas",78240,9872,49107,7676,20990,6359,378,495,1976,964,0,214,3995,2634,1794,806,630,516,1164,554
1600000US4805000,4805000,"Austin city, Texas",931840,74,683349,10857,70992,4652,2832,1167,69994,3894,296,237,77277,9212,27100,3693,3160,1137,23940,3513
1600000US4806128,4806128,"Baytown city, Texas",75485,1700,45964,3968,15622,3319,422,573,2425,1160,0,214,7629,2904,3423,1505,803,586,2620,1406
1600000US4807000,4807000,"Beaumont city, Texas",118110,67,52665,3671,57553,3317,586,500,3474,1056,0,214,2422,1488,1410,760,523,623,887,548
1600000US4810768,4810768,"Brownsville city, Texas",183888,35,173090,2687,1018,796,991,919,593,438,35,58,6227,2166,1934,1145,897,675,1037,987
1600000US4810912,4810912,"Bryan city, Texas",82106,46,56109,3541,10411,2088,439,644,2388,1062,27,47,8460,2808,4272,1624,51,86,4221,1621
1600000US4813024,4813024,"Carrollton city, Texas",133146,79,99984,4115,9634,2631,157,167,17309,3622,0,214,2698,1369,3364,1306,413,343,2951,1284
1600000US4813552,4813552,"Cedar Park city, Texas",64837,1137,54292,2738,2767,1378,124,126,4196,1709,0,214,759,524,2699,1358,246,254,2453,1277
1600000US4815976,4815976,"College Station city, Texas",107899,37,83071,2300,10730,2253,37,75,9948,1252,27,54,2144,842,1942,896,116,153,1826,861
1600000US4816432,4816432,"Conroe city, Texas",68592,38,56980,3182,6471,2446,535,513,2099,1419,0,214,1679,1035,828,656,539,555,289,376
1600000US4817000,4817000,"Corpus Christi city, Texas",324082,33,288216,2389,13773,844,1665,1141,7270,725,84,114,7903,1854,5171,1599,1566,633,3605,1449
1600000US4819000,4819000,"Dallas city, Texas",1300082,68,813829,13863,308787,10497,3756,1754,40626,4543,141,153,100573,9147,32370,5247,6192,1851,26178,4813
1600000US4819972,4819972,"Denton city, Texas",131047,39,103643,3457,15181,2946,470,420,6013,1847,0,214,2885,1395,2855,1118,174,133,2681,1096
1600000US4824000,4824000,"El Paso city, Texas",681136,50,576280,8375,29588,2335,4436,1549,10041,1079,75,125,47036,6517,13680,3451,4801,2296,8879,2268
1600000US4826232,4826232,"Flower Mound town, Texas",71024,37,59075,1971,3009,1067,296,326,5807,1694,0,214,449,303,2388,946,383,453,2005,808
1600000US4827000,4827000,"Fort Worth city, Texas",836969,2530,554453,12800,158652,7213,3379,1363,34353,5177,296,364,62160,8646,23676,3870,5618,2638,18058,3440
1600000US4827684,4827684,"Frisco city, Texas",154388,77,107397,4736,8918,2808,1128,748,28379,3713,0,214,3000,1171,5566,1647,1489,984,4077,1299
1600000US4829000,4829000,"Garland city, Texas",236836,374,148892,7826,36681,6897,1149,816,24141,4048,148,173,18053,5293,7772,2471,1958,1295,5814,1997
1600000US4830464,4830464,"Grand Prairie city, Texas",187755,62,110643,6755,51680,6558,705,491,10541,3800,99,181,9149,2573,4938,1700,1722,851,3216,1436
1600000US4835000,4835000,"Houston city, Texas",2298628,3600,1351048,23997,512039,15829,6484,2320,159292,10486,901,653,226090,17859,42774,4993,11574,2900,31200,4291
1600000US4837000,4837000,"Irving city, Texas",236617,59,127979,7821,27907,4563,1416,919,46414,5053,1000,337,25516,5142,6385,1914,1091,697,5294,1787
1600000US4839148,4839148,"Killeen city, Texas",140809,34,68172,4328,49263,3753,574,375,5210,1428,2164,430,6041,2525,9385,2822,506,365,8879,2839
1600000US4841464,4841464,"Laredo city, Texas",255789,3289,244622,4146,590,467,736,608,1884,893,0,214,6111,1690,1846,1041,1034,687,812,802
1600000US4841980,4841980,"League City city, Texas",98350,1476,84120,3975,3597,2542,148,228,4206,2192,0,214,1275,840,5004,3019,2776,3091,2228,1176
1600000US4842508,4842508,"Lewisville city, Texas",104808,1528,67334,4080,15414,2828,435,549,11847,2818,0,214,6615,3606,3163,1144,524,406,2639,1055
1600000US4843888,4843888,"Longview city, Texas",81590,866,59285,3081,18477,2959,0,214,1418,580,0,214,452,344,1958,1004,0,214,1958,1004
1600000US4845000,4845000,"Lubbock city, Texas",249051,40,200625,4359,18389,2572,3798,2496,6407,678,40,69,11329,2627,8463,2932,1841,1231,6622,2702
1600000US4845384,4845384,"McAllen city, Texas",140253,57,106149,6895,3024,1063,176,168,5252,1997,200,211,23786,6690,1666,999,524,601,1142,704
1600000US4845744,4845744,"McKinney city, Texas",162887,51,126288,4456,15805,3177,1403,967,12056,3109,87,114,3913,1820,3335,1011,737,467,2598,867
1600000US4847892,4847892,"Mesquite city, Texas",145124,596,94717,5608,35601,5115,1737,987,3654,1770,0,214,4881,2124,4534,1670,1458,741,3076,1422
1600000US4848072,4848072,"Midland city, Texas",132950,17,113150,2578,9037,1231,267,271,2455,492,58,97,5086,2129,2897,1356,383,309,2514,1305
1600000US4848804,4848804,"Missouri City city, Texas",71778,1622,19531,3743,27835,5310,82,138,17013,4010,453,669,5555,3277,1309,582,260,335,1049,557
1600000US4850820,4850820,"New Braunfels city, Texas",69923,2251,61830,2587,2687,675,202,286,1021,531,0,214,2071,1183,2112,1060,446,381,1666,987
1600000US4852356,4852356,"North Richland Hills city, Texas",69205,26,56554,3481,4471,2071,426,358,4702,2868,953,1152,48,80,2051,865,263,422,1788,801
1600000US4853388,4853388,"Odessa city, Texas",118980,1004,103422,2843,5350,1050,206,284,1791,508,0,214,4468,1954,3743,1641,421,324,3322,1591
1600000US4856000,4856000,"Pasadena city, Texas",153786,35,138320,3501,5135,2444,1510,1202,1512,932,54,90,5335,1790,1920,1099,258,223,1662,1050
1600000US4856348,4856348,"Pearland city, Texas",111665,2657,70772,5370,22385,4460,753,728,13255,2957,0,214,1825,1367,2675,1418,0,214,2675,1418
1600000US4858016,4858016,"Plano city, Texas",283619,1361,189774,5519,22521,4550,2413,1122,57564,5744,407,235,4596,1609,6344,1366,667,477,5677,1443
1600000US4861796,4861796,"Richardson city, Texas",110827,58,73495,5008,12458,4155,442,372,19266,3480,0,214,2242,2100,2924,1195,130,160,2794,1189
1600000US4863500,4863500,"Round Rock city, Texas",115839,1069,87312,4092,10946,2849,546,494,8258,1908,0,214,3625,1558,5152,1786,315,313,4837,1734
1600000US4864472,4864472,"San Angelo city, Texas",100413,3369,85141,4783,5718,824,235,165,1585,630,242,251,5839,3099,1653,1156,1140,1043,513,412
1600000US4865000,4865000,"San Antonio city, Texas",1469824,69,1203964,12872,106383,6217,12233,4755,43236,3197,1754,945,62653,6776,39601,5531,10038,2693,29563,4625
1600000US4870808,4870808,"Sugar Land city, Texas",88129,92,43575,4308,8522,4162,47,86,33081,3848,0,214,1870,1094,1034,693,54,90,980,697
1600000US4872176,4872176,"Temple city, Texas",72297,71,51316,4039,13403,3414,145,119,1164,671,54,91,2370,1297,3845,1634,817,674,3028,1477
1600000US4872656,4872656,"The Woodlands CDP, Texas",119144,11666,101472,11309,4945,2574,176,274,6384,2107,0,214,1064,1048,5103,2275,853,782,4250,2130
1600000US4874144,4874144,"Tyler city, Texas",103705,33,71429,3515,25271,3317,525,413,2175,899,5,11,2620,1691,1680,789,364,340,1316,645
1600000US4875428,4875428,"Victoria city, Texas",67581,29,57079,2065,4517,838,40,67,1102,360,0,214,2805,1687,2038,1286,0,214,2038,1286
1600000US4876000,4876000,"Waco city, Texas",132342,55,94181,3562,28650,2815,260,216,3807,783,0,214,2590,1212,2854,1090,428,334,2426,973
1600000US4879000,4879000,"Wichita Falls city, Texas",104709,20,79758,1974,12717,1442,829,379,3263,303,27,53,4672,1810,3443,1455,714,534,2729,1368
1600000US4943660,4943660,"Layton city, Utah",74142,27,62196,2719,1135,617,138,144,1646,860,809,854,4715,2162,3503,1733,181,182,3322,1694
1600000US4955980,4955980,"Ogden city, Utah",85450,34,71725,3290,1502,799,618,484,1230,633,111,219,6693,2856,3571,1479,744,425,2827,1382
1600000US4957300,4957300,"Orem city, Utah",94457,26,82523,3333,735,501,282,258,2162,858,1172,744,4053,2832,3530,1300,232,257,3298,1290
1600000US4962470,4962470,"Provo city, Utah",115258,37,103725,2352,436,374,614,329,1983,752,1166,610,2354,1211,4980,1335,426,311,4554,1285
1600000US4965330,4965330,"St. George city, Utah",80207,25,69691,2444,1198,580,1349,1292,601,312,676,426,4214,2129,2478,1063,27,47,2451,1059
1600000US4967000,4967000,"Salt Lake City city, Utah",192660,50,145243,5632,4558,1770,2026,1205,10374,2464,2757,1881,22340,4631,5362,1738,628,397,4734,1566
1600000US4967440,4967440,"Sandy city, Utah",93612,31,82310,3118,331,335,225,227,4046,1260,390,545,3166,2617,3144,1286,183,191,2961,1285
1600000US4982950,4982950,"West Jordan city, Utah",111942,41,97241,3976,2565,1428,544,474,2815,1659,363,429,5445,2675,2969,1693,150,180,2819,1689
1600000US4983470,4983470,"West Valley City city, Utah",136224,62,84514,4769,2851,1722,3142,1543,8767,2846,5863,2429,25430,5180,5657,2372,1652,1591,4005,1830
1600000US5101000,5101000,"Alexandria city, Virginia",153511,*****,97333,2330,31470,1629,280,346,10137,839,0,197,3994,1994,10297,2476,2244,1719,8053,1898
1600000US5103000,5103000,"Arlington CDP, Virginia",229164,*****,165282,3728,20354,938,160,178,24290,1179,202,238,11822,3714,7054,1700,599,306,6455,1644
1600000US5114440,5114440,"Centreville CDP, Virginia",71782,6350,36167,3842,5462,2356,0,197,22402,4021,0,197,4049,3259,3702,1460,240,251,3462,1444
1600000US5116000,5116000,"Chesapeake city, Virginia",235429,*****,144648,1490,70444,1770,506,312,8441,1067,294,239,4087,1324,7009,1591,336,332,6673,1550
1600000US5121088,5121088,"Dale City CDP, Virginia",71399,7473,31626,4708,16235,4045,454,453,7836,3451,215,211,11757,4743,3276,1331,146,170,3130,1312
1600000US5135000,5135000,"Hampton city, Virginia",136454,*****,58494,1682,67048,1762,817,569,3407,567,167,190,1745,1222,4776,1653,277,311,4499,1650
1600000US5147672,5147672,"Lynchburg city, Virginia",79812,*****,52055,622,22715,743,219,298,2339,449,0,197,592,456,1892,880,322,267,1570,854
1600000US5156000,5156000,"Newport News city, Virginia",182385,*****,88771,1735,73574,2677,346,276,6629,582,308,229,4780,2095,7977,1990,585,427,7392,1970
1600000US5157000,5157000,"Norfolk city, Virginia",246393,*****,120510,1556,102513,1619,1425,470,9488,795,159,208,3681,1279,8617,1888,334,257,8283,1843
1600000US5164000,5164000,"Portsmouth city, Virginia",96201,*****,39779,1014,50543,1090,471,334,530,428,0,197,991,551,3887,1070,412,630,3475,963
1600000US5167000,5167000,"Richmond city, Virginia",220289,*****,98864,2169,104583,1827,2276,2391,4866,629,112,145,1735,826,7853,2021,800,654,7053,1734
1600000US5168000,5168000,"Roanoke city, Virginia",99897,*****,64887,973,27458,1175,27,51,2673,446,0,197,720,826,4132,1286,0,197,4132,1286
1600000US5176432,5176432,"Suffolk city, Virginia",88161,*****,45880,614,37780,1419,454,463,1880,308,0,197,574,537,1593,1093,338,489,1255,999
1600000US5182000,5182000,"Virginia Beach city, Virginia",452745,*****,304039,2335,88810,2949,1096,432,28670,1441,252,242,6106,1707,23772,2922,2783,1245,20989,2749
1600000US5303180,5303180,"Auburn city, Washington",76580,1665,52577,3619,2213,984,988,545,9115,2379,572,673,4314,2164,6801,2115,871,1167,5930,1946
1600000US5305210,5305210,"Bellevue city, Washington",139814,44,75920,4917,3120,1849,468,381,47900,5581,270,419,5051,3336,7085,1758,1010,504,6075,1639
1600000US5305280,5305280,"Bellingham city, Washington",85143,24,70213,2031,934,607,1499,581,5927,1847,456,287,2056,1081,4058,1259,290,287,3768,1238
1600000US5322640,5322640,"Everett city, Washington",108012,32,81436,3818,4252,1455,1091,863,8073,1777,1987,1738,3711,1994,7462,1865,722,695,6740,1752
1600000US5323515,5323515,"Federal Way city, Washington",95188,61,54131,5282,12783,3775,415,298,13105,2821,3490,2578,4445,2870,6819,1552,735,479,6084,1506
1600000US5335275,5335275,"Kennewick city, Washington",78903,36,59473,3645,232,292,344,376,1347,620,84,143,10704,3322,6719,1652,499,381,6220,1614
1600000US5335415,5335415,"Kent city, Washington",126962,48,62959,5159,16852,5235,1681,985,23958,4477,1461,1089,12954,4613,7097,2097,951,626,6146,2032
1600000US5335940,5335940,"Kirkland city, Washington",87267,59,67073,3248,761,624,207,241,12655,1963,294,394,2482,2519,3795,1067,322,319,3473,1059
1600000US5343955,5343955,"Marysville city, Washington",66773,28,54367,2288,618,461,453,349,4114,1516,172,239,1765,1321,5284,1406,72,87,5212,1401
1600000US5353545,5353545,"Pasco city, Washington",68097,4032,52859,5167,1540,822,95,132,1662,373,30,58,8809,3339,3102,1306,1142,873,1960,811
1600000US5357745,5357745,"Renton city, Washington",100247,33,53268,4791,10026,3270,412,339,19417,3187,1133,1403,9797,3927,6194,1919,470,431,5724,1891
1600000US5363000,5363000,"Seattle city, Washington",684443,60,473045,7971,50190,5640,4165,1319,96669,6231,1098,734,16502,4019,42774,4323,2431,1001,40343,4086
1600000US5367000,5367000,"Spokane city, Washington",213267,36,182906,2732,4564,1494,3420,1352,5463,1386,1810,874,3154,1362,11950,2325,471,445,11479,2263
1600000US5367167,5367167,"Spokane Valley city, Washington",94908,41,88181,1629,676,600,988,534,853,609,285,364,981,730,2944,1358,418,413,2526,1159
1600000US5370000,5370000,"Tacoma city, Washington",207950,38,135512,5386,22326,3370,1217,695,20997,3010,1767,1545,9134,2965,16997,3105,1033,523,15964,3003
1600000US5374060,5374060,"Vancouver city, Washington",172853,44,141157,3871,4312,1714,1149,562,7864,1925,1202,1021,6724,2330,10445,2445,1159,834,9286,2227
1600000US5380010,5380010,"Yakima city, Washington",93700,27,76610,3539,717,663,1360,866,1202,642,0,195,11028,2910,2783,1033,848,627,1935,843
1600000US5502375,5502375,"Appleton city, Wisconsin",75255,1875,63023,2191,2390,762,665,491,5076,1301,39,65,2328,999,1734,806,57,105,1677,796
1600000US5522300,5522300,"Eau Claire city, Wisconsin",67433,626,61486,1244,503,482,495,513,4157,852,36,69,33,64,723,503,82,131,641,481
1600000US5531000,5531000,"Green Bay city, Wisconsin",105221,51,77681,3697,3660,1243,4319,1157,4459,1473,28,50,8986,2990,6088,2216,867,776,5221,1933
1600000US5539225,5539225,"Kenosha city, Wisconsin",99856,24,82287,2019,10199,1256,604,160,2006,903,0,145,2117,1146,2643,844,239,231,2404,812
1600000US5548000,5548000,"Madison city, Wisconsin",248956,45,195502,3878,16770,2771,809,555,20560,2291,83,112,6079,2505,9153,2004,1430,1105,7723,1675
1600000US5553000,5553000,"Milwaukee city, Wisconsin",600154,36,276965,5897,233019,3614,3351,1054,22748,2847,274,260,40797,4471,23000,4133,2907,996,20093,3902
1600000US5560500,5560500,"Oshkosh city, Wisconsin",66557,20,59764,1177,2555,782,149,129,3182,835,0,145,461,447,446,330,81,149,365,287
1600000US5566000,5566000,"Racine city, Wisconsin",77737,25,48605,2774,17738,1927,73,75,690,484,0,145,6113,2376,4518,1184,1233,708,3285,984
1600000US5584250,5584250,"Waukesha city, Wisconsin",71976,36,64380,2070,1197,927,169,207,1758,944,132,177,1963,1402,2377,1038,193,196,2184,1001
