GEO.id,GEO.id2,GEO.display-label,HD01_VD01,HD02_VD01,HD01_VD02,HD02_VD02,HD01_VD03,HD02_VD03,HD01_VD04,HD02_VD04,HD01_VD05,HD02_VD05,HD01_VD06,HD02_VD06,HD01_VD07,HD02_VD07,HD01_VD08,HD02_VD08,HD01_VD09,HD02_VD09,HD01_VD10,HD02_VD10
Id,Id2,Geography,Estimate; Total:,Margin of Error; Total:,Estimate; Total: - White alone,Margin of Error; Total: - White alone,Estimate; Total: - Black or African American alone,Margin of Error; Total: - Black or African American alone,Estimate; Total: - American Indian and Alaska Native alone,Margin of Error; Total: - American Indian and Alaska Native alone,Estimate; Total: - Asian alone,Margin of Error; Total: - Asian alone,Estimate; Total: - Native Hawaiian and Other Pacific Islander alone,Margin of Error; Total: - Native Hawaiian and Other Pacific Islander alone,Estimate; Total: - Some other race alone,Margin of Error; Total: - Some other race alone,Estimate; Total: - Two or more races:,Margin of Error; Total: - Two or more races:,Estimate; Total: - Two or more races: - Two races including Some other race,Margin of Error; Total: - Two or more races: - Two races including Some other race,"Estimate; Total: - Two or more races: - Two races excluding Some other race, and three or more races","Margin of Error; Total: - Two or more races: - Two races excluding Some other race, and three or more races"
1600000US0107000,0107000,"Birmingham city, Alabama",211458,468,50140,4133,156177,4695,751,530,2594,1008,0,190,1121,945,675,459,0,190,675,459
1600000US0121184,0121184,"Dothan city, Alabama",66384,742,42748,1338,20539,1172,285,112,652,307,17,32,930,360,1213,381,71,79,1142,348
1600000US0135896,0135896,"Hoover city, Alabama",80553,2772,59020,4717,7241,2457,525,606,5355,1467,0,190,7346,3268,1066,706,0,190,1066,706
1600000US0137000,0137000,"Huntsville city, Alabama",182354,766,114080,4722,55038,4066,1070,425,3313,1096,28,48,2734,1489,6091,2074,765,577,5326,1718
1600000US0150000,0150000,"Mobile city, Alabama",194887,96,89656,4189,98966,3881,302,397,2286,1204,112,192,1720,1002,1845,840,120,149,1725,835
1600000US0151000,0151000,"Montgomery city, Alabama",213132,3100,83403,2723,120140,2031,1045,703,4839,582,0,190,1299,1147,2406,940,433,621,1973,837
1600000US0203000,0203000,"Anchorage municipality, Alaska",295570,*****,196444,2566,16294,1734,19194,2718,23872,1647,6145,440,3140,1247,30481,3668,2778,1365,27703,3311
1600000US0410670,0410670,"Casas Adobes CDP, Arizona",67496,5518,61269,5195,874,493,233,246,2104,1192,58,119,1495,993,1463,829,335,325,1128,727
1600000US0412000,0412000,"Chandler city, Arizona",240098,44,195297,6423,13698,3495,2797,2227,15075,3371,262,351,2536,1674,10433,3300,2117,1857,8316,2769
1600000US0423620,0423620,"Flagstaff city, Arizona",65904,41,46911,2998,1242,518,8112,2301,1241,606,42,77,5345,1601,3011,1268,1376,1179,1635,608
1600000US0427400,0427400,"Gilbert town, Arizona",211964,61,180564,7020,6630,4852,1278,764,15131,4240,219,275,2536,1293,5606,2199,1770,1522,3836,1506
1600000US0427820,0427820,"Glendale city, Arizona",230466,74,174808,7266,9681,3394,1303,827,8234,2864,0,229,25988,6636,10452,3103,2644,1600,7808,2486
1600000US0428380,0428380,"Goodyear city, Arizona",66312,24,52616,3856,6860,3260,340,300,3349,1807,0,229,855,848,2292,1347,104,138,2188,1368
1600000US0446000,0446000,"Mesa city, Arizona",446498,88,362570,10377,21188,6930,9764,3585,7929,1995,2270,1298,29493,6541,13284,3309,3827,1403,9457,2785
1600000US0454050,0454050,"Peoria city, Arizona",156634,43,138662,4633,5275,2213,1288,1291,4179,2227,0,229,2138,1259,5092,3053,823,449,4269,3045
1600000US0455000,0455000,"Phoenix city, Arizona",1469484,75,1147215,15415,94911,7481,29628,5025,49531,6572,3030,1638,111100,13182,34069,4905,8530,2249,25539,4334
1600000US0464210,0464210,"San Tan Valley CDP, Arizona",83217,9257,63801,8552,5012,4262,4226,4483,0,229,0,229,6502,4209,3676,2948,467,753,3209,2812
1600000US0465000,0465000,"Scottsdale city, Arizona",221007,52,198187,4642,3354,2009,3028,2003,8140,2792,0,229,3066,1731,5232,2121,186,228,5046,2155
1600000US0473000,0473000,"Tempe city, Arizona",164264,35,127556,4740,10375,3308,1759,1162,11790,2853,1388,1251,4546,1892,6850,2040,1361,646,5489,1933
1600000US0477000,0477000,"Tucson city, Arizona",525798,53,403863,8428,27174,3329,10484,2674,14131,2350,735,777,52325,6461,17086,3404,4959,1684,12127,2674
1600000US0485540,0485540,"Yuma city, Arizona",94543,27,66309,5290,2910,870,1096,641,1842,450,54,97,20325,5351,2007,1039,706,583,1301,927
1600000US0523290,0523290,"Fayetteville city, Arkansas",75109,39,63458,1807,3887,1004,1089,937,3710,1031,52,91,1100,672,1813,913,223,283,1590,895
1600000US0524550,0524550,"Fort Smith city, Arkansas",87146,28,67868,1960,7431,1234,608,564,4747,756,227,357,1694,1078,4571,1558,1099,768,3472,1279
1600000US0541000,0541000,"Little Rock city, Arkansas",195310,37,96447,4698,86184,4425,277,390,6046,984,108,158,2488,1657,3760,1393,534,570,3226,1308
1600000US0566080,0566080,"Springdale city, Arkansas",73153,3905,46331,5650,1490,1289,1530,1146,1184,987,5224,1597,15241,3737,2153,1637,347,430,1806,1515
1600000US0600562,0600562,"Alameda city, California",74770,28,37530,3596,6044,2136,86,144,23652,3526,29,55,2102,1161,5327,2095,752,483,4575,1939
1600000US0600884,0600884,"Alhambra city, California",83703,49,23363,3898,1403,768,167,212,44697,4715,178,301,11723,3161,2172,862,689,481,1483,723
1600000US0602000,0602000,"Anaheim city, California",341348,67,214952,9628,9183,2462,1457,825,51707,6177,640,906,52109,7401,11300,2904,3767,1812,7533,1985
1600000US0602252,0602252,"Antioch city, California",104027,69,60651,6371,15737,4596,719,857,7520,3110,269,306,10203,4378,8928,3949,1377,908,7551,3932
1600000US0602364,0602364,"Apple Valley town, California",70173,24,57299,3336,5502,2587,250,285,1892,1158,0,208,2552,1118,2678,998,235,287,2443,955
1600000US0602553,0602553,"Arden-Arcade CDP, California",91977,8134,67360,6901,6405,1840,1005,698,6206,2661,53,88,4339,1987,6609,2364,618,552,5991,2317
1600000US0603526,0603526,"Bakersfield city, California",352429,44,248289,6605,28606,4070,3936,1794,24328,3481,927,650,31728,4939,14615,3207,3386,1264,11229,2771
1600000US0603666,0603666,"Baldwin Park city, California",75937,29,29162,4111,545,714,593,546,14034,2717,58,83,29267,4042,2278,1701,1858,1562,420,428
1600000US0604982,0604982,"Bellflower city, California",77179,48,29837,3892,12929,4053,223,337,7071,2412,589,857,24066,4738,2464,963,1399,756,1065,647
1600000US0606000,0606000,"Berkeley city, California",113893,47,73164,3169,9894,2665,240,183,22126,2773,196,303,2613,697,5660,1364,482,264,5178,1319
1600000US0608786,0608786,"Buena Park city, California",81754,46,48000,4939,4106,1802,49,81,22202,4495,535,731,4011,2031,2851,1221,737,663,2114,961
1600000US0608954,0608954,"Burbank city, California",104096,33,77361,4577,1163,792,87,109,13130,3972,24,40,7188,2912,5143,1403,1656,931,3487,1238
1600000US0610046,0610046,"Camarillo city, California",65904,44,49198,3498,830,556,195,248,4952,1633,182,277,6265,3748,4282,1566,816,597,3466,1535
1600000US0611194,0611194,"Carlsbad city, California",106895,40,91253,3590,359,315,524,625,8522,2678,0,208,1752,1165,4485,1945,669,822,3816,1793
1600000US0611530,0611530,"Carson city, California",92387,44,31468,4770,18492,3758,359,371,19833,4748,1471,1245,6206,1795,14558,4615,694,594,13864,4652
1600000US0613014,0613014,"Chico city, California",86287,29,70255,2481,2194,707,615,440,2701,1474,75,94,4111,1686,6336,1573,1024,676,5312,1498
1600000US0613210,0613210,"Chino city, California",79061,34,46574,5718,4133,1867,861,530,12094,3500,148,242,11292,3850,3959,1794,1006,761,2953,1629
1600000US0613214,0613214,"Chino Hills city, California",75931,42,44559,4745,3156,2039,358,518,19447,3601,178,250,4228,3870,4005,2036,1140,1234,2865,1717
1600000US0613392,0613392,"Chula Vista city, California",247514,79,163601,7177,9768,3146,2114,1317,39608,6734,584,368,18510,3459,13329,3250,3061,1681,10268,3084
1600000US0613588,0613588,"Citrus Heights city, California",84342,46,64186,4720,2103,947,1043,662,2106,1010,2442,2393,7844,3628,4618,1865,1302,935,3316,1587
1600000US0614218,0614218,"Clovis city, California",96909,73,66742,5464,1963,1040,1187,708,12007,3721,54,141,11437,4034,3519,1290,535,502,2984,1175
1600000US0615044,0615044,"Compton city, California",97166,42,39525,4930,28295,3708,0,208,555,601,288,503,24702,4640,3801,1538,1614,908,2187,1271
1600000US0616000,0616000,"Concord city, California",124059,34,85916,4933,3911,1788,983,639,16319,3432,1473,1099,9552,3488,5905,2093,1044,698,4861,1937
1600000US0616350,0616350,"Corona city, California",155884,57,107921,5958,9741,2831,753,605,17967,3937,2373,1900,12304,3670,4825,1478,2015,984,2810,1091
1600000US0616532,0616532,"Costa Mesa city, California",111603,30,75935,5126,1428,872,126,211,8532,2201,230,215,22495,4842,2857,899,1004,646,1853,551
1600000US0617918,0617918,"Daly City city, California",102368,34,23757,4400,2951,1480,326,310,62551,5005,109,139,7538,2975,5136,1545,1295,928,3841,1366
1600000US0618100,0618100,"Davis city, California",66011,30,39274,2413,1206,686,451,262,15613,2387,254,362,3042,1474,6171,1691,1316,957,4855,1472
1600000US0619766,0619766,"Downey city, California",112578,31,74346,6191,4398,1914,181,201,5654,2148,0,208,26368,6099,1631,933,838,803,793,535
1600000US0620802,0620802,"East Los Angeles CDP, California",131741,10766,78336,7517,1043,773,488,504,810,398,0,208,48562,8300,2502,1335,1071,768,1431,1153
1600000US0621712,0621712,"El Cajon city, California",100931,32,86238,2832,3888,1240,290,213,2105,1023,695,511,2189,1152,5526,1891,1076,840,4450,1588
1600000US0622020,0622020,"Elk Grove city, California",154920,58,75547,7904,17186,4242,383,322,36178,6370,1235,1112,13235,5321,11156,3614,1212,730,9944,3621
1600000US0622230,0622230,"El Monte city, California",114294,40,59758,5246,1007,794,498,381,29588,4762,0,208,22454,4563,989,486,373,270,616,416
1600000US0622804,0622804,"Escondido city, California",146021,51,120742,5097,3320,1223,388,276,9247,2672,130,143,8977,3706,3217,1254,607,485,2610,1100
1600000US0623182,0623182,"Fairfield city, California",106116,44,47394,4430,19159,3819,314,278,18445,3405,1316,779,11733,3898,7755,2377,2642,1663,5113,1889
1600000US0624477,0624477,"Florence-Graham CDP, California",68626,6477,49622,5973,4426,1711,257,425,53,87,0,208,13612,3940,656,453,471,425,185,155
1600000US0624638,0624638,"Folsom city, California",72991,38,54934,5196,2937,607,90,93,7396,2972,112,127,4794,3976,2728,1521,67,111,2661,1515
1600000US0624680,0624680,"Fontana city, California",199024,41,127543,9077,16583,4675,640,521,10410,3138,42,73,33733,6712,10073,3859,3357,1795,6716,3209
1600000US0626000,0626000,"Fremont city, California",216912,39,66993,5548,8247,3195,1291,863,105587,7118,600,435,20528,5594,13666,3828,5961,3026,7705,1905
1600000US0627000,0627000,"Fresno city, California",501365,54,249032,10526,35612,3173,4221,1917,63800,4834,1561,807,122426,10110,24713,4922,7904,2897,16809,4349
1600000US0628000,0628000,"Fullerton city, California",137174,42,75831,5949,2718,1232,730,522,32675,4614,150,202,18506,5526,6564,2307,2609,2000,3955,1241
1600000US0629000,0629000,"Garden Grove city, California",173490,72,81697,6518,3308,1694,872,621,70470,5916,1894,1179,12655,3832,2594,875,819,498,1775,720
1600000US0630000,0630000,"Glendale city, California",193113,39,152920,4389,1640,693,846,771,29563,4239,52,86,3616,1501,4476,1220,946,533,3530,1066
1600000US0632548,0632548,"Hawthorne city, California",84897,42,49766,4647,21299,3912,243,331,3435,1227,1047,1036,6229,2494,2878,1217,536,501,2342,1129
1600000US0633000,0633000,"Hayward city, California",146083,58,57244,6461,15970,2877,349,290,33303,4816,6321,1553,24710,5173,8186,2419,2735,1673,5451,1815
1600000US0633182,0633182,"Hemet city, California",80459,39,57209,4103,4550,1819,671,445,2091,1361,79,122,12012,4052,3847,2267,589,642,3258,2130
1600000US0633434,0633434,"Hesperia city, California",91549,56,59072,4904,8980,3350,1903,1466,1417,1010,130,226,17183,4518,2864,1207,734,625,2130,1051
1600000US0636000,0636000,"Huntington Beach city, California",192868,80,148558,5881,1615,889,1570,827,20876,4149,293,223,14053,4008,5903,1507,1012,846,4891,1261
1600000US0636448,0636448,"Indio city, California",77789,44,46924,5052,951,592,1380,1538,1207,748,0,208,25574,5336,1753,1026,437,397,1316,832
1600000US0636546,0636546,"Inglewood city, California",110463,34,34098,5304,48324,4391,548,624,2578,1307,224,237,22237,4840,2454,1157,1000,800,1454,798
1600000US0636770,0636770,"Irvine city, California",215511,64,114571,7117,3780,1853,1305,801,79380,8194,286,250,5214,1912,10975,2589,1151,1056,9824,2574
1600000US0639496,0639496,"Lake Forest city, California",78460,73,48307,5013,1401,680,130,163,15025,3411,536,413,9981,4024,3080,982,823,644,2257,797
1600000US0639892,0639892,"Lakewood city, California",80648,63,40753,4033,5783,1612,374,433,12449,2636,525,349,16276,4492,4488,1253,1791,974,2697,949
1600000US0640130,0640130,"Lancaster city, California",157698,37,100799,6578,30153,5200,855,560,6790,2579,192,166,9786,3246,9123,2580,2060,1173,7063,2490
1600000US0641992,0641992,"Livermore city, California",82056,59,65197,3085,1764,1031,21,49,10502,3039,131,160,1500,1327,2941,1252,215,292,2726,1241
1600000US0643000,0643000,"Long Beach city, California",465584,61,243830,10075,65958,7501,2518,1049,54359,5565,4812,2434,64219,8192,29888,4559,6651,2233,23237,3645
1600000US0644000,0644000,"Los Angeles city, California",3819708,76,2043821,25468,353111,12901,19263,3186,442855,14199,7091,2318,829340,24784,124227,7348,38203,4407,86024,6661
1600000US0644574,0644574,"Lynwood city, California",70259,28,22311,4127,5295,1667,428,501,520,316,0,208,40542,4479,1163,651,835,538,328,314
1600000US0645484,0645484,"Manteca city, California",68254,28,49180,4769,3183,1919,352,296,4390,1845,607,848,6403,3718,4139,1575,975,489,3164,1564
1600000US0646842,0646842,"Menifee city, California",79321,45,62313,4335,2907,1514,306,373,7478,3674,177,286,4083,2131,2057,1464,826,1000,1231,929
1600000US0646898,0646898,"Merced city, California",80234,32,50049,3226,4980,1503,778,821,10732,2412,91,133,10780,2672,2824,1471,626,295,2198,1336
1600000US0647766,0647766,"Milpitas city, California",67811,29,14596,2764,2254,1226,525,753,41309,3608,655,785,5221,2066,3251,1308,1272,802,1979,879
1600000US0648256,0648256,"Mission Viejo city, California",94714,38,77728,4316,1166,693,202,315,7961,2626,37,63,4823,3523,2797,1048,277,286,2520,1000
1600000US0648354,0648354,"Modesto city, California",202761,53,151965,5031,8486,1987,2760,1564,14102,2562,1855,923,13935,3645,9658,2722,1905,1060,7753,2417
1600000US0649270,0649270,"Moreno Valley city, California",197838,47,131461,8303,36468,7100,2957,3110,9451,3052,450,684,11842,3074,5209,1469,1417,741,3792,1298
1600000US0649670,0649670,"Mountain View city, California",75230,31,48279,3279,1889,1037,187,210,18470,3259,391,582,1850,1271,4164,1387,779,709,3385,1231
1600000US0650076,0650076,"Murrieta city, California",105847,46,73957,8215,11631,6122,838,660,3715,2068,0,208,11370,5935,4336,2438,2426,2242,1910,1129
1600000US0650258,0650258,"Napa city, California",77868,27,67766,2549,483,307,559,642,2354,980,60,96,4186,1997,2460,1023,202,303,2258,969
1600000US0651182,0651182,"Newport Beach city, California",86485,28,73891,3011,66,83,113,181,8079,2500,0,208,1975,1561,2361,895,332,337,2029,880
1600000US0652526,0652526,"Norwalk city, California",106308,34,39349,5306,5929,2179,972,937,13692,2848,0,208,42483,5587,3883,1565,1461,817,2422,1467
1600000US0653000,0653000,"Oakland city, California",395811,50,161558,7404,110837,5621,2827,1182,70886,5691,1832,1050,25071,5045,22800,3725,5320,1925,17480,3485
1600000US0653322,0653322,"Oceanside city, California",169565,48,107148,7857,9211,2943,1235,1217,13627,3657,3595,2694,23999,6532,10750,2725,3008,1373,7742,2470
1600000US0653896,0653896,"Ontario city, California",166412,79,103162,8495,10084,3516,680,776,6889,3249,0,208,36762,8500,8835,3977,3166,2976,5669,2932
1600000US0653980,0653980,"Orange city, California",138405,41,87129,6624,1527,839,681,477,17361,3824,0,208,28349,5854,3358,1058,759,363,2599,954
1600000US0654652,0654652,"Oxnard city, California",199917,100,140722,6158,6689,1865,1212,658,14656,2760,36,71,28057,5847,8545,2568,1249,589,7296,2378
1600000US0655156,0655156,"Palmdale city, California",153874,46,61745,6450,22183,4205,351,247,7995,3326,20,48,55132,7546,6448,1997,3257,1505,3191,1311
1600000US0655282,0655282,"Palo Alto city, California",65419,40,44240,3331,1914,1006,357,584,14893,3038,0,208,1407,1592,2608,1096,257,247,2351,1092
1600000US0656000,0656000,"Pasadena city, California",138086,57,89368,5093,13715,3596,534,475,25437,4356,0,208,3479,1781,5553,1696,580,436,4973,1554
1600000US0656700,0656700,"Perris city, California",69973,33,31059,6967,8255,4575,1712,1118,2579,1972,0,208,25589,7056,779,635,779,635,0,208
1600000US0657456,0657456,"Pittsburg city, California",64307,50,23570,3858,10526,3113,103,123,10192,2472,891,863,15291,4087,3734,1886,604,529,3130,1847
1600000US0657792,0657792,"Pleasanton city, California",71206,40,51144,3098,1791,1427,0,208,15511,2938,0,208,643,580,2117,948,201,240,1916,876
1600000US0658072,0658072,"Pomona city, California",150126,32,93498,6456,12377,3270,1209,1096,12248,3134,0,208,25397,5346,5397,3407,3474,3291,1923,716
1600000US0659444,0659444,"Rancho Cordova city, California",65614,41,40174,3442,8099,2615,437,314,6788,2498,111,142,4977,2314,5028,1250,1226,707,3802,1126
1600000US0659451,0659451,"Rancho Cucamonga city, California",167698,73,109393,10037,13777,5010,1195,1765,17736,5747,456,615,10657,5880,14484,6071,1005,763,13479,5980
1600000US0659920,0659920,"Redding city, California",90142,32,77652,2380,1419,554,1723,1062,1535,786,241,156,2140,1229,5432,1642,183,291,5249,1595
1600000US0659962,0659962,"Redlands city, California",69744,36,49073,3849,3274,1465,383,404,5199,1844,397,525,8962,3574,2456,1136,431,275,2025,1076
1600000US0660018,0660018,"Redondo Beach city, California",67231,26,52795,3024,2408,1557,0,208,7723,1933,192,292,1323,951,2790,1137,62,103,2728,1110
1600000US0660102,0660102,"Redwood City city, California",77750,40,58465,3629,1793,1153,301,274,8379,1990,72,125,5832,2477,2908,885,388,287,2520,869
1600000US0660466,0660466,"Rialto city, California",100680,58,60447,8179,11626,3870,198,327,2764,1637,1828,2391,20434,7001,3383,1717,1477,996,1906,1154
1600000US0660620,0660620,"Richmond city, California",105389,47,50180,5133,25975,4299,830,545,12435,2901,569,527,10207,4311,5193,1700,1122,650,4071,1600
1600000US0662000,0662000,"Riverside city, California",310654,57,205326,9776,19896,4271,5218,2908,23526,5026,515,387,40578,8780,15595,3563,3784,1476,11811,3044
1600000US0662938,0662938,"Roseville city, California",121755,44,98550,4390,1248,786,610,656,11256,3466,273,252,3813,2128,6005,2220,644,677,5361,2100
1600000US0664000,0664000,"Sacramento city, California",472169,64,228198,10617,63119,6359,6491,2555,99538,8472,5806,1842,34551,7955,34466,5202,4666,1495,29800,5114
1600000US0664224,0664224,"Salinas city, California",152995,35,111906,5323,1559,730,892,607,9322,2341,318,446,25179,5045,3819,1510,681,424,3138,1447
1600000US0665000,0665000,"San Bernardino city, California",213008,44,110446,8164,32316,4453,2540,1459,9074,2869,115,119,48378,8374,10139,3068,1511,1069,8628,2923
1600000US0665042,0665042,"San Buenaventura (Ventura) city, California",107507,34,87461,3530,2745,1341,704,596,4427,1591,195,235,7491,2647,4484,1671,1063,834,3421,1532
1600000US0666000,0666000,"San Diego city, California",1326183,63,849647,11979,94862,6144,5998,1669,210468,8817,3934,1623,95019,8445,66255,6607,10281,3148,55974,6307
1600000US0667000,0667000,"San Francisco city, California",812826,*****,408583,6618,48564,2965,2791,718,272088,3331,3703,309,44329,6934,32768,4282,6011,1909,26757,3537
1600000US0668000,0668000,"San Jose city, California",967478,82,457275,13707,29661,3716,6935,2075,320225,10977,4381,1364,103870,11158,45131,4685,8629,2041,36502,4723
1600000US0668084,0668084,"San Leandro city, California",86067,34,41995,5568,12183,3049,364,333,22676,3886,780,694,3283,2258,4786,1616,462,334,4324,1601
1600000US0668196,0668196,"San Marcos city, California",85009,52,63727,5290,3525,3198,258,370,9181,3998,0,208,4474,2463,3844,1816,523,408,3321,1732
1600000US0668252,0668252,"San Mateo city, California",98403,48,65723,4348,2045,929,184,162,19017,2836,3353,2049,4466,2642,3615,1341,215,205,3400,1339
1600000US0668378,0668378,"San Ramon city, California",73338,33,37305,5277,2127,1528,657,1048,27407,4456,375,483,1129,1035,4338,2155,374,356,3964,2107
1600000US0669000,0669000,"Santa Ana city, California",329405,107,172283,9825,4653,2372,1762,809,31739,4416,499,531,113872,10296,4597,1443,2350,928,2247,1027
1600000US0669070,0669070,"Santa Barbara city, California",89058,52,67392,4507,1200,688,245,286,2560,990,117,90,15320,4281,2224,932,709,551,1515,685
1600000US0669084,0669084,"Santa Clara city, California",118247,57,61387,5217,3892,1784,617,501,41837,4761,414,404,5739,2590,4361,1372,898,541,3463,1331
1600000US0669088,0669088,"Santa Clarita city, California",177589,56,127873,5574,4681,1525,780,700,17860,4315,427,319,12269,3422,13699,3000,1833,1028,11866,2705
1600000US0669196,0669196,"Santa Maria city, California",100272,37,79885,3523,761,576,1050,610,6905,1832,140,183,8274,2588,3257,1352,1432,787,1825,1062
1600000US0670000,0670000,"Santa Monica city, California",90373,23,73379,3240,3489,1634,118,138,8577,2385,0,208,850,435,3960,1511,185,181,3775,1498
1600000US0670098,0670098,"Santa Rosa city, California",169302,45,131948,4981,4460,1419,1693,1018,10038,2165,1107,708,14126,4395,5930,1704,1042,810,4888,1615
1600000US0672016,0672016,"Simi Valley city, California",125546,96,94485,3707,1265,896,1445,909,11991,2382,356,460,9072,3313,6932,1555,1616,680,5316,1572
1600000US0673080,0673080,"South Gate city, California",95088,28,42190,4927,499,404,0,208,692,493,126,121,50095,4767,1486,843,1226,809,260,269
1600000US0675000,0675000,"Stockton city, California",296367,54,139399,7157,35629,3755,3044,2147,62491,5393,1540,1022,34610,5007,19654,3761,3035,1121,16619,3548
1600000US0677000,0677000,"Sunnyvale city, California",142299,59,67323,5865,1883,981,116,188,59279,5050,0,208,6683,3197,7015,1733,1566,1088,5449,1525
1600000US0678120,0678120,"Temecula city, California",102471,35,75786,6016,2392,1762,3209,2065,7010,2899,1329,1060,6534,3711,6211,2257,1228,1122,4983,1981
1600000US0678582,0678582,"Thousand Oaks city, California",127994,52,98234,5094,2083,1169,114,188,15204,2160,104,170,8015,4956,4240,1530,1036,1275,3204,1157
1600000US0680000,0680000,"Torrance city, California",146467,91,75635,4973,4334,1984,266,240,49891,5008,360,349,7878,3378,8103,2103,1866,1102,6237,1845
1600000US0680238,0680238,"Tracy city, California",84252,50,47942,6317,8031,3725,438,484,11403,3665,907,1241,8491,4968,7040,4179,1503,1287,5537,4112
1600000US0680812,0680812,"Turlock city, California",69095,35,55487,3325,1816,1620,739,547,3918,1657,627,603,3747,1979,2761,1391,1538,1202,1223,773
1600000US0680854,0680854,"Tustin city, California",76699,48,52215,3596,857,572,87,142,16551,3334,1221,1509,5066,2322,702,423,56,92,646,420
1600000US0681204,0681204,"Union City city, California",70441,29,14246,3505,3670,2143,220,313,38537,3858,962,1041,7989,2528,4817,1940,807,484,4010,1915
1600000US0681344,0681344,"Upland city, California",74854,64,45085,4636,2713,1169,951,1217,5336,2090,261,338,14664,4219,5844,3272,888,1260,4956,3051
1600000US0681554,0681554,"Vacaville city, California",93076,43,60836,4036,7766,1594,389,337,4997,2138,437,473,11452,3389,7199,2072,1250,681,5949,1903
1600000US0681666,0681666,"Vallejo city, California",116829,38,48005,4399,24302,3743,1340,837,28845,3465,1408,887,5314,2381,7615,2106,1141,862,6474,1860
1600000US0682590,0682590,"Victorville city, California",117596,33,64235,9111,11811,5377,865,556,10343,6642,67,122,26564,8194,3711,1917,1004,1054,2707,1964
1600000US0682954,0682954,"Visalia city, California",126421,45,104880,3809,3651,1632,1657,1034,6792,2131,78,129,5873,1425,3490,1931,2103,1951,1387,573
1600000US0682996,0682996,"Vista city, California",95211,42,79926,3212,3079,1904,419,331,4264,1485,273,273,3793,1380,3457,1115,865,566,2592,973
1600000US0683346,0683346,"Walnut Creek city, California",65232,78,48756,3762,3731,3240,92,148,9397,2970,0,208,761,445,2495,983,573,463,1922,856
1600000US0684200,0684200,"West Covina city, California",106864,45,43599,4676,6575,2237,229,332,26579,4243,246,404,25915,5052,3721,1740,1261,754,2460,1444
1600000US0684550,0684550,"Westminster city, California",91078,60,30489,4051,1259,703,75,125,40197,3707,1687,1509,14186,2686,3185,1182,823,548,2362,1071
1600000US0685292,0685292,"Whittier city, California",85933,48,46505,4810,1518,1656,1340,886,3366,1023,111,151,29821,5060,3272,1451,1083,747,2189,1124
1600000US0686832,0686832,"Yorba Linda city, California",65220,37,52246,2734,656,470,348,315,9605,2420,0,208,662,460,1703,909,221,203,1482,809
1600000US0686972,0686972,"Yuba City city, California",65041,35,40708,2762,2131,826,732,496,12136,1440,236,195,4389,2184,4709,2168,255,264,4454,2088
1600000US0803455,0803455,"Arvada city, Colorado",107326,1046,99026,2273,963,548,987,1253,2880,1296,0,201,1614,1098,1856,640,20,45,1836,644
1600000US0804000,0804000,"Aurora city, Colorado",332551,533,221596,6869,50335,4500,2965,1595,17751,2713,1258,239,21128,4783,17518,3326,6439,2513,11079,2311
1600000US0807850,0807850,"Boulder city, Colorado",98903,56,89591,2141,668,558,140,126,3946,949,0,201,1595,1657,2963,824,131,162,2832,826
1600000US0812815,0812815,"Centennial city, Colorado",102621,69,89523,2756,3797,1809,442,311,5027,1699,58,97,1147,607,2627,1404,756,623,1871,1082
1600000US0816000,0816000,"Colorado Springs city, Colorado",426406,75,346531,6022,26402,3618,2334,1026,10596,1815,1738,948,21519,5171,17286,2580,2698,1052,14588,2318
1600000US0820000,0820000,"Denver city, Colorado",619968,*****,445187,8472,59801,2344,8364,2027,23046,996,765,122,60844,8343,21961,4406,5899,2204,16062,3818
1600000US0827425,0827425,"Fort Collins city, Colorado",146777,59,134175,2545,1655,818,614,651,3083,1195,114,171,2291,1303,4845,1417,1109,675,3736,1534
1600000US0832155,0832155,"Greeley city, Colorado",94966,33,86130,2435,607,440,560,471,996,1051,50,98,4156,2013,2467,888,290,256,2177,887
1600000US0836410,0836410,"Highlands Ranch CDP, Colorado",109365,5248,98613,5375,1513,777,390,427,5026,1839,0,201,271,269,3552,1805,213,346,3339,1772
1600000US0843000,0843000,"Lakewood city, Colorado",144414,47,130601,2068,2293,805,725,391,3664,1172,35,57,1640,705,5456,1663,715,492,4741,1625
1600000US0845970,0845970,"Longmont city, Colorado",87695,36,75584,2787,809,613,776,481,3962,1351,0,201,4479,2233,2085,921,318,496,1767,797
1600000US0846465,0846465,"Loveland city, Colorado",68203,30,58983,2653,416,342,1070,1040,3479,1807,0,201,2571,1758,1684,1107,790,920,894,678
1600000US0862000,0862000,"Pueblo city, Colorado",107584,30,85603,2897,2278,701,3885,1789,951,361,82,159,10366,2397,4419,1405,1992,869,2427,1168
1600000US0877290,0877290,"Thornton city, Colorado",121449,65,104743,3651,1753,1468,852,624,4217,1744,0,201,5892,2578,3992,1260,1607,933,2385,1041
1600000US0883835,0883835,"Westminster city, Colorado",107950,70,90127,3252,2332,1155,343,330,6627,2325,0,201,3500,1762,5021,1692,337,371,4684,1587
1600000US0908000,0908000,"Bridgeport city, Connecticut",145634,34,65788,4980,50531,4457,365,425,5866,2149,44,78,19325,4443,3715,1359,1351,627,2364,1144
1600000US0918430,0918430,"Danbury city, Connecticut",81684,49,53806,4081,5626,1870,226,240,3070,1428,80,131,15381,4153,3495,1503,1153,828,2342,1310
1600000US0937000,0937000,"Hartford city, Connecticut",124863,41,47298,4176,46238,3442,228,221,2334,862,267,281,23111,3729,5387,1581,1770,1176,3617,1185
1600000US0950370,0950370,"New Britain city, Connecticut",73279,69,42867,3750,9395,2297,324,486,2065,1464,0,198,15245,3589,3383,1298,1097,627,2286,1171
1600000US0952000,0952000,"New Haven city, Connecticut",129591,38,58592,4635,39435,4460,417,403,6504,1712,328,526,20613,3866,3702,1161,1246,680,2456,1011
1600000US0955990,0955990,"Norwalk city, Connecticut",86467,37,67613,2965,11338,2532,319,509,2079,919,0,198,3830,2216,1288,969,563,739,725,464
1600000US0973000,0973000,"Stamford city, Connecticut",123871,34,67976,4817,20073,3895,324,429,11147,2634,0,198,22484,4681,1867,775,646,430,1221,693
1600000US0980000,0980000,"Waterbury city, Connecticut",110196,34,62070,4064,20451,3180,145,142,1701,923,29,48,20020,4753,5780,1659,1864,916,3916,1296
1600000US1077580,1077580,"Wilmington city, Delaware",71317,38,24329,2560,39400,2819,0,192,662,334,0,192,4039,1683,2887,1447,788,581,2099,1224
1600000US1150000,1150000,"Washington city, District of Columbia",617996,*****,246505,3665,309845,2181,1956,848,22510,968,0,200,24420,3654,12760,1744,1315,601,11445,1673
1600000US1207300,1207300,"Boca Raton city, Florida",85334,34,74416,2476,6372,2284,140,115,2141,917,0,238,1086,718,1179,728,577,628,602,419
1600000US1207875,1207875,"Boynton Beach city, Florida",68997,31,45461,4239,19599,3987,122,188,1356,1234,0,238,1362,1218,1097,683,74,121,1023,673
1600000US1208150,1208150,"Brandon CDP, Florida",106312,8914,83982,8268,14327,4188,97,108,2399,1523,205,302,1909,970,3393,1423,231,267,3162,1421
1600000US1210275,1210275,"Cape Coral city, Florida",157476,27,143907,4170,5576,3250,312,275,2999,1704,0,238,3205,2191,1477,1076,630,481,847,931
1600000US1212875,1212875,"Clearwater city, Florida",107774,50,93953,3027,9036,2540,96,146,1908,1175,0,238,918,673,1863,970,346,371,1517,920
1600000US1214400,1214400,"Coral Springs city, Florida",123336,36,84568,5185,25606,5097,758,647,6072,2120,0,238,2559,2012,3773,1513,224,265,3549,1499
1600000US1216475,1216475,"Davie town, Florida",93686,56,74411,3979,5426,2373,230,295,5444,2015,0,238,5804,2818,2371,1143,748,742,1623,846
1600000US1217200,1217200,"Deltona city, Florida",85212,32,56175,6196,11540,4847,1466,1720,719,658,0,238,12690,4536,2622,1379,1362,969,1260,1054
1600000US1224000,1224000,"Fort Lauderdale city, Florida",168527,32,106543,5663,51369,5348,916,835,1699,1156,75,126,5086,2926,2839,1363,312,272,2527,1336
1600000US1225175,1225175,"Gainesville city, Florida",125325,28,81309,3070,29940,3056,211,217,9694,1684,132,226,1033,686,3006,921,273,302,2733,909
1600000US1230000,1230000,"Hialeah city, Florida",229967,39,218181,3150,3626,1451,401,675,1102,930,0,238,5137,2134,1520,1116,833,733,687,836
1600000US1232000,1232000,"Hollywood city, Florida",143351,35,102108,6890,25369,7066,236,243,3362,1777,0,238,7138,3362,5138,1761,1050,790,4088,1563
1600000US1235000,1235000,"Jacksonville city, Florida",827909,24,502661,5460,251281,5558,2880,1030,34542,2395,464,452,10035,3193,26046,5787,5654,2656,20392,5076
1600000US1238250,1238250,"Lakeland city, Florida",98608,65,71992,4328,19521,3644,436,479,1705,1141,0,238,4010,2784,944,613,220,236,724,550
1600000US1239425,1239425,"Largo city, Florida",77720,36,63041,3769,8586,3491,40,60,3186,1494,0,238,155,203,2712,1200,128,158,2584,1223
1600000US1239925,1239925,"Lehigh Acres CDP, Florida",98100,7540,61611,7058,20105,5100,782,570,2103,1396,0,238,9394,4481,4105,3128,1200,1096,2905,2939
1600000US1243975,1243975,"Melbourne city, Florida",76089,34,65128,3276,6965,2734,25,50,1323,766,0,238,184,239,2464,1388,959,1284,1505,1005
1600000US1245000,1245000,"Miami city, Florida",408760,56,302767,7897,80310,6565,837,815,4557,2110,153,252,13973,4130,6163,2140,1805,825,4358,1834
1600000US1245025,1245025,"Miami Beach city, Florida",89845,37,62419,6957,7293,4709,1301,1381,993,859,0,238,17038,5718,801,595,509,465,292,372
1600000US1245975,1245975,"Miramar city, Florida",124285,65,53983,6958,56120,6110,0,238,6465,2897,0,238,3073,2148,4644,2987,1153,732,3491,2799
1600000US1253000,1253000,"Orlando city, Florida",243209,76,139908,7570,68298,5004,453,348,11372,3063,0,238,17787,4884,5391,2313,1894,1454,3497,1290
1600000US1254000,1254000,"Palm Bay city, Florida",103234,33,77333,5312,15546,3697,1095,925,1308,981,0,238,2729,2261,5223,2322,217,282,5006,2313
1600000US1254200,1254200,"Palm Coast city, Florida",79538,4507,61490,4366,10725,2266,0,238,843,905,0,238,5006,2575,1474,1201,545,798,929,817
1600000US1255775,1255775,"Pembroke Pines city, Florida",157612,75,109657,6368,28427,5618,974,1192,9320,3500,0,238,6130,2368,3104,1777,838,529,2266,1648
1600000US1257425,1257425,"Plantation city, Florida",86516,38,59208,4423,17723,4002,0,238,4036,1983,0,238,2477,1965,3072,1759,779,854,2293,1531
1600000US1258050,1258050,"Pompano Beach city, Florida",101632,55,66970,3932,31455,4215,108,110,714,564,0,238,1659,1443,726,522,133,131,593,514
1600000US1258715,1258715,"Port St. Lucie city, Florida",166162,53,122251,6401,23331,4685,553,525,2623,1051,0,238,9222,4956,8182,3353,858,862,7324,3058
1600000US1260950,1260950,"Riverview CDP, Florida",62319,7574,43964,6361,8030,3515,102,160,2559,1393,0,238,5349,4462,2315,1515,349,471,1966,1404
1600000US1263000,1263000,"St. Petersburg city, Florida",244995,31,167288,5041,62567,4768,575,520,4944,1572,508,562,3120,2159,5993,2183,383,289,5610,2131
1600000US1268350,1268350,"Spring Hill CDP, Florida",106718,6065,96282,5991,5704,1806,265,475,1217,1092,0,238,1372,1094,1878,1090,180,204,1698,1058
1600000US1269700,1269700,"Sunrise city, Florida",85990,41,49111,4766,27967,4966,193,316,3926,1934,0,238,3229,1484,1564,1070,693,603,871,816
1600000US1270600,1270600,"Tallahassee city, Florida",182955,48,103048,3818,65423,3786,686,327,7108,1161,0,238,2482,992,4208,1354,1085,741,3123,1267
1600000US1271000,1271000,"Tampa city, Florida",346064,104,218418,7218,97089,6969,1950,1482,10539,2050,414,347,6525,2193,11129,2608,2218,1069,8911,2208
1600000US1272145,1272145,"Town 'n' Country CDP, Florida",78227,7778,62567,6841,5551,2225,717,881,3986,2037,0,238,4668,2704,738,557,232,281,506,423
1600000US1276582,1276582,"Weston city, Florida",66545,23,59941,2758,1928,1593,0,238,1584,1172,0,238,1830,2051,1262,802,327,391,935,706
1600000US1276600,1276600,"West Palm Beach city, Florida",101065,81,62186,5086,31646,4730,605,901,2325,1400,91,153,2872,1752,1340,597,430,338,910,446
1600000US1303440,1303440,"Athens-Clarke County unified government (balance), Georgia",115939,453,77354,1095,29326,1212,171,102,4790,476,16,28,1144,906,3138,1343,272,278,2866,1319
1600000US1304000,1304000,"Atlanta city, Georgia",432425,40,172034,7011,233506,7082,1065,892,14796,2921,231,388,4264,2360,6529,2028,698,438,5831,1915
1600000US1304204,1304204,"Augusta-Richmond County consolidated government (balance), Georgia",194928,2550,78331,1652,104951,2901,330,337,3755,516,319,361,2091,1370,5151,1827,654,448,4497,1701
1600000US1319000,1319000,"Columbus city, Georgia",194107,*****,89062,1386,86643,1545,502,309,4538,473,267,351,5363,1436,7732,1711,1376,878,6356,1552
1600000US1367284,1367284,"Roswell city, Georgia",91165,28,70598,5052,13554,4212,0,225,4108,2233,0,225,324,343,2581,1422,0,225,2581,1422
1600000US1368516,1368516,"Sandy Springs city, Georgia",96859,27,67197,5888,20875,5604,109,207,5019,2564,637,730,794,757,2228,1268,49,81,2179,1256
1600000US1369000,1369000,"Savannah city, Georgia",139499,39,58518,4064,74067,4241,73,101,3150,1276,248,285,1119,1028,2324,1025,243,399,2081,941
1600000US1380508,1380508,"Warner Robins city, Georgia",68315,304,38148,2961,22961,3073,62,109,2639,1234,0,225,3099,1382,1406,1327,0,225,1406,1327
1600000US1571550,1571550,"Urban Honolulu CDP, Hawaii",340931,42,60964,4236,7943,2405,504,349,181604,7542,28755,3817,1353,622,59808,5456,1466,668,58342,5431
1600000US1608830,1608830,"Boise City city, Idaho",210151,35,188235,2735,2504,931,539,733,7347,2494,0,195,3495,1769,8031,2851,971,593,7060,2555
1600000US1656260,1656260,"Nampa city, Idaho",82759,26,75902,2364,324,243,917,869,1127,611,336,374,2676,1539,1477,1037,513,746,964,676
1600000US1702154,1702154,"Arlington Heights village, Illinois",76755,2411,65096,3271,1130,769,0,189,7066,3101,0,189,2320,1666,1143,633,233,294,910,549
1600000US1703012,1703012,"Aurora city, Illinois",193398,6827,108846,9276,15595,3206,421,310,11997,4426,109,176,48280,7949,8150,2851,557,370,7593,2829
1600000US1706613,1706613,"Bloomington city, Illinois",77078,34,59864,1929,9124,1693,432,423,5525,949,0,189,581,478,1552,698,0,189,1552,698
1600000US1707133,1707133,"Bolingbrook village, Illinois",72719,4525,46889,5795,14318,3984,45,79,6779,2980,0,189,2472,1946,2216,1374,362,497,1854,1273
1600000US1712385,1712385,"Champaign city, Illinois",81296,31,56487,2539,12606,2297,95,123,10554,1533,0,189,195,250,1359,749,105,137,1254,737
1600000US1714000,1714000,"Chicago city, Illinois",2707123,43,1296264,18331,873749,11422,6340,1737,143049,8269,320,373,326593,19144,60808,6153,18269,2816,42539,5649
1600000US1718823,1718823,"Decatur city, Illinois",74617,2395,53152,2454,18286,882,0,189,1307,339,100,141,304,368,1468,672,40,68,1428,675
1600000US1723074,1723074,"Elgin city, Illinois",116108,6303,77736,8864,4914,1984,611,483,8066,4384,0,189,22682,6319,2099,1157,610,569,1489,849
1600000US1724582,1724582,"Evanston city, Illinois",74791,36,52437,3355,13529,2771,46,92,5158,1363,0,189,1220,922,2401,1156,33,51,2368,1155
1600000US1738570,1738570,"Joliet city, Illinois",152902,5185,101864,8232,24673,4793,560,764,2938,1997,0,189,19768,6284,3099,1209,310,258,2789,1183
1600000US1751622,1751622,"Naperville city, Illinois",143289,1873,106112,5456,5762,2288,43,78,27036,5138,37,63,1687,1378,2612,1618,1371,1386,1241,731
1600000US1757225,1757225,"Palatine village, Illinois",68815,27,51170,3896,2537,1768,0,189,10389,3006,0,189,2948,2109,1771,1024,738,711,1033,804
1600000US1759000,1759000,"Peoria city, Illinois",113715,1899,71363,2157,32738,1145,587,309,6169,417,0,189,856,598,2002,894,38,62,1964,889
1600000US1765000,1765000,"Rockford city, Illinois",152485,2223,106019,3613,32745,2040,348,316,4331,1244,145,174,5223,2117,3674,1130,290,447,3384,1095
1600000US1768003,1768003,"Schaumburg village, Illinois",74198,2331,53919,3804,3651,1897,29,55,13907,3084,0,189,1931,2522,761,503,209,292,552,375
1600000US1770122,1770122,"Skokie village, Illinois",65070,29,42212,3824,5796,2468,12,25,15593,3921,0,189,302,311,1155,644,0,189,1155,644
1600000US1772000,1772000,"Springfield city, Illinois",117178,356,88730,1311,22168,1580,553,312,2674,641,0,189,334,272,2719,1226,268,257,2451,1180
1600000US1779293,1779293,"Waukegan city, Illinois",92734,4596,54824,5050,15262,2430,297,303,3873,1885,0,189,15485,4701,2993,1383,925,579,2068,1087
1600000US1805860,1805860,"Bloomington city, Indiana",81033,2701,66469,2680,2647,869,171,279,7385,849,0,190,1458,1123,2903,979,122,147,2781,977
1600000US1810342,1810342,"Carmel city, Indiana",81534,1782,67720,2834,2409,1703,104,166,8078,2026,0,190,634,647,2589,1619,91,159,2498,1637
1600000US1822000,1822000,"Evansville city, Indiana",118117,3469,99657,3162,13569,1885,55,98,239,152,0,190,1878,1002,2719,1238,270,432,2449,1162
1600000US1823278,1823278,"Fishers town, Indiana",78756,2784,69078,3938,2836,1735,206,282,3335,1787,0,190,570,699,2731,1621,1138,1157,1593,1030
1600000US1825000,1825000,"Fort Wayne city, Indiana",258803,4205,196074,4774,41079,1831,1256,588,7302,1354,69,118,4742,2197,8281,1762,470,315,7811,1684
1600000US1827000,1827000,"Gary city, Indiana",80125,25,9419,2119,67145,2484,57,110,1014,938,112,184,1476,1036,902,553,185,232,717,427
1600000US1831000,1831000,"Hammond city, Indiana",80758,30,41782,3866,15990,2656,472,376,508,422,0,190,19307,3929,2699,1319,997,970,1702,918
1600000US1836003,1836003,"Indianapolis city (balance), Indiana",824232,4864,513900,7516,228829,4912,1121,708,16032,2804,126,186,40611,5892,23613,3219,1686,1001,21927,3062
1600000US1840788,1840788,"Lafayette city, Indiana",66105,2495,58373,3097,4652,1644,205,179,868,826,0,190,1154,750,853,421,196,225,657,385
1600000US1851876,1851876,"Muncie city, Indiana",69131,1321,57047,1523,5907,953,0,190,1356,324,0,190,779,456,4042,904,498,353,3544,824
1600000US1871000,1871000,"South Bend city, Indiana",101103,2880,63312,3087,28306,2245,247,224,1156,602,0,190,4023,1362,4059,1283,397,276,3662,1318
1600000US1912000,1912000,"Cedar Rapids city, Iowa",127902,30,112749,1783,7031,1707,388,277,2190,844,0,155,668,416,4876,1784,652,637,4224,1736
1600000US1919000,1919000,"Davenport city, Iowa",100805,26,82546,1468,11499,1272,420,353,2543,935,0,155,1009,588,2788,1083,483,430,2305,956
1600000US1921000,1921000,"Des Moines city, Iowa",206577,36,160999,4249,22215,1876,528,310,10057,2263,121,132,6387,2764,6270,1957,289,430,5981,1860
1600000US1938595,1938595,"Iowa City city, Iowa",68940,37,57744,1551,3562,1057,205,141,4303,1054,0,155,963,813,2163,865,87,117,2076,876
1600000US1973335,1973335,"Sioux City city, Iowa",81453,2121,63590,2463,2318,797,1700,571,1919,496,0,155,7691,1856,4235,1688,1029,1030,3206,1442
1600000US1982425,1982425,"Waterloo city, Iowa",68646,30,52727,1546,11040,1288,148,131,1459,625,0,155,960,623,2312,951,646,653,1666,700
1600000US2036000,2036000,"Kansas City city, Kansas",146198,1707,83829,2639,38344,1082,1236,793,4414,164,32,54,14437,2499,3906,1005,703,517,3203,941
1600000US2038900,2038900,"Lawrence city, Kansas",89851,2678,74349,2717,4718,1076,1950,811,4239,846,0,168,298,360,4297,1489,130,176,4167,1476
1600000US2052575,2052575,"Olathe city, Kansas",127902,38,107410,3496,7226,1900,489,477,6664,1983,0,168,2431,1455,3682,1546,124,205,3558,1544
1600000US2053775,2053775,"Overland Park city, Kansas",176182,50,147180,3432,9696,2660,1030,741,10336,2324,0,168,1111,728,6829,2624,376,395,6453,2616
1600000US2071000,2071000,"Topeka city, Kansas",128194,28,98968,2799,15720,2289,1529,641,1646,728,0,168,3474,1828,6857,1757,1435,991,5422,1444
1600000US2079000,2079000,"Wichita city, Kansas",384439,40,285434,4694,39827,2883,3648,1135,17492,1946,237,273,16510,3428,21291,3574,2781,1584,18510,3141
1600000US2146027,2146027,"Lexington-Fayette urban county, Kentucky",301569,*****,229703,2672,44513,1577,620,463,10662,773,44,72,8690,2849,7337,1717,1250,998,6087,1581
1600000US2148006,2148006,"Louisville/Jefferson County metro government (balance), Kentucky",602037,108,426236,4693,134666,4958,1092,441,14558,1325,84,196,7957,2753,17444,3873,586,392,16858,3918
1600000US2205000,2205000,"Baton Rouge city, Louisiana",230148,43,91470,4886,125206,5243,177,216,8529,1688,0,198,641,529,4125,1441,836,582,3289,1289
1600000US2239475,2239475,"Kenner city, Louisiana",66725,39,44031,4056,18132,4026,0,198,1985,1162,0,198,1952,1314,625,520,244,389,381,337
1600000US2240735,2240735,"Lafayette city, Louisiana",122128,28,75764,3734,41797,3468,289,258,2093,837,0,198,1316,1120,869,592,0,198,869,592
1600000US2250115,2250115,"Metairie CDP, Louisiana",137775,6887,110501,5743,14478,3339,401,350,5184,2074,0,198,4587,2111,2624,1039,1057,792,1567,662
1600000US2255000,2255000,"New Orleans city, Louisiana",360740,*****,123436,1546,216539,1028,761,316,10649,579,147,195,5071,1557,4137,978,798,448,3339,876
1600000US2270000,2270000,"Shreveport city, Louisiana",201871,939,79752,3064,113167,2742,941,702,1295,686,0,198,2773,1138,3943,1504,675,679,3268,1407
1600000US2404000,2404000,"Baltimore city, Maryland",619493,*****,186050,2321,390096,2864,1760,554,14561,636,733,1096,11209,3078,15084,2809,1353,656,13731,2681
1600000US2419125,2419125,"Columbia CDP, Maryland",104643,5388,55960,4322,24869,3858,239,289,13943,3263,137,179,4703,3592,4792,1984,801,716,3991,1783
1600000US2430325,2430325,"Frederick city, Maryland",66165,25,43364,3945,13457,3010,566,395,3354,1440,0,204,3530,2218,1894,1079,1000,946,894,530
1600000US2432025,2432025,"Germantown CDP, Maryland",84447,7720,36310,5881,21195,4893,264,336,18860,5166,0,204,3613,1974,4205,1838,656,920,3549,2081
1600000US2432650,2432650,"Glen Burnie CDP, Maryland",69026,5882,44674,5360,17795,4274,262,219,2664,1458,0,204,1521,1621,2110,908,168,163,1942,875
1600000US2472450,2472450,"Silver Spring CDP, Maryland",78430,7956,34053,4118,23355,4857,173,163,4770,1706,0,204,12776,4979,3303,1649,578,600,2725,1486
1600000US2481175,2481175,"Waldorf CDP, Maryland",71674,3954,21966,2944,39419,3108,0,204,4595,873,90,151,1466,1084,4138,1666,427,333,3711,1686
1600000US2507000,2507000,"Boston city, Massachusetts",624969,2515,333558,6015,161596,4714,1594,728,56844,2358,60,100,45563,5488,25754,4545,5888,1973,19866,3836
1600000US2509000,2509000,"Brockton city, Massachusetts",94312,30,42120,3421,34485,3213,206,317,2437,1383,45,102,12910,3451,2109,709,646,437,1463,601
1600000US2511000,2511000,"Cambridge city, Massachusetts",106039,29,69524,3824,11798,2640,238,242,17604,2677,44,85,1542,699,5289,1818,815,470,4474,1771
1600000US2523000,2523000,"Fall River city, Massachusetts",88964,24,78293,2766,2678,1456,0,204,2618,1400,0,204,3054,2030,2321,738,437,360,1884,753
1600000US2524960,2524960,"Framingham CDP, Massachusetts",68986,31,52201,3331,6297,2254,120,159,5073,2293,0,204,2775,1577,2520,1434,491,382,2029,1336
1600000US2534550,2534550,"Lawrence city, Massachusetts",76971,35,27332,3739,4427,1358,0,204,2308,1130,0,204,40792,4132,2112,848,1371,672,741,525
1600000US2537000,2537000,"Lowell city, Massachusetts",107582,33,66194,4343,7178,2596,439,365,19096,3393,88,92,10522,3213,4065,1603,1547,995,2518,1335
1600000US2537490,2537490,"Lynn city, Massachusetts",91035,36,48153,3867,10224,2125,413,441,6606,1797,28,47,19500,3840,6111,2952,315,239,5796,2954
1600000US2545000,2545000,"New Bedford city, Massachusetts",95180,25,70801,2882,9967,2179,326,316,1019,842,0,204,9282,2059,3785,995,2162,765,1623,649
1600000US2545560,2545560,"Newton city, Massachusetts",85946,26,70538,2775,3123,1487,68,89,10422,2494,0,204,478,479,1317,521,174,197,1143,500
1600000US2555745,2555745,"Quincy city, Massachusetts",92914,30,64364,3971,4979,2556,233,307,19882,3565,0,204,1444,1243,2012,1030,898,793,1114,666
1600000US2562535,2562535,"Somerville city, Massachusetts",76529,39,55947,4098,6915,2761,19,34,8433,2395,0,204,4079,2561,1136,624,42,72,1094,615
1600000US2567000,2567000,"Springfield city, Massachusetts",153157,27,84313,4863,32118,3071,1010,958,2911,1342,9,19,28362,4353,4434,1797,1836,1095,2598,1498
1600000US2582000,2582000,"Worcester city, Massachusetts",181641,42,131184,4262,21096,2485,856,667,13985,2604,106,174,8242,2907,6172,1943,1168,624,5004,1867
1600000US2603000,2603000,"Ann Arbor city, Michigan",114932,35,85867,2096,6937,1721,267,197,17287,1639,0,167,855,503,3719,1030,167,240,3552,998
1600000US2621000,2621000,"Dearborn city, Michigan",97131,33,88285,2058,2454,1374,232,192,1758,778,0,167,986,535,3416,1699,258,201,3158,1702
1600000US2622000,2622000,"Detroit city, Michigan",706640,49,86625,5747,578298,5961,1790,724,7914,2045,76,122,16849,3125,15088,3300,2260,1090,12828,2826
1600000US2627440,2627440,"Farmington Hills city, Michigan",80255,30,54245,3548,13413,3273,135,173,9319,2387,0,167,256,216,2887,1253,333,408,2554,1257
1600000US2629000,2629000,"Flint city, Michigan",101568,44,40445,3209,56018,3122,1071,723,683,676,28,45,432,278,2891,1008,58,75,2833,996
1600000US2634000,2634000,"Grand Rapids city, Michigan",189813,31,130404,3850,41971,3343,640,391,2974,1268,0,167,4299,1396,9525,2177,1408,756,8117,2164
1600000US2642160,2642160,"Kalamazoo city, Michigan",74743,25,50409,2319,17424,2050,142,146,2042,838,114,137,1484,822,3128,1219,536,350,2592,1052
1600000US2646000,2646000,"Lansing city, Michigan",114738,1293,70396,3743,24246,2626,593,377,6954,2215,0,167,4239,1418,8310,1639,1005,812,7305,1583
1600000US2649000,2649000,"Livonia city, Michigan",95947,27,87381,1937,3633,1423,362,209,2840,981,65,71,221,263,1445,808,237,264,1208,734
1600000US2669035,2669035,"Rochester Hills city, Michigan",71457,31,57461,2422,3745,1563,326,394,7467,1763,0,167,78,128,2380,1447,142,191,2238,1460
1600000US2674900,2674900,"Southfield city, Michigan",72201,25,16038,2225,50837,2493,171,165,1059,771,0,167,422,658,3674,1699,259,430,3415,1660
1600000US2676460,2676460,"Sterling Heights city, Michigan",129884,29,108542,3729,8280,2711,231,218,9736,2024,0,167,203,253,2892,1376,52,86,2840,1393
1600000US2680700,2680700,"Troy city, Michigan",81507,37,58361,2973,3919,1724,25,58,16160,2224,0,167,287,369,2755,935,226,217,2529,952
1600000US2684000,2684000,"Warren city, Michigan",134250,37,108845,3569,13888,2548,1184,706,7175,2209,57,96,9,20,3092,1276,384,387,2708,1180
1600000US2686000,2686000,"Westland city, Michigan",83235,31,57350,3628,19011,3754,439,301,3751,1894,0,167,251,364,2433,1052,235,298,2198,1015
1600000US2688940,2688940,"Wyoming city, Michigan",72839,32,61726,3557,3518,1442,132,218,1279,818,0,167,4611,2778,1573,1485,784,1246,789,565
1600000US2706616,2706616,"Bloomington city, Minnesota",84060,29,67757,3009,6465,1995,883,670,4761,2011,0,143,2684,2049,1510,674,56,94,1454,659
1600000US2707966,2707966,"Brooklyn Park city, Minnesota",76830,85,41328,4419,19165,3650,121,220,11190,3518,0,143,1203,1025,3823,2160,152,251,3671,2149
1600000US2717000,2717000,"Duluth city, Minnesota",86284,29,79069,1106,1845,734,1439,426,1427,524,47,86,108,95,2349,788,86,108,2263,756
1600000US2743000,2743000,"Minneapolis city, Minnesota",387736,72,260411,5861,72030,4674,6954,1775,20282,3514,120,144,12044,2587,15895,2345,1940,881,13955,2197
1600000US2751730,2751730,"Plymouth city, Minnesota",71561,26,59600,2966,2199,876,560,587,5797,1908,0,143,338,393,3067,1946,167,273,2900,1934
1600000US2754880,2754880,"Rochester city, Minnesota",107887,28,89429,761,7173,670,379,396,7390,1042,0,143,642,455,2874,1200,296,287,2578,1187
1600000US2756896,2756896,"St. Cloud city, Minnesota",68066,2894,56031,2506,6323,2285,209,224,2566,768,0,143,753,641,2184,1248,0,143,2184,1248
1600000US2758000,2758000,"St. Paul city, Minnesota",288437,50,177353,4428,42836,3517,2991,1554,42046,3511,138,176,10255,2580,12818,2572,776,559,12042,2556
1600000US2836000,2836000,"Jackson city, Mississippi",175607,339,33314,2757,139293,2807,0,206,398,229,0,206,1136,1008,1466,965,25,39,1441,966
1600000US2915670,2915670,"Columbia city, Missouri",110432,31,85828,1960,12706,1755,289,253,6011,734,17,28,1772,1288,3809,1225,181,203,3628,1184
1600000US2935000,2935000,"Independence city, Missouri",117210,38,97658,3401,9144,2676,217,297,1328,659,397,659,4706,2367,3760,1373,892,587,2868,1173
1600000US2938000,2938000,"Kansas City city, Missouri",463156,219,278420,5702,129146,4729,1976,682,13430,1649,811,553,21189,3280,18184,3907,3097,1287,15087,3731
1600000US2941348,2941348,"Lee's Summit city, Missouri",91352,654,72687,3910,11761,3442,64,118,998,562,0,184,1914,1689,3928,1928,173,206,3755,1922
1600000US2964082,2964082,"St. Charles city, Missouri",66600,30,59630,2634,2882,1333,266,237,1240,944,0,184,1470,1912,1112,633,42,67,1070,658
1600000US2964550,2964550,"St. Joseph city, Missouri",77095,1797,66880,1857,4462,1309,264,287,501,324,248,346,1987,1084,2753,1361,318,319,2435,1312
1600000US2965000,2965000,"St. Louis city, Missouri",318069,*****,144377,1317,152646,1712,481,321,7381,1098,329,436,1977,1118,10878,2368,1289,1028,9589,2167
1600000US2970000,2970000,"Springfield city, Missouri",160662,28,144519,2209,6158,1344,408,346,2363,951,571,580,1264,1209,5379,1382,171,241,5208,1419
1600000US3006550,3006550,"Billings city, Montana",105623,48,94843,2103,273,246,4606,1665,494,456,511,816,2385,1214,2511,1012,25,44,2486,1016
1600000US3050200,3050200,"Missoula city, Montana",67297,41,62006,952,502,433,2669,972,484,455,36,70,171,205,1429,646,0,165,1429,646
1600000US3128000,3128000,"Lincoln city, Nebraska",262350,37,230615,1761,10066,1621,2044,623,10799,1154,0,155,1554,1118,7272,1629,448,342,6824,1592
1600000US3137000,3137000,"Omaha city, Nebraska",415076,52,311639,4186,52035,3004,3072,932,11065,1403,234,208,23177,3479,13854,2548,3111,1597,10743,2398
1600000US3223770,3223770,"Enterprise CDP, Nevada",120194,15335,73906,13112,14569,6828,1310,1178,22893,6886,167,264,2101,1685,5248,2461,890,1302,4358,1968
1600000US3231900,3231900,"Henderson city, Nevada",260072,37,200761,8685,21424,7276,900,570,21678,5894,2428,1567,5007,2197,7874,2344,483,475,7391,2293
1600000US3240000,3240000,"Las Vegas city, Nevada",589340,94,393218,13962,68577,7260,5044,1815,39130,5841,4588,2804,50629,7368,28154,5244,4201,1935,23953,4627
1600000US3251800,3251800,"North Las Vegas city, Nevada",219017,36,122532,10110,38496,5814,345,322,7759,2781,2547,1546,35372,8114,11966,3162,987,1081,10979,2947
1600000US3254600,3254600,"Paradise CDP, Nevada",216387,11774,155864,10282,16070,3969,1487,714,21482,5000,542,467,7672,2827,13270,3620,1312,729,11958,3544
1600000US3260600,3260600,"Reno city, Nevada",227509,39,171546,6945,7905,1665,2055,638,13114,2692,1828,986,23554,6299,7507,2219,2640,1505,4867,1719
1600000US3268400,3268400,"Sparks city, Nevada",91202,34,68663,5526,2138,1272,1876,1069,5401,2233,708,830,8632,4663,3784,2278,412,367,3372,2217
1600000US3268585,3268585,"Spring Valley CDP, Nevada",191336,17066,124842,15427,16892,4141,732,510,31343,6764,1416,1903,8237,5062,7874,2417,359,311,7515,2419
1600000US3271400,3271400,"Sunrise Manor CDP, Nevada",181940,11009,107767,10009,21225,4486,1493,769,10148,3597,216,276,34285,6325,6806,2469,864,580,5942,2379
1600000US3345140,3345140,"Manchester city, New Hampshire",109835,27,95486,2914,4969,1629,307,329,3752,1527,27,47,2915,1869,2379,804,121,146,2258,804
1600000US3350260,3350260,"Nashua city, New Hampshire",86702,26,73355,2551,2383,1259,49,85,5563,1644,0,184,2090,1579,3262,1290,372,281,2890,1183
1600000US3410000,3410000,"Camden city, New Jersey",77277,42,12427,2736,34172,2998,124,176,1251,883,47,82,25126,3383,4130,1796,1937,972,2193,1450
1600000US3413690,3413690,"Clifton city, New Jersey",84262,36,61141,3366,4729,2051,300,437,7460,2202,242,406,8006,2896,2384,1110,1476,957,908,590
1600000US3419390,3419390,"East Orange city, New Jersey",64363,20,2945,1354,58046,1845,0,198,673,690,0,198,1391,835,1308,561,271,283,1037,462
1600000US3421000,3421000,"Elizabeth city, New Jersey",125662,31,52603,4370,25087,3837,134,133,3197,1680,610,994,41747,5139,2284,1195,816,637,1468,991
1600000US3436000,3436000,"Jersey City city, New Jersey",250317,43,86009,4917,62893,4293,1233,628,62771,3104,51,87,30664,5066,6696,1960,1320,861,5376,1744
1600000US3451000,3451000,"Newark city, New Jersey",277545,33,77546,6742,142195,5376,792,549,4318,1440,108,185,40621,5035,11965,3007,2918,1452,9047,2708
1600000US3456550,3456550,"Passaic city, New Jersey",69906,51,28302,4502,5700,1958,787,1041,2922,1783,0,198,30736,4669,1459,1227,184,184,1275,1215
1600000US3457000,3457000,"Paterson city, New Jersey",146426,33,74676,4791,45883,3128,451,418,5192,1993,83,137,4308,1356,15833,4247,2588,1315,13245,4159
1600000US3473110,3473110,"Toms River CDP, New Jersey",89032,876,81047,1725,1107,600,159,206,4440,1494,0,198,911,789,1368,779,0,198,1368,779
1600000US3474000,3474000,"Trenton city, New Jersey",84912,46,22752,3604,45552,3143,137,163,369,479,0,198,14300,3579,1802,754,857,557,945,512
1600000US3474630,3474630,"Union City city, New Jersey",67176,43,48195,4637,1414,622,120,154,1190,810,0,198,15399,4472,858,466,666,409,192,200
1600000US3502000,3502000,"Albuquerque city, New Mexico",552801,42,380518,9240,18881,2196,25328,3098,11796,1752,558,518,93587,8997,22133,3978,5107,1689,17026,3843
1600000US3539380,3539380,"Las Cruces city, New Mexico",99661,32,89495,2140,2812,674,1021,616,1584,720,3,6,3929,1497,817,495,287,189,530,469
1600000US3563460,3563460,"Rio Rancho city, New Mexico",89214,83,72163,3412,5913,3149,1040,816,1693,487,0,198,5002,1760,3403,1277,933,498,2470,1217
1600000US3570500,3570500,"Santa Fe city, New Mexico",68634,40,57874,2244,770,272,1021,590,1990,296,0,198,4698,2002,2281,854,638,353,1643,751
1600000US3601000,3601000,"Albany city, New York",97664,27,54083,2798,31363,2292,352,288,5853,1638,0,192,1729,921,4284,1472,923,570,3361,1394
1600000US3611000,3611000,"Buffalo city, New York",261004,77,131274,4404,96909,4143,1317,537,8238,1970,62,69,11360,2665,11844,2564,2944,1428,8900,2332
1600000US3615000,3615000,"Cheektowaga CDP, New York",76902,1653,66346,3041,7650,2611,380,344,1293,628,0,192,138,136,1095,810,86,121,1009,801
1600000US3649121,3649121,"Mount Vernon city, New York",67789,37,14954,2640,41254,3267,154,146,1431,1275,0,192,6579,2634,3417,1499,961,736,2456,1321
1600000US3650617,3650617,"New Rochelle city, New York",77591,60,51557,3035,14446,2897,140,165,3265,1173,0,192,4299,2034,3884,2229,837,819,3047,2389
1600000US3651000,3651000,"New York city, New York",8244910,*****,3618421,21261,2054101,14052,27390,2918,1051946,8368,4321,2491,1236450,26426,252281,12339,96796,8038,155485,10379
1600000US3663000,3663000,"Rochester city, New York",210850,41,94135,4979,84858,4181,1169,839,6412,1716,61,99,14144,3241,10071,2350,2434,1217,7637,2048
1600000US3665508,3665508,"Schenectady city, New York",66276,24,42510,1832,13822,2520,64,126,3226,857,0,192,3657,2431,2997,1255,101,152,2896,1254
1600000US3673000,3673000,"Syracuse city, New York",145150,25,82693,2779,41500,2545,1773,732,8772,1372,33,59,2760,1214,7619,1570,773,353,6846,1506
1600000US3684000,3684000,"Yonkers city, New York",197397,46,108837,6115,36630,3816,415,315,13340,2583,0,192,31044,4994,7131,2534,2990,1238,4141,1984
1600000US3702140,3702140,"Asheville city, North Carolina",84458,23,68767,2615,10998,2094,631,407,1576,985,66,118,229,346,2191,1456,1458,1254,733,620
1600000US3710740,3710740,"Cary town, North Carolina",138926,473,98871,7302,10413,3354,943,1341,20246,4302,0,220,7167,4473,1286,943,299,262,987,888
1600000US3712000,3712000,"Charlotte city, North Carolina",751074,57,405266,9744,256410,6460,2238,1237,37653,2819,349,382,28504,5763,20654,5232,1967,1090,18687,5200
1600000US3714100,3714100,"Concord city, North Carolina",80604,33,58697,4196,15488,3160,473,528,2597,1702,0,220,1923,1521,1426,1055,839,991,587,577
1600000US3719000,3719000,"Durham city, North Carolina",233210,47,113206,3911,94775,2907,1292,483,10877,1052,0,220,6891,2783,6169,2494,971,1019,5198,2174
1600000US3722920,3722920,"Fayetteville city, North Carolina",203922,76,98577,4388,83083,4482,1731,914,6923,1082,1171,559,4643,1462,7794,2077,762,493,7032,1994
1600000US3725580,3725580,"Gastonia city, North Carolina",72061,37,42042,3475,19445,2824,512,559,615,572,0,220,7918,1598,1529,772,396,451,1133,608
1600000US3728000,3728000,"Greensboro city, North Carolina",273419,42,136542,4965,112753,5472,1468,548,9596,2256,306,479,6195,3021,6559,2932,366,425,6193,2853
1600000US3728080,3728080,"Greenville city, North Carolina",86024,31,48771,3108,30733,3386,621,358,2822,705,0,220,1160,918,1917,1204,0,220,1917,1204
1600000US3731400,3731400,"High Point city, North Carolina",107089,2182,62496,5296,31501,4443,286,213,8466,2173,0,220,2477,1486,1863,877,142,178,1721,847
1600000US3734200,3734200,"Jacksonville city, North Carolina",70797,28,47184,2798,17677,2326,503,386,949,491,396,315,2176,882,1912,935,341,336,1571,856
1600000US3755000,3755000,"Raleigh city, North Carolina",416126,335,253036,10452,129952,8127,425,374,13883,3577,0,220,11385,5160,7445,2047,1230,850,6215,1969
1600000US3774440,3774440,"Wilmington city, North Carolina",108305,39,77803,2126,26378,1839,476,431,1042,848,77,127,1583,1108,946,636,25,39,921,631
1600000US3775000,3775000,"Winston-Salem city, North Carolina",232397,53,140383,3995,80196,3471,544,429,4372,1157,0,220,4259,1889,2643,942,195,246,2448,924
1600000US3825700,3825700,"Fargo city, North Dakota",107325,2252,96519,2718,2651,1102,2112,744,3056,462,0,143,688,857,2299,875,52,83,2247,876
1600000US3901000,3901000,"Akron city, Ohio",198415,48,121675,3422,62416,3288,1001,364,4735,1790,0,187,1348,1107,7240,1921,368,333,6872,1893
1600000US3915000,3915000,"Cincinnati city, Ohio",296236,60,147940,4976,131806,5654,465,340,6440,1208,0,187,2404,1440,7181,2506,471,386,6710,2549
1600000US3916000,3916000,"Cleveland city, Ohio",393804,37,162831,5728,203289,5581,1130,475,5805,1336,256,256,8948,2402,11545,2660,1147,567,10398,2572
1600000US3918000,3918000,"Columbus city, Ohio",796014,3069,495089,7004,220045,6717,1885,688,31297,3300,73,122,20047,4717,27578,5053,1403,808,26175,5017
1600000US3921000,3921000,"Dayton city, Ohio",142154,36,77090,4002,57300,4229,684,435,1711,848,0,187,2158,1160,3211,1567,98,110,3113,1557
1600000US3944856,3944856,"Lorain city, Ohio",64155,32,45379,2747,9019,2056,174,164,525,522,105,181,4849,1616,4104,1256,312,308,3792,1281
1600000US3961000,3961000,"Parma city, Ohio",80980,51,74937,1951,1198,541,28,50,1585,1177,0,187,647,429,2585,1506,266,255,2319,1399
1600000US3977000,3977000,"Toledo city, Ohio",286033,39,184418,3428,75953,3028,783,225,3148,1368,79,130,6947,2080,14705,3185,1599,874,13106,3003
1600000US3988000,3988000,"Youngstown city, Ohio",66545,52,32491,1930,30024,1886,265,219,499,333,0,187,1248,574,2018,726,307,321,1711,652
1600000US4009050,4009050,"Broken Arrow city, Oklahoma",103118,2424,79269,3203,6376,2100,4504,1334,3342,1310,170,185,1397,916,8060,1890,157,160,7903,1870
1600000US4023200,4023200,"Edmond city, Oklahoma",82961,29,68414,3321,5453,1913,1649,711,2436,1188,0,163,2400,2515,2609,1179,0,163,2609,1179
1600000US4041850,4041850,"Lawton city, Oklahoma",98180,23,59233,2075,20479,1438,3526,888,2854,549,87,163,2521,1074,9480,2125,1368,1018,8112,1903
1600000US4052500,4052500,"Norman city, Oklahoma",113274,25,90063,2942,5757,1565,5085,1844,3492,1178,35,60,1801,1001,7041,1801,489,411,6552,1729
1600000US4055000,4055000,"Oklahoma City city, Oklahoma",591912,70,399643,7523,86804,4625,20532,3329,24302,2826,752,283,22779,4285,37100,4764,3031,1339,34069,4422
1600000US4075000,4075000,"Tulsa city, Oklahoma",396039,1255,267336,4391,59529,3208,17605,2251,9186,1715,369,203,17064,3101,24950,3434,1937,998,23013,3346
1600000US4105350,4105350,"Beaverton city, Oregon",91641,60,63993,4756,3646,2245,299,287,11412,2809,553,877,9876,3778,1862,804,216,285,1646,751
1600000US4105800,4105800,"Bend city, Oregon",77907,22,68659,2445,383,273,183,303,1728,646,532,804,3874,2405,2548,1653,357,496,2191,1570
1600000US4123850,4123850,"Eugene city, Oregon",156921,43,137625,2432,1237,635,2715,1222,6009,1746,213,315,1309,762,7813,2666,155,161,7658,2674
1600000US4131250,4131250,"Gresham city, Oregon",107439,32,86825,3767,2828,1468,691,584,4017,1372,3429,1136,5868,2963,3781,1484,276,275,3505,1432
1600000US4134100,4134100,"Hillsboro city, Oregon",93452,33,65815,5430,1166,704,2713,2972,6949,2152,1929,1066,12394,5084,2486,1024,107,115,2379,1016
1600000US4147000,4147000,"Medford city, Oregon",75509,41,69193,1248,693,501,586,374,1127,500,567,352,722,630,2621,774,354,317,2267,731
1600000US4159000,4159000,"Portland city, Oregon",595325,1605,459255,6010,38559,2150,5184,1388,45977,2475,1254,1102,22027,5158,23069,3035,2853,2039,20216,2252
1600000US4164900,4164900,"Salem city, Oregon",156265,82,121717,4360,2724,1535,1662,728,4728,1347,1224,843,19104,4305,5106,1321,884,561,4222,1211
1600000US4202000,4202000,"Allentown city, Pennsylvania",119142,29,81372,4607,15492,2752,0,168,2653,1094,0,168,12743,4130,6882,2406,668,479,6214,2271
1600000US4206088,4206088,"Bethlehem city, Pennsylvania",76124,2385,60609,3520,4533,1749,159,173,1636,757,0,168,5278,1875,3909,1925,340,305,3569,1903
1600000US4224000,4224000,"Erie city, Pennsylvania",101791,59,77860,2082,15831,1705,489,532,2058,592,0,168,2126,1042,3427,985,463,365,2964,960
1600000US4260000,4260000,"Philadelphia city, Pennsylvania",1536471,*****,643228,6743,651692,7533,2814,1022,99154,1732,478,483,101370,8887,37735,4909,7799,2164,29936,4758
1600000US4261000,4261000,"Pittsburgh city, Pennsylvania",307498,51,201448,4721,81062,4580,581,250,14404,1789,136,130,2228,873,7639,1436,280,284,7359,1444
1600000US4263624,4263624,"Reading city, Pennsylvania",88422,33,46171,3806,11874,2589,197,175,479,298,29,52,25011,3656,4661,1474,1478,968,3183,1101
1600000US4269000,4269000,"Scranton city, Pennsylvania",75995,20,65497,1771,5076,1625,22,51,2254,674,0,168,1559,811,1587,617,411,339,1176,543
1600000US4419180,4419180,"Cranston city, Rhode Island",80401,35,64272,3334,5061,1985,1262,1092,3203,1477,0,207,4891,2204,1712,719,542,403,1170,560
1600000US4454640,4454640,"Pawtucket city, Rhode Island",71151,27,47539,3387,10025,2351,162,178,1814,1004,0,207,7764,2621,3847,1249,1159,769,2688,1044
1600000US4459000,4459000,"Providence city, Rhode Island",178059,42,91939,5734,27329,3310,1889,1116,10760,2121,172,211,39266,6180,6704,1748,1703,848,5001,1610
1600000US4474300,4474300,"Warwick city, Rhode Island",82354,32,75661,1658,1386,737,57,105,2221,1082,0,207,1044,777,1985,1193,904,787,1081,852
1600000US4513330,4513330,"Charleston city, South Carolina",123240,2649,81797,4927,36299,4247,236,263,2120,919,404,615,858,679,1526,1174,126,224,1400,1064
1600000US4516000,4516000,"Columbia city, South Carolina",130092,131,65883,4146,54037,4254,214,233,2590,1028,7,14,4110,2447,3251,1269,96,82,3155,1266
1600000US4550875,4550875,"North Charleston city, South Carolina",101478,4379,49088,5091,45617,5182,678,637,2528,1567,0,217,1460,1231,2107,1169,233,282,1874,1100
1600000US4561405,4561405,"Rock Hill city, South Carolina",67411,67,38858,3436,24389,2687,200,350,775,989,0,217,1067,577,2122,1462,679,1092,1443,836
1600000US4652980,4652980,"Rapid City city, South Dakota",69202,21,55216,1469,505,488,8124,1230,291,242,46,69,271,232,4749,1677,357,437,4392,1599
1600000US4659020,4659020,"Sioux Falls city, South Dakota",156284,3073,136091,3058,6810,634,3689,1271,2869,351,0,155,3891,1604,2934,1410,58,129,2876,1393
1600000US4714000,4714000,"Chattanooga city, Tennessee",170136,31,97766,3396,59884,2914,809,964,3862,1033,86,143,3849,1597,3880,1637,925,1052,2955,1290
1600000US4715160,4715160,"Clarksville city, Tennessee",136237,30,90295,2202,31571,2170,2000,1650,3049,906,667,103,1989,1394,6666,2377,205,333,6461,2362
1600000US4737640,4737640,"Jackson city, Tennessee",65189,23,31533,1842,30563,1833,36,66,1135,129,76,131,72,135,1774,1050,321,297,1453,998
1600000US4740000,4740000,"Knoxville city, Tennessee",180753,46,140807,4183,30213,3245,331,437,2742,1068,41,73,4041,2379,2578,909,426,261,2152,852
1600000US4748000,4748000,"Memphis city, Tennessee",652078,97,193044,8120,406606,7613,1180,833,13323,2078,0,208,26213,4095,11712,3063,2302,1503,9410,2630
1600000US4751560,4751560,"Murfreesboro city, Tennessee",111337,45,87924,3798,17082,3573,95,151,2209,971,0,208,666,643,3361,1381,322,401,3039,1341
1600000US4752006,4752006,"Nashville-Davidson metropolitan government (balance), Tennessee",609637,33,367204,5145,173224,2047,1922,812,18054,1907,310,338,35210,4951,13713,2773,1415,865,12298,2750
1600000US4801000,4801000,"Abilene city, Texas",123471,6939,100588,4880,13207,2652,425,204,2559,293,0,218,2914,966,3778,1423,1430,1046,2348,998
1600000US4801924,4801924,"Allen city, Texas",87476,30,63446,5245,5356,2126,377,470,11477,4280,81,138,2586,2555,4153,1910,0,218,4153,1910
1600000US4803000,4803000,"Amarillo city, Texas",194701,2659,160918,3423,12498,1331,1265,719,6114,725,286,204,5790,1910,7830,1748,1779,841,6051,1570
1600000US4804000,4804000,"Arlington city, Texas",373681,72,239090,10701,74329,8994,1874,934,32228,6002,285,320,18476,6785,7399,2044,2105,1053,5294,1738
1600000US4804462,4804462,"Atascocita CDP, Texas",72363,9490,45648,8171,19207,7034,0,218,2147,1240,0,218,4625,3148,736,397,0,218,736,397
1600000US4805000,4805000,"Austin city, Texas",820601,60,576084,13197,65132,6094,6387,2326,52658,3681,243,230,96760,11091,23337,3291,4906,1568,18431,3077
1600000US4806128,4806128,"Baytown city, Texas",71819,1038,45722,4497,15234,3750,358,440,931,711,128,229,8201,2569,1245,607,339,335,906,534
1600000US4807000,4807000,"Beaumont city, Texas",118532,64,47198,3533,57219,3263,120,143,4487,950,104,152,7833,2911,1571,846,501,569,1070,537
1600000US4810768,4810768,"Brownsville city, Texas",178448,68,159324,4154,218,289,470,312,1768,626,0,218,13988,4048,2680,1146,1756,927,924,594
1600000US4810912,4810912,"Bryan city, Texas",77315,30,51658,3668,14396,2365,158,192,1727,1146,0,218,7421,2495,1955,1095,277,346,1678,1037
1600000US4813024,4813024,"Carrollton city, Texas",122656,70,85458,5353,10901,3396,513,470,15774,3685,0,218,6134,3007,3876,1623,510,443,3366,1556
1600000US4815976,4815976,"College Station city, Texas",95147,27,74586,3339,5784,2043,0,218,9060,1092,0,218,3568,2611,2149,1098,857,691,1292,872
1600000US4817000,4817000,"Corpus Christi city, Texas",307954,21,265310,4360,13712,1640,1752,1167,5092,808,85,90,13034,3169,8969,2160,2731,1230,6238,1949
1600000US4819000,4819000,"Dallas city, Texas",1223378,320,693636,17153,288824,12017,3821,1597,31117,4247,213,286,182457,12364,23310,4065,5578,1932,17732,3499
1600000US4819972,4819972,"Denton city, Texas",117177,44,87272,4828,14125,3639,192,160,5324,1648,441,684,2461,2065,7362,3290,1714,1922,5648,2494
1600000US4822660,4822660,"Edinburg city, Texas",79156,36,71248,3138,1331,1102,0,218,1779,1382,0,218,3940,2480,858,678,804,673,54,81
1600000US4824000,4824000,"El Paso city, Texas",665577,45,543742,11540,20308,2671,2527,1045,8712,1109,1164,1243,74047,11674,15077,3664,7649,2337,7428,2753
1600000US4827000,4827000,"Fort Worth city, Texas",760758,4023,534458,13895,135076,9894,9808,7772,24996,4465,503,659,34842,6439,21075,5378,4383,1979,16692,4644
1600000US4827684,4827684,"Frisco city, Texas",121389,27,95602,6609,10540,4598,1058,966,8658,3719,0,218,2059,2365,3472,1746,571,470,2901,1675
1600000US4829000,4829000,"Garland city, Texas",231596,634,95290,7923,27537,4963,305,216,24679,5031,151,332,65583,9095,18051,4245,6098,2301,11953,3198
1600000US4830464,4830464,"Grand Prairie city, Texas",179067,59,113883,7486,36045,6857,1019,954,11316,4526,39,93,13831,4133,2934,1416,412,387,2522,1277
1600000US4832372,4832372,"Harlingen city, Texas",66124,28,61962,1017,1220,658,53,86,267,266,0,218,2010,767,612,400,260,214,352,315
1600000US4835000,4835000,"Houston city, Texas",2145933,2238,1241459,23527,494272,18250,7295,2638,120373,9343,1375,1193,241965,17354,39194,5998,11867,3020,27327,5151
1600000US4837000,4837000,"Irving city, Texas",220699,36,126072,8017,29382,5345,745,450,31677,4509,26,60,27029,5771,5768,2327,2013,1122,3755,2067
1600000US4839148,4839148,"Killeen city, Texas",130005,50,68116,4930,38941,5232,1692,547,5323,2171,248,348,4552,2231,11133,3358,111,142,11022,3380
1600000US4841464,4841464,"Laredo city, Texas",241350,4726,224378,5622,316,268,1541,1955,2344,106,0,218,11466,3733,1305,1181,1021,1106,284,225
1600000US4841980,4841980,"League City city, Texas",83999,684,68462,3425,8491,2927,0,218,4041,1919,0,218,1818,1093,1187,868,475,616,712,585
1600000US4842508,4842508,"Lewisville city, Texas",98489,613,78433,6701,4886,2080,0,218,6260,2415,0,218,5075,5871,3835,2000,479,526,3356,1924
1600000US4843888,4843888,"Longview city, Texas",82278,1393,59154,2748,19148,1966,237,371,1275,667,0,218,1449,878,1015,715,486,584,529,377
1600000US4845000,4845000,"Lubbock city, Texas",233735,31,181677,5143,18405,1856,1785,849,5800,774,293,341,17046,3905,8729,2512,4390,1819,4339,1671
1600000US4845384,4845384,"McAllen city, Texas",133756,54,119181,3655,1675,1406,489,470,3694,1507,0,218,6306,2620,2411,1193,804,528,1607,1107
1600000US4845744,4845744,"McKinney city, Texas",136073,39,105599,6464,15532,4427,795,771,9477,4480,0,218,2250,2470,2420,1454,329,377,2091,1394
1600000US4847892,4847892,"Mesquite city, Texas",142574,42,90732,6513,36468,6153,564,581,5695,2109,0,218,4388,1803,4727,2272,1589,1224,3138,1839
1600000US4848072,4848072,"Midland city, Texas",113928,20,93617,2724,9901,1149,302,305,2518,808,10,19,5651,2307,1929,788,604,487,1325,636
1600000US4848804,4848804,"Missouri City city, Texas",68776,2262,24108,5742,31108,5868,363,398,10623,3262,0,218,1770,1292,804,433,161,194,643,376
1600000US4852356,4852356,"North Richland Hills city, Texas",64786,31,59042,2627,2305,1570,210,231,1047,1061,0,218,682,609,1500,1135,371,407,1129,1059
1600000US4853388,4853388,"Odessa city, Texas",102841,1397,87648,2159,6140,527,403,235,526,642,48,81,4952,1505,3124,1192,453,284,2671,1191
1600000US4856000,4856000,"Pasadena city, Texas",152295,62,109354,6425,4541,2014,2790,1480,5381,2681,0,218,28223,6297,2006,1060,514,397,1492,946
1600000US4856348,4856348,"Pearland city, Texas",95644,2628,62633,4685,11041,3906,773,617,14500,3150,0,218,3668,2659,3029,2058,2008,2055,1021,897
1600000US4858016,4858016,"Plano city, Texas",271380,2569,187349,7401,19388,3942,851,573,51580,5911,209,337,2844,1462,9159,2485,1619,1024,7540,2196
1600000US4861796,4861796,"Richardson city, Texas",101731,55,66137,4236,4223,1609,208,303,16711,3394,974,667,10642,4146,2836,1009,121,150,2715,1005
1600000US4863500,4863500,"Round Rock city, Texas",106128,1926,84651,4627,10728,3798,1023,668,4885,2319,0,218,2319,1255,2522,1158,1214,959,1308,620
1600000US4864472,4864472,"San Angelo city, Texas",95818,2428,81477,3418,5130,1351,723,466,1089,662,0,218,5218,2005,2181,1145,721,558,1460,934
1600000US4865000,4865000,"San Antonio city, Texas",1359730,63,1028684,16944,92378,6269,8113,2932,26871,4140,1346,632,160910,13566,41428,5658,13478,3119,27950,5008
1600000US4870808,4870808,"Sugar Land city, Texas",81698,37,42429,4348,6321,2511,266,468,27807,4477,0,218,3016,2024,1859,1186,459,463,1400,1108
1600000US4872176,4872176,"Temple city, Texas",67183,31,54307,2544,7615,2063,13,29,2430,1454,24,44,1461,892,1333,826,384,359,949,781
1600000US4872656,4872656,"The Woodlands CDP, Texas",112858,9857,95073,9437,4458,1926,0,218,6363,2109,0,218,712,661,6252,2753,745,710,5507,2475
1600000US4874144,4874144,"Tyler city, Texas",98573,44,66316,3462,24630,2993,481,508,2368,691,76,133,3062,1602,1640,848,737,631,903,549
1600000US4876000,4876000,"Waco city, Texas",126691,34,90276,2837,28364,2300,129,146,2170,1146,57,107,3347,1313,2348,843,836,514,1512,665
1600000US4879000,4879000,"Wichita Falls city, Texas",103932,23,81816,1534,12722,1379,756,423,2696,692,70,110,1699,827,4173,1643,1048,933,3125,1355
1600000US4943660,4943660,"Layton city, Utah",68488,33,60339,2425,2442,1608,98,164,1129,868,359,412,2591,1968,1530,912,322,343,1208,847
1600000US4955980,4955980,"Ogden city, Utah",83950,24,62530,3207,1085,535,926,492,1303,796,202,198,15808,2973,2096,830,705,661,1391,692
1600000US4957300,4957300,"Orem city, Utah",90719,40,82141,2203,1536,1033,427,462,983,604,549,493,2198,1318,2885,1171,252,250,2633,1093
1600000US4962470,4962470,"Provo city, Utah",115324,34,101694,2740,1139,655,312,218,3634,1215,1452,1075,3240,1912,3853,1196,448,295,3405,1112
1600000US4965330,4965330,"St. George city, Utah",74776,30,68804,1333,236,292,1771,731,401,285,1054,633,745,676,1765,899,184,273,1581,818
1600000US4967000,4967000,"Salt Lake City city, Utah",189906,49,141084,6956,5382,1566,3097,1465,9255,1902,5363,2125,19334,5414,6391,2304,1477,932,4914,2148
1600000US4967440,4967440,"Sandy city, Utah",89191,43,80129,2289,419,511,228,255,2140,866,514,594,2694,1648,3067,1149,903,997,2164,909
1600000US4982950,4982950,"West Jordan city, Utah",105694,70,94180,2664,1084,615,1021,1033,2692,904,934,688,2981,1359,2802,1046,534,367,2268,1024
1600000US4983470,4983470,"West Valley City city, Utah",131928,62,101985,4958,4156,2510,913,804,8735,2063,3473,2195,8262,3352,4404,1767,284,277,4120,1817
1600000US5101000,5101000,"Alexandria city, Virginia",144301,*****,93723,2426,30380,1239,310,280,8547,1192,0,210,5304,2335,6037,1986,1125,1091,4912,1730
1600000US5103000,5103000,"Arlington CDP, Virginia",216004,*****,152764,3746,18017,1130,1443,1029,20711,1447,237,299,16422,3565,6410,1844,998,753,5412,1659
1600000US5114440,5114440,"Centreville CDP, Virginia",77602,9826,37842,4601,5249,2933,0,210,24122,6920,0,210,3507,2907,6882,4240,2070,2817,4812,3158
1600000US5116000,5116000,"Chesapeake city, Virginia",225050,*****,140666,1622,65759,1421,609,268,7439,831,391,528,3033,1364,7153,1675,708,627,6445,1593
1600000US5121088,5121088,"Dale City CDP, Virginia",65174,7038,27883,4276,22834,4757,0,210,5746,1764,0,210,3340,2136,5371,2518,234,286,5137,2505
1600000US5135000,5135000,"Hampton city, Virginia",136401,*****,59098,1639,68574,1463,560,425,3086,710,39,68,791,798,4253,1696,614,742,3639,1550
1600000US5147672,5147672,"Lynchburg city, Virginia",76503,*****,51780,1494,20921,1270,229,323,1930,653,0,210,215,240,1428,597,163,239,1265,524
1600000US5156000,5156000,"Newport News city, Virginia",179611,*****,91478,1821,72777,2358,581,464,5172,806,264,252,2343,1675,6996,2045,543,448,6453,1955
1600000US5157000,5157000,"Norfolk city, Virginia",242628,*****,115500,2034,102621,2530,917,584,8528,849,418,542,5153,1512,9491,1842,586,498,8905,1744
1600000US5164000,5164000,"Portsmouth city, Virginia",95684,*****,39758,854,50965,946,70,109,643,539,0,210,1225,855,3023,904,304,401,2719,888
1600000US5167000,5167000,"Richmond city, Virginia",205533,*****,89030,1997,101361,1781,286,259,4904,538,31,69,3053,1833,6868,2284,44,62,6824,2283
1600000US5168000,5168000,"Roanoke city, Virginia",96714,*****,62443,1363,24781,2333,188,244,1933,144,0,210,1912,1204,5457,2279,0,210,5457,2279
1600000US5176432,5176432,"Suffolk city, Virginia",84930,*****,44314,759,34648,1627,103,185,664,464,0,210,339,316,4862,1691,26,46,4836,1691
1600000US5182000,5182000,"Virginia Beach city, Virginia",442707,*****,302996,2552,86949,2612,1705,637,28736,1499,240,345,5507,2074,16574,2591,967,623,15607,2545
1600000US5303180,5303180,"Auburn city, Washington",70724,2034,50990,3622,2942,1686,1646,817,6112,2122,1167,903,3151,2379,4716,1965,767,662,3949,1890
1600000US5305210,5305210,"Bellevue city, Washington",124790,39,82043,4539,1926,933,372,292,30183,3965,584,552,4359,3442,5323,1690,977,943,4346,1413
1600000US5305280,5305280,"Bellingham city, Washington",81865,25,72310,3028,1040,1020,770,445,3889,1464,0,201,2116,2540,1740,847,95,135,1645,834
1600000US5322640,5322640,"Everett city, Washington",104304,42,79903,4015,3196,1227,1156,552,10554,2577,1170,1209,3188,1713,5137,1466,840,962,4297,1156
1600000US5323515,5323515,"Federal Way city, Washington",91079,37,60267,3983,8971,2629,1599,806,9125,2522,1848,1615,5374,2577,3895,1192,406,583,3489,1201
1600000US5335275,5335275,"Kennewick city, Washington",76219,29,56888,4075,2299,696,112,184,2046,972,0,201,11622,3880,3252,1730,1077,1298,2175,1190
1600000US5335415,5335415,"Kent city, Washington",120919,38,68629,6808,11054,2587,612,437,21345,4372,3477,2106,7005,3569,8797,3087,838,746,7959,2951
1600000US5357745,5357745,"Renton city, Washington",92827,52,52047,5746,10008,2761,660,518,19853,5905,287,357,3445,3512,6527,2432,1808,1780,4719,1787
1600000US5363000,5363000,"Seattle city, Washington",620778,43,433436,9559,45994,5928,4523,1344,95955,7130,1361,1020,8514,2335,30995,4407,2301,1487,28694,3994
1600000US5367000,5367000,"Spokane city, Washington",210107,36,183697,2928,5621,1695,3854,1364,5737,1128,536,766,3124,1503,7538,1624,103,127,7435,1614
1600000US5367167,5367167,"Spokane Valley city, Washington",90282,27,79424,2694,1331,931,2384,1126,903,594,490,719,450,325,5300,1875,278,240,5022,1882
1600000US5370000,5370000,"Tacoma city, Washington",200677,39,132653,5316,21038,3222,2370,753,20980,3618,964,750,6878,2395,15794,3024,989,658,14805,3103
1600000US5374060,5374060,"Vancouver city, Washington",164774,62,134114,2962,5290,1410,2038,697,9306,1771,1622,892,3416,1974,8988,2368,309,377,8679,2360
1600000US5380010,5380010,"Yakima city, Washington",92521,38,66893,5114,993,749,756,480,996,777,0,201,19426,5426,3457,1243,1073,760,2384,1010
1600000US5502375,5502375,"Appleton city, Wisconsin",72395,2450,64547,2709,579,403,499,643,4155,1120,30,59,495,548,2090,862,225,227,1865,819
1600000US5522300,5522300,"Eau Claire city, Wisconsin",65973,780,59925,935,171,193,322,229,3046,999,0,151,183,254,2326,719,0,151,2326,719
1600000US5531000,5531000,"Green Bay city, Wisconsin",105815,31,87221,2303,4422,1151,2652,988,4461,1412,25,45,2363,1284,4671,1405,718,495,3953,1282
1600000US5539225,5539225,"Kenosha city, Wisconsin",99743,29,84430,1825,10631,1214,588,532,1049,676,0,151,1363,826,1682,838,47,60,1635,831
1600000US5548000,5548000,"Madison city, Wisconsin",236889,60,190145,4358,15082,3204,1010,481,18927,2015,0,151,3693,1735,8032,2220,915,596,7117,2155
1600000US5553000,5553000,"Milwaukee city, Wisconsin",597884,62,284607,5563,233507,4116,3333,926,20552,2955,349,310,32479,4308,23057,3717,3846,1116,19211,3449
1600000US5560500,5560500,"Oshkosh city, Wisconsin",66339,27,60548,1052,2342,360,498,403,1668,807,0,151,166,177,1117,604,0,151,1117,604
1600000US5566000,5566000,"Racine city, Wisconsin",78847,29,53752,2734,17925,1855,92,108,1054,837,0,151,3894,2050,2130,840,608,408,1522,768
1600000US5584250,5584250,"Waukesha city, Wisconsin",70872,33,63198,2508,1239,1034,321,273,1843,820,0,151,2235,1748,2036,840,0,151,2036,840
