GEO.id,GEO.id2,GEO.display-label,HD01_VD01,HD02_VD01,HD01_VD02,HD02_VD02,HD01_VD03,HD02_VD03,HD01_VD04,HD02_VD04,HD01_VD05,HD02_VD05,HD01_VD06,HD02_VD06,HD01_VD07,HD02_VD07,HD01_VD08,HD02_VD08,HD01_VD09,HD02_VD09,HD01_VD10,HD02_VD10
Id,Id2,Geography,Estimate; Total:,Margin of Error; Total:,Estimate; Total: - White alone,Margin of Error; Total: - White alone,Estimate; Total: - Black or African American alone,Margin of Error; Total: - Black or African American alone,Estimate; Total: - American Indian and Alaska Native alone,Margin of Error; Total: - American Indian and Alaska Native alone,Estimate; Total: - Asian alone,Margin of Error; Total: - Asian alone,Estimate; Total: - Native Hawaiian and Other Pacific Islander alone,Margin of Error; Total: - Native Hawaiian and Other Pacific Islander alone,Estimate; Total: - Some other race alone,Margin of Error; Total: - Some other race alone,Estimate; Total: - Two or more races:,Margin of Error; Total: - Two or more races:,Estimate; Total: - Two or more races: - Two races including Some other race,Margin of Error; Total: - Two or more races: - Two races including Some other race,"Estimate; Total: - Two or more races: - Two races excluding Some other race, and three or more races","Margin of Error; Total: - Two or more races: - Two races excluding Some other race, and three or more races"
1600000US0107000,0107000,"Birmingham city, Alabama",212835,1168,47736,3432,156390,3391,117,156,2715,1198,132,175,2948,1770,2797,1060,202,184,2595,1038
1600000US0121184,0121184,"Dothan city, Alabama",68104,974,42431,1451,23371,997,50,53,712,236,0,184,375,314,1165,385,150,151,1015,373
1600000US0135896,0135896,"Hoover city, Alabama",81627,2503,60744,4267,12290,3281,0,184,4563,1226,74,133,2846,2176,1110,661,38,61,1072,656
1600000US0137000,0137000,"Huntsville city, Alabama",183076,681,113590,3902,58439,3606,527,335,3884,1298,253,234,1556,995,4827,1245,0,184,4827,1245
1600000US0150000,0150000,"Mobile city, Alabama",194823,35,85239,3866,103503,4308,1004,665,2417,1277,44,87,540,407,2076,1159,227,176,1849,1163
1600000US0151000,0151000,"Montgomery city, Alabama",205285,36,78369,2488,115936,2263,77,113,4977,811,96,158,3182,1383,2648,1047,712,777,1936,813
1600000US0177256,0177256,"Tuscaloosa city, Alabama",93351,33,52784,3100,37621,2977,286,295,1892,796,52,88,171,332,545,454,45,77,500,448
1600000US0203000,0203000,"Anchorage municipality, Alaska",298610,*****,196090,2016,18866,1412,19165,2368,27691,1936,5977,658,4087,1402,26734,3157,1324,818,25410,3120
1600000US0404720,0404720,"Avondale city, Arizona",78274,69,57783,4003,9485,3107,1283,795,2723,1709,218,351,4743,1722,2039,934,498,315,1541,807
1600000US0410670,0410670,"Casas Adobes CDP, Arizona",71976,5133,61753,4873,1387,1019,1161,1018,2591,1213,0,198,2902,1346,2182,1042,302,290,1880,997
1600000US0412000,0412000,"Chandler city, Arizona",245642,62,190170,5793,12157,3141,4051,1893,20086,4006,592,665,7282,2153,11304,2867,1555,811,9749,2799
1600000US0423620,0423620,"Flagstaff city, Arizona",67472,26,50596,3378,1906,796,7870,2807,1348,702,82,140,2202,1182,3468,1882,1612,1934,1856,691
1600000US0427400,0427400,"Gilbert town, Arizona",221136,55,187591,5516,5792,2441,1646,993,12334,3222,560,550,4775,2376,8438,1919,1471,795,6967,1718
1600000US0427820,0427820,"Glendale city, Arizona",232118,101,181779,4865,15421,3395,3620,1924,7510,2245,258,307,18108,4723,5422,1541,954,571,4468,1408
1600000US0428380,0428380,"Goodyear city, Arizona",69631,59,58187,3420,4955,2565,734,647,1623,822,0,198,2276,1498,1856,1042,353,425,1503,944
1600000US0446000,0446000,"Mesa city, Arizona",452068,71,375765,6329,14982,3293,9780,2907,8021,2252,1138,827,29623,5532,12759,2596,2348,1138,10411,2358
1600000US0454050,0454050,"Peoria city, Arizona",159761,90,135820,4190,6417,2145,616,493,7662,2547,459,593,3368,1456,5419,1791,678,486,4741,1807
1600000US0455000,0455000,"Phoenix city, Arizona",1488759,90,1141686,13593,105152,7479,29472,4368,51432,5432,2772,1284,117054,9896,41191,4708,9213,2576,31978,4329
1600000US0464210,0464210,"San Tan Valley CDP, Arizona",82760,7537,68821,7604,2604,1329,1941,1742,2301,1305,302,507,4718,2742,2073,1267,868,698,1205,852
1600000US0465000,0465000,"Scottsdale city, Arizona",223517,41,201917,4651,5342,2171,1320,960,9901,2673,399,448,2826,1758,1812,709,214,220,1598,662
1600000US0471510,0471510,"Surprise city, Arizona",121276,52,100905,5379,10938,4939,1021,933,2554,1360,322,329,2778,1431,2758,1279,536,409,2222,1190
1600000US0473000,0473000,"Tempe city, Arizona",166862,77,120196,5059,6835,2229,4372,1881,12331,2562,532,483,16287,5403,6309,1535,1079,780,5230,1369
1600000US0477000,0477000,"Tucson city, Arizona",524278,79,384306,6523,27562,2855,11165,2204,13327,2087,755,394,64664,6918,22499,3701,5692,1938,16807,2919
1600000US0485540,0485540,"Yuma city, Arizona",95424,40,66806,3814,3295,1197,885,399,2121,483,656,746,18851,3848,2810,955,1213,721,1597,662
1600000US0523290,0523290,"Fayetteville city, Arkansas",76892,35,63768,2460,4702,1089,930,449,1948,791,213,308,3340,1862,1991,906,305,487,1686,780
1600000US0524550,0524550,"Fort Smith city, Arkansas",87437,29,67162,1215,7562,1181,1910,606,5251,567,209,321,1197,943,4146,1154,318,389,3828,1171
1600000US0535710,0535710,"Jonesboro city, Arkansas",70183,23,54205,836,13398,514,144,165,804,448,0,184,826,673,806,368,0,184,806,368
1600000US0541000,0541000,"Little Rock city, Arkansas",196530,40,103201,4189,82170,4305,1036,646,7063,1335,0,184,863,623,2197,884,27,50,2170,879
1600000US0566080,0566080,"Springdale city, Arkansas",76480,3140,48349,4717,2168,1115,326,281,2141,1033,4425,301,16831,4013,2240,1067,80,131,2160,1055
1600000US0600562,0600562,"Alameda city, California",75632,43,37726,3065,5179,1721,521,403,23429,2544,704,603,2841,1656,5232,1784,582,647,4650,1627
1600000US0600884,0600884,"Alhambra city, California",84322,39,22519,3358,1465,1183,153,198,40841,4032,141,174,15856,4349,3347,1506,2098,1334,1249,776
1600000US0602000,0602000,"Anaheim city, California",343241,58,233546,9955,7450,2164,1057,604,52130,6033,2313,1570,37487,6942,9258,1949,2302,842,6956,1728
1600000US0602252,0602252,"Antioch city, California",105495,58,50421,5052,16971,3660,2098,981,11378,3139,493,702,13970,3401,10164,2995,1210,808,8954,2949
1600000US0602364,0602364,"Apple Valley town, California",70682,65,55944,4037,6872,2654,2034,1850,789,527,0,197,2062,1048,2981,1425,1032,1131,1949,859
1600000US0602553,0602553,"Arden-Arcade CDP, California",88995,6952,62130,5020,7418,2622,1329,1614,5066,1676,185,289,6314,2320,6553,1828,1063,618,5490,1727
1600000US0603526,0603526,"Bakersfield city, California",358600,52,227512,8826,32587,3347,5545,2566,25949,2844,334,289,51169,8212,15504,4390,2927,1145,12577,4452
1600000US0603666,0603666,"Baldwin Park city, California",76437,56,24435,3918,1643,1139,335,408,11530,2350,352,504,36887,4386,1255,651,851,583,404,322
1600000US0604982,0604982,"Bellflower city, California",77334,77,39859,4335,11293,2910,201,209,10262,2609,0,197,13135,3598,2584,758,901,457,1683,702
1600000US0606000,0606000,"Berkeley city, California",115417,61,72460,3387,8986,2182,741,465,20924,3246,243,242,5246,1663,6817,1456,890,661,5927,1262
1600000US0608786,0608786,"Buena Park city, California",82152,42,49808,4905,2067,2017,711,712,23341,4327,664,682,2313,1270,3248,1211,1263,742,1985,902
1600000US0608954,0608954,"Burbank city, California",104380,39,79642,3860,2433,1226,179,172,10892,2848,93,145,6054,2130,5087,1636,522,473,4565,1522
1600000US0610046,0610046,"Camarillo city, California",65972,32,50220,2994,2241,1361,247,182,6307,2276,81,162,2134,1426,4742,2036,253,311,4489,2005
1600000US0611194,0611194,"Carlsbad city, California",109333,61,92829,3661,1606,1413,623,588,7703,2495,0,197,3527,2412,3045,1648,377,456,2668,1588
1600000US0611530,0611530,"Carson city, California",92992,54,29205,3895,14637,3020,863,639,22099,3292,2638,1651,6465,2241,17085,3946,648,347,16437,3877
1600000US0613014,0613014,"Chico city, California",87712,30,74941,1766,1628,515,387,225,3344,1142,153,223,1549,788,5710,1414,512,341,5198,1381
1600000US0613210,0613210,"Chino city, California",80181,68,45171,4320,4067,1100,1313,1038,9021,2267,122,129,16404,3333,4083,1488,910,543,3173,1446
1600000US0613214,0613214,"Chino Hills city, California",76462,44,41194,4378,2372,1217,192,204,25148,3418,0,197,4666,2190,2890,1134,620,604,2270,875
1600000US0613392,0613392,"Chula Vista city, California",252424,38,173959,7701,12625,3536,878,642,35082,6562,1765,1497,15168,3284,12947,3409,3352,1193,9595,3421
1600000US0613588,0613588,"Citrus Heights city, California",84862,38,71151,2906,2158,917,650,484,2333,921,0,197,5024,2520,3546,1239,556,485,2990,1130
1600000US0614218,0614218,"Clovis city, California",98626,41,74354,4068,1216,725,1309,970,9027,2512,248,322,8820,2670,3652,1525,1268,1253,2384,803
1600000US0615044,0615044,"Compton city, California",97560,42,15913,3037,30554,3834,283,322,524,531,267,441,47693,4612,2326,1219,1297,954,1029,636
1600000US0616000,0616000,"Concord city, California",124717,37,82972,5463,8078,2981,607,712,16254,3178,1393,979,8817,3440,6596,2820,811,628,5785,2771
1600000US0616350,0616350,"Corona city, California",158388,47,113387,5280,8748,3346,1347,649,17969,2691,605,622,8786,2232,7546,1953,3186,1447,4360,1225
1600000US0616532,0616532,"Costa Mesa city, California",111910,38,74348,4990,1827,962,214,166,9704,2461,140,217,21091,5206,4586,1284,1747,916,2839,969
1600000US0617918,0617918,"Daly City city, California",103677,55,20761,3073,1954,1332,346,466,64398,4305,205,333,13623,3376,2390,1108,445,397,1945,1024
1600000US0618100,0618100,"Davis city, California",66009,58,40897,2637,2226,1454,201,236,14662,2024,84,103,3945,1500,3994,1201,603,460,3391,1144
1600000US0619766,0619766,"Downey city, California",112878,32,73025,5499,4529,1834,72,118,10239,2852,67,109,20996,5233,3950,1325,1856,906,2094,1032
1600000US0620802,0620802,"East Los Angeles CDP, California",126918,9004,70748,6176,1029,981,553,449,1598,1006,33,54,50648,7322,2309,1012,1764,805,545,514
1600000US0621712,0621712,"El Cajon city, California",101449,59,71529,4464,6629,1776,197,192,5325,2160,2121,1408,10961,3807,4687,1318,1472,681,3215,1132
1600000US0622020,0622020,"Elk Grove city, California",159064,95,71280,7459,17192,5000,630,817,44859,7485,1592,1157,6958,2590,16553,4954,2235,1149,14318,4714
1600000US0622230,0622230,"El Monte city, California",115113,36,58308,5017,429,243,422,251,33146,4128,592,628,19983,4845,2233,1057,1410,977,823,422
1600000US0622804,0622804,"Escondido city, California",147556,69,120409,4095,2847,1595,1541,1179,9110,2666,13,21,10200,2902,3436,1308,837,679,2599,1160
1600000US0623182,0623182,"Fairfield city, California",107676,39,51527,4319,12926,2406,662,424,20059,3073,1096,641,13930,3551,7476,1648,1104,664,6372,1612
1600000US0624477,0624477,"Florence-Graham CDP, California",63284,6564,35250,5347,4885,1472,978,1127,68,78,8,18,20794,4891,1301,853,1076,798,225,269
1600000US0624638,0624638,"Folsom city, California",73381,27,53465,2708,3466,765,627,499,9979,2257,298,253,2409,1204,3137,1039,369,343,2768,954
1600000US0624680,0624680,"Fontana city, California",201817,48,114607,6896,18479,3751,2977,1786,10460,3685,1070,1388,46763,7127,7461,1959,1597,786,5864,1771
1600000US0626000,0626000,"Fremont city, California",222001,65,67213,5414,8251,2947,1534,606,115288,6052,964,510,12958,3932,15793,3046,4046,1677,11747,2759
1600000US0627000,0627000,"Fresno city, California",505870,71,245070,9463,43739,1920,6128,2598,68813,5068,935,443,117736,7792,23449,4420,8418,2327,15031,3223
1600000US0628000,0628000,"Fullerton city, California",138589,60,75571,5481,2632,1421,400,383,39130,5350,157,211,14034,4231,6665,1812,1495,963,5170,1595
1600000US0629000,0629000,"Garden Grove city, California",174401,55,76936,5300,2087,1156,679,476,68143,5282,388,536,20922,4238,5246,1509,1530,808,3716,1370
1600000US0630000,0630000,"Glendale city, California",194501,75,144148,5227,3367,1137,657,592,30594,4234,104,182,9728,2804,5903,1363,1172,649,4731,1125
1600000US0632548,0632548,"Hawthorne city, California",85682,36,34330,4374,25803,4324,154,158,6102,1622,760,1124,14056,3731,4477,1665,1107,693,3370,1410
1600000US0633000,0633000,"Hayward city, California",149398,40,58768,5049,21503,4149,1166,756,35000,4194,2837,928,20242,3690,9882,1911,3135,1307,6747,1736
1600000US0633182,0633182,"Hemet city, California",81041,38,53659,3777,7371,2606,522,330,1150,871,157,181,12412,2918,5770,2341,1266,1108,4504,2180
1600000US0633434,0633434,"Hesperia city, California",92066,32,66291,4372,6511,3225,1486,880,1745,1048,477,661,13004,3617,2552,1035,1475,867,1077,669
1600000US0636000,0636000,"Huntington Beach city, California",194712,48,150990,4815,1644,1016,790,704,20659,3456,501,668,11814,3848,8314,1675,1998,876,6316,1420
1600000US0636448,0636448,"Indio city, California",79308,37,39738,4526,3228,1255,719,447,1579,1070,90,124,31372,4329,2582,1585,623,394,1959,1596
1600000US0636546,0636546,"Inglewood city, California",111174,42,32872,4773,48566,4538,705,770,1178,825,800,660,23761,4534,3292,1519,1094,793,2198,1296
1600000US0636770,0636770,"Irvine city, California",230005,94,115796,6855,3894,1383,315,262,93022,7128,173,286,6905,3858,9900,2919,1343,764,8557,2844
1600000US0637692,0637692,"Jurupa Valley city, California",97419,43,53546,5470,2708,1190,2161,1309,2469,1269,613,551,32716,5602,3206,1135,1659,806,1547,728
1600000US0639496,0639496,"Lake Forest city, California",78853,35,54126,4722,879,695,43,73,11673,3114,472,510,8950,3505,2710,942,390,356,2320,864
1600000US0639892,0639892,"Lakewood city, California",80835,43,46904,3410,5776,2098,364,279,15544,2821,765,813,6874,2444,4608,1426,650,414,3958,1304
1600000US0640130,0640130,"Lancaster city, California",159041,50,109865,4944,27353,4156,273,200,6956,2283,950,924,8375,2170,5269,1758,2615,1380,2654,955
1600000US0641992,0641992,"Livermore city, California",83541,36,66568,2823,2328,1530,585,463,6265,2395,695,506,2764,2232,4336,1568,940,637,3396,1434
1600000US0643000,0643000,"Long Beach city, California",467888,45,253647,11487,61983,6291,3831,1685,56805,5898,2841,2056,51162,8167,37619,6479,3856,1449,33763,5861
1600000US0644000,0644000,"Los Angeles city, California",3857786,56,2013642,24813,360124,11852,16392,2416,442498,12746,4853,1499,879174,22828,141103,7606,41883,4476,99220,6980
1600000US0644574,0644574,"Lynwood city, California",70720,39,17256,3379,6864,2249,408,433,300,312,0,197,45161,4267,731,494,266,349,465,421
1600000US0645484,0645484,"Manteca city, California",71070,31,47664,3402,2106,1282,216,202,5722,1672,0,197,11477,3030,3885,1283,1389,865,2496,973
1600000US0646842,0646842,"Menifee city, California",81467,40,64840,3383,4412,1412,252,188,2237,1204,97,149,6242,2840,3387,1414,407,395,2980,1394
1600000US0646898,0646898,"Merced city, California",80799,37,46325,3837,3396,1122,668,585,10397,2700,0,197,16379,3254,3634,1618,840,761,2794,1383
1600000US0647766,0647766,"Milpitas city, California",68807,30,12936,2902,1128,761,187,188,46126,3623,116,140,5926,2982,2388,1142,453,380,1935,1049
1600000US0648256,0648256,"Mission Viejo city, California",95289,31,79713,2959,717,550,272,229,7269,2088,314,468,1885,1295,5119,1580,639,668,4480,1570
1600000US0648354,0648354,"Modesto city, California",203560,57,146283,6384,7178,2349,1303,838,13681,2853,1143,1151,23813,5096,10159,2651,2405,1149,7754,2299
1600000US0649270,0649270,"Moreno Valley city, California",199561,49,111335,7379,33734,4930,1571,1023,8539,2490,1000,1187,36305,8609,7077,1833,1628,670,5449,1826
1600000US0649670,0649670,"Mountain View city, California",76612,43,48728,3411,1150,703,198,327,18913,2605,400,389,4572,2667,2651,948,240,270,2411,880
1600000US0650076,0650076,"Murrieta city, California",106809,43,74260,5215,6415,2811,888,1313,9548,2577,717,698,8460,2985,6521,2782,383,363,6138,2803
1600000US0650258,0650258,"Napa city, California",78332,36,64641,3119,436,366,592,465,1699,726,0,197,9836,3015,1128,571,418,453,710,373
1600000US0651182,0651182,"Newport Beach city, California",87060,37,72694,3136,497,535,63,111,4874,1428,347,381,4470,1843,4115,1565,1095,726,3020,1417
1600000US0652526,0652526,"Norwalk city, California",106286,40,62699,4551,5342,1987,586,381,16111,3344,1346,1722,17297,3709,2905,1111,1357,878,1548,567
1600000US0653000,0653000,"Oakland city, California",400740,51,164376,6624,102456,5698,2536,851,64663,5239,2570,1246,41607,6132,22532,3257,3445,1238,19087,2867
1600000US0653322,0653322,"Oceanside city, California",171272,81,109963,6937,7936,2326,771,404,11577,3213,2076,1839,28160,6630,10789,2920,3533,1933,7256,2366
1600000US0653896,0653896,"Ontario city, California",167207,45,95983,7043,7469,2110,1349,788,9470,2495,0,197,47730,7014,5206,1362,1908,946,3298,1136
1600000US0653980,0653980,"Orange city, California",139425,46,92068,5902,2461,880,746,681,16859,3061,1665,1640,20966,5478,4660,1777,1161,704,3499,1679
1600000US0654652,0654652,"Oxnard city, California",201565,47,150691,5930,6272,1913,1754,1375,15163,2872,773,807,19735,3828,7177,2148,3013,1461,4164,1551
1600000US0655156,0655156,"Palmdale city, California",155660,42,70519,6506,17176,3415,596,359,4694,1964,149,251,54835,6433,7691,1895,2757,1440,4934,1395
1600000US0655282,0655282,"Palo Alto city, California",66359,24,42502,2910,800,716,49,83,19788,2821,0,197,545,442,2675,1033,182,179,2493,1003
1600000US0656000,0656000,"Pasadena city, California",138553,49,85532,5052,16124,3065,695,607,21230,3728,112,164,8464,2652,6396,1756,768,478,5628,1673
1600000US0656700,0656700,"Perris city, California",71327,29,37602,4823,11195,3594,436,573,3485,1941,0,197,17180,4524,1429,782,960,695,469,394
1600000US0657456,0657456,"Pittsburg city, California",65655,49,23213,3907,13899,2863,140,217,9731,2874,995,1050,13035,3970,4642,1671,1282,720,3360,1577
1600000US0657792,0657792,"Pleasanton city, California",72326,46,49138,3062,1413,896,22,38,17203,2708,186,222,1068,1153,3296,1031,843,566,2453,840
1600000US0658072,0658072,"Pomona city, California",150817,39,98793,5348,10248,2425,1399,749,14090,2996,363,529,21166,3797,4758,1864,2135,1557,2623,986
1600000US0659444,0659444,"Rancho Cordova city, California",66999,32,41720,3087,5927,1454,362,335,7441,1540,1413,999,5671,1922,4465,1180,381,267,4084,1156
1600000US0659451,0659451,"Rancho Cucamonga city, California",170740,48,109667,6453,14011,3135,392,427,24949,5173,294,351,9469,2961,11958,2922,2558,1225,9400,2491
1600000US0659920,0659920,"Redding city, California",90750,31,78898,1898,1692,1105,2081,822,4421,887,0,197,1647,894,2011,748,250,357,1761,826
1600000US0659962,0659962,"Redlands city, California",69908,36,53606,2960,2456,1095,896,557,5617,1677,0,197,4020,1839,3313,1663,590,530,2723,1574
1600000US0660018,0660018,"Redondo Beach city, California",67683,41,49057,3055,1902,1596,237,319,8031,2227,0,197,3899,1864,4557,1693,821,541,3736,1616
1600000US0660102,0660102,"Redwood City city, California",79005,34,57660,3322,2219,1165,106,134,8091,1769,318,370,7349,2298,3262,1235,338,250,2924,1186
1600000US0660466,0660466,"Rialto city, California",101747,41,64166,5016,14140,3432,888,592,2381,1209,0,197,17264,3767,2908,1686,614,478,2294,1587
1600000US0660620,0660620,"Richmond city, California",106526,54,49703,4761,27395,3935,452,374,13681,3266,607,822,7951,2869,6737,1801,1107,725,5630,1607
1600000US0662000,0662000,"Riverside city, California",313700,107,201768,8055,18038,2973,2976,1295,20773,3482,648,408,55051,6890,14446,3766,3885,1338,10561,3453
1600000US0662938,0662938,"Roseville city, California",124525,42,97596,3560,1610,858,192,181,11086,2303,199,249,7842,2385,6000,1350,1017,605,4983,1288
1600000US0664000,0664000,"Sacramento city, California",475524,82,232757,9431,71297,6683,2665,1192,87977,6570,6729,2234,42479,5997,31620,4819,4633,1626,26987,4495
1600000US0664224,0664224,"Salinas city, California",154463,77,105402,5632,2761,1088,933,776,11471,2613,394,378,29922,5062,3580,1118,1443,812,2137,741
1600000US0665000,0665000,"San Bernardino city, California",213298,48,112628,6907,27947,4544,2689,1109,10766,2420,779,982,45039,6298,13450,3142,4188,1875,9262,2474
1600000US0665042,0665042,"San Buenaventura (Ventura) city, California",107755,81,89488,3196,1935,1149,287,226,4969,2120,173,220,6518,2642,4385,1337,1923,1070,2462,793
1600000US0666000,0666000,"San Diego city, California",1338354,71,852307,12769,87569,5835,11130,3321,230434,9630,5814,1918,89526,8450,61574,6022,10064,2226,51510,5584
1600000US0667000,0667000,"San Francisco city, California",825863,*****,409803,5406,46406,2304,2640,1181,274340,3274,3381,459,50114,5558,39179,3722,5262,1548,33917,3627
1600000US0668000,0668000,"San Jose city, California",982783,81,453617,13128,30619,3526,6287,1590,325098,9377,5174,1293,116296,11727,45692,5083,11363,2555,34329,4030
1600000US0668084,0668084,"San Leandro city, California",86884,39,34179,3494,10009,2399,1010,1094,27678,3828,1508,999,6710,2152,5790,1978,1228,1057,4562,1637
1600000US0668196,0668196,"San Marcos city, California",86756,29,66933,3597,1886,1473,269,222,6671,2492,409,661,6069,2584,4519,2141,1132,1034,3387,1528
1600000US0668252,0668252,"San Mateo city, California",99653,69,63584,4164,1706,877,486,353,18918,2757,1791,1208,8379,2953,4789,1342,1301,747,3488,1011
1600000US0668378,0668378,"San Ramon city, California",73922,36,37980,2829,1802,790,251,303,27583,2876,232,384,1177,735,4897,1927,254,244,4643,1917
1600000US0669000,0669000,"Santa Ana city, California",330913,65,174088,10518,3887,1572,1843,989,32089,3581,655,525,112055,10238,6296,1825,3566,1499,2730,858
1600000US0669070,0669070,"Santa Barbara city, California",89638,23,67966,4073,2038,845,407,404,2919,1403,74,85,12799,3849,3435,1333,1322,963,2113,824
1600000US0669084,0669084,"Santa Clara city, California",119307,39,55488,5079,6070,2062,719,314,45662,5311,270,303,5930,2916,5168,1702,1696,1124,3472,1205
1600000US0669088,0669088,"Santa Clarita city, California",179005,51,131553,5783,3282,1289,360,303,17966,5138,396,474,16542,4575,8906,2490,1055,595,7851,2452
1600000US0669196,0669196,"Santa Maria city, California",101469,42,67231,6163,1696,1406,1177,715,5657,1453,576,729,23180,5930,1952,966,508,459,1444,831
1600000US0670000,0670000,"Santa Monica city, California",91814,30,73780,2888,3078,1478,235,331,8579,2286,330,388,985,547,4827,1686,415,261,4412,1673
1600000US0670098,0670098,"Santa Rosa city, California",170684,33,129599,4653,2834,1036,2633,2079,7489,2087,1439,1065,19073,3693,7617,1930,1176,768,6441,1711
1600000US0672016,0672016,"Simi Valley city, California",125794,35,96173,3179,2229,994,335,211,11134,2005,123,133,8217,2441,7583,1902,1144,726,6439,1856
1600000US0673080,0673080,"South Gate city, California",95297,39,47633,4736,854,649,930,556,547,633,0,197,44267,4518,1066,530,396,280,670,484
1600000US0673262,0673262,"South San Francisco city, California",65565,61,26360,3661,1626,1024,286,339,23314,3354,1838,1328,8824,3728,3317,1509,1085,902,2232,1263
1600000US0675000,0675000,"Stockton city, California",297975,50,122464,7296,32986,3699,3059,1399,63383,5926,3364,1084,48784,6184,23935,4138,3546,1451,20389,3756
1600000US0677000,0677000,"Sunnyvale city, California",146199,43,71663,5161,3951,1430,644,561,58560,4942,649,516,5508,3687,5224,1451,476,416,4748,1363
1600000US0678120,0678120,"Temecula city, California",105213,43,80152,4893,2337,1175,1452,1044,12031,3495,36,63,3365,2852,5840,2055,484,302,5356,2027
1600000US0678582,0678582,"Thousand Oaks city, California",128411,36,104423,4010,1090,694,106,131,9844,2356,81,100,8088,3439,4779,1479,1150,637,3629,1347
1600000US0680000,0680000,"Torrance city, California",147036,56,74888,5499,4917,2171,122,138,49749,5200,655,768,9229,3524,7476,1984,1571,1065,5905,1504
1600000US0680238,0680238,"Tracy city, California",84682,54,54145,4841,5124,1873,158,161,9700,3104,124,156,7686,3368,7745,3050,941,602,6804,3015
1600000US0680812,0680812,"Turlock city, California",69735,28,56806,3263,1082,907,123,138,6019,3093,198,350,2909,1292,2598,1070,830,624,1768,975
1600000US0680854,0680854,"Tustin city, California",78044,36,37723,4306,2814,1685,84,100,16918,4069,128,148,17374,5167,3003,1368,1118,938,1885,973
1600000US0681204,0681204,"Union City city, California",71749,61,18502,3258,4702,2652,781,470,34583,3299,1156,753,6334,2886,5691,2243,1473,791,4218,1934
1600000US0681344,0681344,"Upland city, California",75208,29,46607,4272,3963,1369,401,314,5192,1819,0,197,15951,3675,3094,1700,472,298,2622,1694
1600000US0681554,0681554,"Vacaville city, California",93899,30,63287,3586,6935,1361,196,153,6861,2086,543,449,8018,2841,8059,2900,1025,1061,7034,2697
1600000US0681666,0681666,"Vallejo city, California",117814,69,52357,4004,26370,3109,529,379,26260,2593,1125,835,3952,1742,7221,1733,1060,622,6161,1687
1600000US0682590,0682590,"Victorville city, California",120327,45,70094,8926,32116,7758,1471,1142,3164,1550,72,129,10005,3710,3405,1274,1005,568,2400,1013
1600000US0682954,0682954,"Visalia city, California",127072,42,97344,4890,1985,969,1549,872,8829,2293,87,127,9847,2992,7431,3118,1846,1274,5585,2679
1600000US0682996,0682996,"Vista city, California",96046,32,80970,2579,3346,1169,1102,994,3191,1128,99,122,3999,1462,3339,1163,982,712,2357,965
1600000US0683346,0683346,"Walnut Creek city, California",65696,28,54272,2754,261,215,657,466,8469,2513,0,197,960,722,1077,549,0,197,1077,549
1600000US0684200,0684200,"West Covina city, California",107472,110,39311,4496,4262,1915,1015,737,26944,3833,160,260,31168,4863,4612,2103,1389,657,3223,2008
1600000US0684550,0684550,"Westminster city, California",91355,84,32701,4054,632,573,89,147,47561,3900,327,413,7879,3131,2166,905,882,632,1284,511
1600000US0685292,0685292,"Whittier city, California",86159,65,52973,3682,914,721,52,94,3920,1478,371,435,25710,3597,2219,1004,870,523,1349,812
1600000US0686832,0686832,"Yorba Linda city, California",66739,36,47445,3367,67,110,0,197,13667,2778,0,197,989,623,4571,2241,735,743,3836,2026
1600000US0686972,0686972,"Yuba City city, California",65105,23,42388,2081,1218,390,726,604,12119,1508,0,197,4336,1978,4318,1395,749,360,3569,1324
1600000US0803455,0803455,"Arvada city, Colorado",109315,1194,98113,2860,984,627,1058,837,1907,956,26,48,4207,2242,3020,1002,613,496,2407,809
1600000US0804000,0804000,"Aurora city, Colorado",338835,95,223122,6659,56817,3831,3243,1293,14916,2535,808,491,20053,4338,19876,3699,6980,2876,12896,2235
1600000US0807850,0807850,"Boulder city, Colorado",101812,31,91562,2156,1352,690,93,150,3726,1186,19,34,2198,1503,2862,816,287,327,2575,739
1600000US0812815,0812815,"Centennial city, Colorado",103735,49,88763,2825,2561,1134,817,508,4805,1530,319,339,3487,1806,2983,1242,1015,599,1968,841
1600000US0816000,0816000,"Colorado Springs city, Colorado",431846,59,348013,5807,28963,4086,2172,815,13552,1398,636,417,19189,4063,19321,3150,2311,1197,17010,2884
1600000US0820000,0820000,"Denver city, Colorado",634265,*****,479745,6561,64566,1834,5941,1536,21689,2099,464,422,39761,6236,22099,3404,6071,2257,16028,2606
1600000US0827425,0827425,"Fort Collins city, Colorado",148634,73,131686,2203,2081,835,751,459,4415,908,373,489,2792,1250,6536,1581,1072,515,5464,1489
1600000US0832155,0832155,"Greeley city, Colorado",95365,35,69531,3469,2114,513,1532,656,1776,911,35,69,17005,3521,3372,823,1595,635,1777,642
1600000US0836410,0836410,"Highlands Ranch CDP, Colorado",101898,4745,90853,4743,508,396,207,199,7763,1542,0,189,626,504,1941,968,777,822,1164,666
1600000US0843000,0843000,"Lakewood city, Colorado",145522,38,129486,2461,2412,1234,2336,1201,4654,1199,0,189,2042,1055,4592,1202,767,421,3825,1184
1600000US0845970,0845970,"Longmont city, Colorado",88636,45,76416,3204,1832,1060,464,288,3624,2504,0,189,4497,1914,1803,866,125,206,1678,832
1600000US0846465,0846465,"Loveland city, Colorado",70214,34,61977,2581,108,155,155,176,747,625,0,189,4606,2396,2621,1092,660,529,1961,1021
1600000US0862000,0862000,"Pueblo city, Colorado",107775,26,79933,3986,2736,548,2134,691,430,294,0,189,16188,3400,6354,1625,3137,1345,3217,838
1600000US0877290,0877290,"Thornton city, Colorado",124131,54,107507,3195,1158,968,632,432,7043,1754,78,128,4512,2300,3201,1321,426,426,2775,1264
1600000US0883835,0883835,"Westminster city, Colorado",109181,58,91743,3036,1367,732,582,529,6700,1794,0,189,3349,1887,5440,1856,822,637,4618,1669
1600000US0908000,0908000,"Bridgeport city, Connecticut",146434,41,61154,4987,52636,4343,971,598,4767,1625,0,193,23075,4279,3831,1110,1196,702,2635,929
1600000US0918430,0918430,"Danbury city, Connecticut",82783,87,52751,3933,7517,2419,223,194,5519,1370,253,406,11690,3379,4830,1674,1424,963,3406,1569
1600000US0937000,0937000,"Hartford city, Connecticut",124887,43,54065,4400,47485,3847,566,670,3134,1211,28,47,14956,3349,4653,1504,1524,761,3129,1309
1600000US0950370,0950370,"New Britain city, Connecticut",73148,33,49952,3246,6600,1888,0,193,1604,881,0,193,11134,2861,3858,1403,961,777,2897,1135
1600000US0952000,0952000,"New Haven city, Connecticut",130749,47,55794,4398,48665,4012,327,293,5997,1219,63,107,16894,3919,3009,951,693,548,2316,776
1600000US0955990,0955990,"Norwalk city, Connecticut",87196,37,60975,3840,14518,3630,238,335,5287,1624,0,193,3059,1714,3119,1576,928,768,2191,1566
1600000US0973000,0973000,"Stamford city, Connecticut",125102,44,81386,5123,16103,3211,143,177,9846,2155,62,106,14613,4331,2949,1483,1535,1196,1414,895
1600000US0980000,0980000,"Waterbury city, Connecticut",109915,33,73722,4663,20998,3480,475,530,1296,692,0,193,9616,3386,3808,1316,1176,707,2632,1083
1600000US1077580,1077580,"Wilmington city, Delaware",71289,31,26947,2602,39561,2661,102,119,806,495,0,182,3068,1471,805,467,266,350,539,343
1600000US1150000,1150000,"Washington city, District of Columbia",632323,*****,250657,4014,313224,2333,2258,864,21858,1613,54,90,28401,4268,15871,2753,2654,1205,13217,2357
1600000US1200410,1200410,"Alafaya CDP, Florida",85334,10976,60789,9734,8009,3024,310,498,10499,4355,0,211,4365,3493,1362,1233,264,308,1098,1090
1600000US1207300,1207300,"Boca Raton city, Florida",87848,48,76469,3158,5204,2538,0,211,2511,1146,0,211,2321,1558,1343,849,316,323,1027,687
1600000US1207875,1207875,"Boynton Beach city, Florida",70120,77,41745,4048,20697,4019,120,155,3638,2499,0,211,2345,1783,1575,1026,431,493,1144,661
1600000US1208150,1208150,"Brandon CDP, Florida",101167,7001,72018,6478,19139,4189,134,135,2217,1004,13,27,2023,1040,5623,1569,820,442,4803,1497
1600000US1210275,1210275,"Cape Coral city, Florida",161237,52,144166,4434,9008,3991,1010,955,3050,1831,0,211,1699,1080,2304,991,433,460,1871,837
1600000US1212875,1212875,"Clearwater city, Florida",108732,36,88290,3045,11724,2430,124,147,3349,1341,82,134,923,599,4240,1400,465,346,3775,1354
1600000US1214400,1214400,"Coral Springs city, Florida",125275,55,87281,5134,23628,4936,130,150,6075,1813,0,211,5719,2752,2442,1049,448,320,1994,978
1600000US1216475,1216475,"Davie town, Florida",95492,33,73837,4515,10446,3994,0,211,4316,1942,0,211,4857,2812,2036,1071,301,321,1735,1037
1600000US1216725,1216725,"Deerfield Beach city, Florida",77426,53,47608,4329,26006,4641,0,211,655,396,0,211,1176,962,1981,1361,657,801,1324,1084
1600000US1217200,1217200,"Deltona city, Florida",85436,35,70027,3374,7440,2150,561,774,1292,1071,249,283,3699,2570,2168,1162,303,285,1865,1103
1600000US1224000,1224000,"Fort Lauderdale city, Florida",170747,34,106854,5302,51586,5697,157,195,2824,905,320,408,4594,2132,4412,1765,184,239,4228,1749
1600000US1224125,1224125,"Fort Myers city, Florida",65733,45,43526,2688,19396,2439,136,156,969,567,0,211,78,133,1628,940,1053,827,575,429
1600000US1225175,1225175,"Gainesville city, Florida",126038,43,83661,3179,25371,2672,450,335,8866,1806,196,346,1756,1053,5738,1862,625,481,5113,1888
1600000US1230000,1230000,"Hialeah city, Florida",231953,46,218084,4054,7367,3283,0,211,1444,1221,0,211,3359,1833,1699,623,1331,565,368,252
1600000US1232000,1232000,"Hollywood city, Florida",145241,40,106545,5261,22264,4507,288,342,3569,1687,0,211,7083,2545,5492,1904,1283,1160,4209,1478
1600000US1235000,1235000,"Jacksonville city, Florida",836507,25,505082,4024,250500,3639,2467,1164,37272,2157,1058,479,9577,2355,30551,4811,1760,986,28791,4900
1600000US1236100,1236100,"Kendall CDP, Florida",75640,6249,68198,6304,3764,1860,186,315,1872,929,0,211,413,348,1207,613,191,225,1016,558
1600000US1238250,1238250,"Lakeland city, Florida",100009,53,75649,4164,18634,3485,214,224,773,493,118,187,726,573,3895,1869,58,107,3837,1865
1600000US1239425,1239425,"Largo city, Florida",77871,40,67176,2283,5135,1713,380,310,1682,1249,63,109,675,537,2760,1558,232,227,2528,1560
1600000US1239550,1239550,"Lauderhill city, Florida",69083,61,13764,3234,52055,3375,370,562,1237,780,0,211,606,523,1051,760,0,211,1051,760
1600000US1239925,1239925,"Lehigh Acres CDP, Florida",104011,7574,70670,6098,17610,4086,554,582,500,667,0,211,11009,3991,3668,1414,1345,1137,2323,1311
1600000US1243975,1243975,"Melbourne city, Florida",77047,30,64240,2815,7400,2501,0,211,2751,1013,0,211,429,303,2227,1026,241,298,1986,965
1600000US1245000,1245000,"Miami city, Florida",413864,105,313496,6823,82688,6622,557,497,4652,1894,0,211,8837,3028,3634,1172,856,517,2778,1093
1600000US1245025,1245025,"Miami Beach city, Florida",90579,41,67190,3515,4518,1813,152,250,2376,1022,112,134,14307,3456,1924,823,875,675,1049,520
1600000US1245060,1245060,"Miami Gardens city, Florida",110739,65,23560,3692,82454,3797,0,211,679,577,0,211,2367,1759,1679,1267,330,472,1349,1052
1600000US1245975,1245975,"Miramar city, Florida",128737,44,57927,7210,57404,6896,48,82,3526,2073,0,211,5953,2666,3879,1414,1736,1005,2143,1070
1600000US1253000,1253000,"Orlando city, Florida",249525,119,142314,7667,77311,7055,394,370,7653,2406,36,57,15197,3139,6620,1462,2934,1186,3686,1013
1600000US1254000,1254000,"Palm Bay city, Florida",104136,48,82113,4088,16082,4295,0,211,1571,768,0,211,1356,865,3014,1286,344,355,2670,1295
1600000US1254200,1254200,"Palm Coast city, Florida",79980,2266,61002,2454,10990,1329,0,211,1825,505,64,130,4009,1682,2090,1252,761,773,1329,974
1600000US1255775,1255775,"Pembroke Pines city, Florida",160292,61,106064,5549,32182,5019,458,507,7898,2405,93,155,8040,3132,5557,2460,2639,1877,2918,1635
1600000US1256825,1256825,"Pine Hills CDP, Florida",69219,7012,10413,3158,50698,6638,180,276,1233,756,0,211,5147,2565,1548,716,712,494,836,494
1600000US1257425,1257425,"Plantation city, Florida",88019,35,61106,3699,16910,3526,0,211,3884,1754,0,211,3585,1650,2534,1098,594,472,1940,881
1600000US1258050,1258050,"Pompano Beach city, Florida",102968,61,63110,4084,32270,4291,146,136,1245,634,243,402,3061,1873,2893,1848,838,1140,2055,1578
1600000US1258715,1258715,"Port St. Lucie city, Florida",168718,32,126452,5244,27863,4277,401,457,2924,748,228,354,5861,4124,4989,1813,464,547,4525,1676
1600000US1260950,1260950,"Riverview CDP, Florida",79420,7272,58280,6876,14864,3660,32,55,1246,765,0,211,2680,1499,2318,1361,171,212,2147,1358
1600000US1263000,1263000,"St. Petersburg city, Florida",246533,48,169944,4350,60839,3995,832,403,7368,2273,121,103,2061,1032,5368,1352,847,479,4521,1270
1600000US1268350,1268350,"Spring Hill CDP, Florida",101269,4899,89295,4935,4839,1497,77,114,1828,485,0,211,1839,1391,3391,1312,376,351,3015,1215
1600000US1269700,1269700,"Sunrise city, Florida",88859,66,52031,4814,25941,4533,51,81,4840,2192,0,211,3410,1820,2586,1115,289,202,2297,1097
1600000US1270600,1270600,"Tallahassee city, Florida",186977,40,107303,3687,64337,3804,355,258,7351,856,0,211,3220,1355,4411,1763,558,370,3853,1678
1600000US1271000,1271000,"Tampa city, Florida",347650,60,225771,7686,86746,5927,624,760,13124,2950,126,141,12061,3870,9198,2560,1597,665,7601,2251
1600000US1272145,1272145,"Town 'n' Country CDP, Florida",81597,7435,65745,6638,5893,2620,282,249,3140,1363,0,211,3810,1638,2727,1297,1533,1221,1194,612
1600000US1276582,1276582,"Weston city, Florida",67645,31,54911,3909,3248,1634,84,141,4921,3254,0,211,1424,901,3057,1830,434,600,2623,1773
1600000US1276600,1276600,"West Palm Beach city, Florida",101910,40,66073,4043,29545,4149,73,120,1720,607,0,211,3167,2131,1332,688,200,231,1132,632
1600000US1301052,1301052,"Albany city, Georgia",79150,2785,20993,1561,55507,2467,22,38,904,131,0,208,1026,1055,698,406,129,151,569,350
1600000US1303440,1303440,"Athens-Clarke County unified government (balance), Georgia",118866,395,78220,1199,32149,563,366,393,5031,488,0,208,1415,952,1685,757,308,230,1377,683
1600000US1304000,1304000,"Atlanta city, Georgia",443768,50,173766,6523,237154,6738,1351,489,17449,2818,308,361,5700,1980,8040,1967,822,560,7218,1881
1600000US1304204,1304204,"Augusta-Richmond County consolidated government (balance), Georgia",197696,1434,76825,1765,109162,2053,932,274,3419,573,0,208,2075,1009,5283,1466,882,620,4401,1430
1600000US1319000,1319000,"Columbus city, Georgia",198413,*****,92326,1878,89055,2029,564,271,4368,562,178,185,3704,1574,8218,2048,1048,840,7170,1980
1600000US1342425,1342425,"Johns Creek city, Georgia",82325,68,53847,5175,10427,4014,90,140,14726,3203,0,208,1911,2079,1324,908,64,108,1260,871
1600000US1349000,1349000,"Macon city, Georgia",91271,638,26416,2396,61846,2792,26,42,628,565,0,208,1333,1235,1022,844,0,208,1022,844
1600000US1367284,1367284,"Roswell city, Georgia",93683,46,75684,4380,11282,3927,563,405,4353,1975,0,208,194,236,1607,1122,158,142,1449,1097
1600000US1368516,1368516,"Sandy Springs city, Georgia",99423,31,69092,4459,17427,3993,108,165,6629,2240,0,208,867,661,5300,2849,627,617,4673,2854
1600000US1369000,1369000,"Savannah city, Georgia",142010,54,54817,3698,79663,3985,567,284,2874,1105,144,176,810,636,3135,1075,289,228,2846,1031
1600000US1380508,1380508,"Warner Robins city, Georgia",70970,799,35223,3339,27358,2923,84,159,987,849,238,298,4064,1982,3016,1348,510,578,2506,1323
1600000US1571550,1571550,"Urban Honolulu CDP, Hawaii",345604,47,58816,4110,5885,1515,370,311,190481,7112,29365,4398,2263,858,58424,6138,2385,1542,56039,6050
1600000US1608830,1608830,"Boise City city, Idaho",212299,37,191564,2441,2530,1193,2056,886,7369,1530,179,239,2625,1303,5976,1588,212,262,5764,1588
1600000US1702154,1702154,"Arlington Heights village, Illinois",74976,2659,67806,3291,1132,646,79,130,4452,1281,0,179,503,526,1004,537,0,179,1004,537
1600000US1703012,1703012,"Aurora city, Illinois",203318,4927,116142,6945,18137,3544,1168,928,14501,3735,0,179,48678,6855,4692,1419,924,686,3768,1257
1600000US1706613,1706613,"Bloomington city, Illinois",77733,28,60932,1361,9008,1233,40,52,4950,926,0,179,794,734,2009,845,523,467,1486,696
1600000US1707133,1707133,"Bolingbrook village, Illinois",77155,3601,39818,4469,17660,3467,599,805,8276,2637,0,179,8893,3205,1909,1097,344,476,1565,998
1600000US1712385,1712385,"Champaign city, Illinois",82509,35,55545,2750,11310,2451,99,136,12277,1445,0,179,1248,978,2030,1110,85,135,1945,1098
1600000US1714000,1714000,"Chicago city, Illinois",2714844,50,1311393,17866,866026,12440,8066,2322,160568,7864,979,838,306615,14391,61197,5457,17435,2815,43762,4682
1600000US1714351,1714351,"Cicero town, Illinois",84129,36,41733,5381,2905,1283,314,338,468,504,0,179,37476,5323,1233,761,620,423,613,656
1600000US1718823,1718823,"Decatur city, Illinois",76346,2567,54797,2582,16585,1364,0,179,1012,412,0,179,308,214,3644,1347,207,273,3437,1216
1600000US1723074,1723074,"Elgin city, Illinois",109290,3880,69812,5956,9327,2944,750,634,4641,1955,0,179,20059,5228,4701,1497,1319,886,3382,1190
1600000US1724582,1724582,"Evanston city, Illinois",75420,44,49363,3258,14265,3318,0,179,8034,2025,0,179,1350,792,2408,1206,285,347,2123,1155
1600000US1738570,1738570,"Joliet city, Illinois",146781,4533,100674,5943,19687,3513,905,635,2837,1330,37,62,18846,3936,3795,1105,664,507,3131,1021
1600000US1751622,1751622,"Naperville city, Illinois",145137,2171,104750,4718,8414,2418,162,128,25973,3680,0,179,1150,781,4688,1355,531,515,4157,1297
1600000US1757225,1757225,"Palatine village, Illinois",69254,263,51338,3589,2543,1633,0,179,9319,2756,740,932,3929,2268,1385,950,238,294,1147,890
1600000US1759000,1759000,"Peoria city, Illinois",116845,2677,73170,2827,31270,1623,682,163,6040,543,0,179,1437,1077,4246,1495,37,61,4209,1496
1600000US1765000,1765000,"Rockford city, Illinois",151019,2586,99044,4406,30526,1999,139,162,4287,964,0,179,9961,3028,7062,2411,1679,1119,5383,2113
1600000US1768003,1768003,"Schaumburg village, Illinois",74228,1258,50729,3956,3079,1244,0,179,14488,3801,0,179,4708,2929,1224,748,90,150,1134,730
1600000US1770122,1770122,"Skokie village, Illinois",65076,26,41226,3615,3891,2178,66,117,17293,3617,0,179,1339,771,1261,635,382,349,879,525
1600000US1772000,1772000,"Springfield city, Illinois",117019,77,88162,1533,22167,1464,314,160,2610,927,0,179,880,742,2886,1389,464,532,2422,1210
1600000US1779293,1779293,"Waukegan city, Illinois",86273,3511,59180,3516,15817,3053,217,359,3415,1347,0,179,5090,1930,2554,945,821,534,1733,813
1600000US1805860,1805860,"Bloomington city, Indiana",78592,2467,64325,2713,3214,691,639,782,7552,1246,67,113,734,576,2061,885,10,20,2051,883
1600000US1810342,1810342,"Carmel city, Indiana",84515,1429,69952,2630,3390,1396,107,173,7223,1811,0,184,555,741,3288,1331,0,184,3288,1331
1600000US1822000,1822000,"Evansville city, Indiana",120059,2942,99683,3285,13287,1404,646,451,837,593,26,52,867,1161,4713,1634,54,93,4659,1599
1600000US1823278,1823278,"Fishers town, Indiana",82087,1852,71985,2993,3070,1370,294,301,3407,1452,0,184,373,411,2958,1327,426,493,2532,1246
1600000US1825000,1825000,"Fort Wayne city, Indiana",252427,3846,184069,4261,41147,2066,913,562,9720,1077,936,1425,7111,2629,8531,1709,1052,589,7479,1575
1600000US1827000,1827000,"Gary city, Indiana",75611,3636,9031,2073,64453,3794,104,129,116,145,0,184,1043,877,864,503,151,174,713,444
1600000US1831000,1831000,"Hammond city, Indiana",79686,28,37448,3727,18775,2644,449,355,971,709,85,142,18904,3020,3054,1447,835,595,2219,1454
1600000US1836003,1836003,"Indianapolis city (balance), Indiana",835806,3492,511806,6976,229068,5840,2949,911,18298,1663,0,184,48652,5617,25033,4586,3010,1022,22023,4715
1600000US1840788,1840788,"Lafayette city, Indiana",66820,2645,58704,2672,5436,1343,91,195,769,383,0,184,953,708,867,511,141,230,726,456
1600000US1851876,1851876,"Muncie city, Indiana",69841,1494,58776,1847,3631,997,219,260,837,474,0,184,816,829,5562,1028,60,91,5502,1030
1600000US1871000,1871000,"South Bend city, Indiana",100003,2776,61156,2981,26958,2071,470,254,1414,765,53,87,4893,1658,5059,1414,876,691,4183,1155
1600000US1912000,1912000,"Cedar Rapids city, Iowa",128124,29,111093,1352,8550,1614,202,214,2988,665,86,146,881,627,4324,1185,0,151,4324,1185
1600000US1919000,1919000,"Davenport city, Iowa",101354,37,83578,1748,10206,1770,407,405,1475,618,0,151,1610,946,4078,1691,254,235,3824,1674
1600000US1921000,1921000,"Des Moines city, Iowa",206568,173,159799,4244,21311,2040,923,761,10833,1723,139,173,7057,2715,6506,1564,411,394,6095,1476
1600000US1938595,1938595,"Iowa City city, Iowa",70131,27,55490,2219,4100,1236,0,151,6316,824,0,151,2954,1556,1271,568,195,235,1076,495
1600000US1973335,1973335,"Sioux City city, Iowa",84297,2266,70239,2956,2706,711,1518,689,2379,474,0,151,4459,2240,2996,1334,611,693,2385,1037
1600000US1982425,1982425,"Waterloo city, Iowa",68294,20,54401,1073,10381,937,0,151,823,515,0,151,369,352,2320,827,229,264,2091,775
1600000US2036000,2036000,"Kansas City city, Kansas",145410,3081,87070,4577,38888,1579,1378,618,4146,829,828,1274,8641,2561,4459,1653,1709,1195,2750,1004
1600000US2038900,2038900,"Lawrence city, Kansas",88634,2922,74778,2839,3726,922,1808,939,4396,466,81,101,444,357,3401,979,299,267,3102,963
1600000US2052575,2052575,"Olathe city, Kansas",130031,64,112816,2832,6485,1878,363,280,4912,1773,107,127,2496,1361,2852,866,482,365,2370,798
1600000US2053775,2053775,"Overland Park city, Kansas",178941,84,150739,3319,7656,2004,256,180,14129,2199,36,63,1975,1283,4150,1450,175,148,3975,1417
1600000US2071000,2071000,"Topeka city, Kansas",127942,26,99200,2089,13004,1671,1371,540,1921,485,0,165,3769,1880,8677,2021,1051,823,7626,1597
1600000US2079000,2079000,"Wichita city, Kansas",385586,53,297088,3530,43503,2497,4272,1326,18928,1864,24,42,7126,2146,14645,3216,1574,876,13071,2928
1600000US2146027,2146027,"Lexington-Fayette urban county, Kentucky",305489,*****,235352,2053,42816,2035,511,362,10493,745,45,83,6841,2006,9431,2304,719,387,8712,2312
1600000US2148006,2148006,"Louisville/Jefferson County metro government (balance), Kentucky",605108,56,430659,3581,138894,4825,543,346,13352,1511,208,307,4323,1953,17129,3259,1365,724,15764,3242
1600000US2205000,2205000,"Baton Rouge city, Louisiana",230040,76,88624,3896,127558,4208,624,358,7794,2034,0,193,1530,1012,3910,1628,0,193,3910,1628
1600000US2239475,2239475,"Kenner city, Louisiana",66813,41,42257,2645,16679,2540,122,196,2894,1141,0,193,3393,2089,1468,872,221,168,1247,835
1600000US2240735,2240735,"Lafayette city, Louisiana",122749,50,78367,3584,36838,3664,215,226,2820,848,13,26,679,528,3817,1542,670,727,3147,1425
1600000US2241155,2241155,"Lake Charles city, Louisiana",73481,37,34153,2484,34609,2808,105,146,1870,481,0,193,924,1035,1820,882,401,426,1419,868
1600000US2250115,2250115,"Metairie CDP, Louisiana",137210,6477,110059,5702,15212,3228,657,583,5418,1576,0,193,1628,963,4236,1434,172,174,4064,1432
1600000US2255000,2255000,"New Orleans city, Louisiana",369250,*****,125220,1516,220735,981,1235,733,10775,566,0,193,6342,1507,4943,1050,652,325,4291,951
1600000US2270000,2270000,"Shreveport city, Louisiana",201878,1050,84900,2717,109836,2869,402,270,3229,973,55,90,1481,979,1975,806,552,581,1423,512
1600000US2360545,2360545,"Portland city, Maine",66211,21,54690,1855,4693,1225,76,92,4198,1104,0,155,384,356,2170,863,169,227,2001,798
1600000US2404000,2404000,"Baltimore city, Maryland",621342,*****,187742,2556,394998,2746,1862,768,15757,631,46,76,8937,2302,12000,2163,901,498,11099,2119
1600000US2419125,2419125,"Columbia CDP, Maryland",104129,5497,58455,4010,24761,4475,249,349,12427,2306,516,799,3474,2245,4247,1556,229,197,4018,1533
1600000US2426000,2426000,"Ellicott City CDP, Maryland",71933,4060,46367,3658,7948,2798,0,190,14608,2552,0,190,703,562,2307,818,371,330,1936,777
1600000US2430325,2430325,"Frederick city, Maryland",66390,38,44246,2733,11815,1705,601,311,2802,1220,229,249,3957,2337,2740,904,163,168,2577,897
1600000US2432025,2432025,"Germantown CDP, Maryland",91541,7032,45408,5166,17747,3985,232,206,19917,3266,0,190,2955,2151,5282,2765,1446,1181,3836,2406
1600000US2432650,2432650,"Glen Burnie CDP, Maryland",70285,6694,46515,5346,15235,3153,49,86,4227,1537,148,248,387,344,3724,1835,0,190,3724,1835
1600000US2472450,2472450,"Silver Spring CDP, Maryland",73958,5543,31325,3229,20286,2971,93,120,8020,2500,0,190,10810,3409,3424,1360,427,423,2997,1185
1600000US2481175,2481175,"Waldorf CDP, Maryland",72890,4322,26082,3208,39777,3479,1099,806,2787,1021,0,190,179,182,2966,1211,0,190,2966,1211
1600000US2507000,2507000,"Boston city, Massachusetts",637516,2304,340877,5033,166148,4192,2300,1295,58186,2352,0,195,38788,5434,31217,4359,7717,2135,23500,3859
1600000US2509000,2509000,"Brockton city, Massachusetts",94092,24,45298,2941,37817,2083,278,367,1947,1203,0,195,5140,1904,3612,1296,1728,749,1884,1002
1600000US2511000,2511000,"Cambridge city, Massachusetts",106456,60,75710,2830,12152,2371,243,239,12243,1665,46,76,1961,981,4101,988,620,342,3481,878
1600000US2523000,2523000,"Fall River city, Massachusetts",88943,23,76759,2383,3320,1445,244,351,1544,926,0,195,3998,1721,3078,994,424,536,2654,854
1600000US2524960,2524960,"Framingham CDP, Massachusetts",70076,33,52737,3279,5319,2282,5,10,5587,1953,0,195,4755,2524,1673,841,455,449,1218,684
1600000US2534550,2534550,"Lawrence city, Massachusetts",77321,37,28797,3342,10446,2766,203,192,1988,1195,0,195,34129,3846,1758,856,1428,886,330,234
1600000US2537000,2537000,"Lowell city, Massachusetts",108528,38,60370,4452,7814,2591,611,524,22954,3848,0,195,13006,3109,3773,1264,1469,841,2304,1125
1600000US2537490,2537490,"Lynn city, Massachusetts",91247,41,46406,3653,10831,2010,60,99,6741,2009,53,122,22697,4069,4459,1234,1543,707,2916,1028
1600000US2545000,2545000,"New Bedford city, Massachusetts",94929,26,73724,3093,7022,1544,777,710,1031,691,0,195,7818,2587,4557,1517,982,568,3575,1452
1600000US2545560,2545560,"Newton city, Massachusetts",86304,27,68295,2840,3188,1008,8,15,12403,2902,0,195,610,517,1800,642,263,164,1537,644
1600000US2555745,2555745,"Quincy city, Massachusetts",93031,26,61727,3437,4568,1751,169,267,23021,2736,0,195,1059,920,2487,1055,36,58,2451,1045
1600000US2562535,2562535,"Somerville city, Massachusetts",77112,35,57074,3495,6453,2952,36,67,9268,2763,0,195,2142,1362,2139,1049,151,172,1988,1034
1600000US2567000,2567000,"Springfield city, Massachusetts",153557,38,84052,5149,31844,2353,1087,1065,2593,1122,0,195,28167,4373,5814,1832,2401,1427,3413,1156
1600000US2582000,2582000,"Worcester city, Massachusetts",182680,50,131261,4633,23637,2921,520,368,11225,2394,0,195,7459,2974,8578,2453,1771,920,6807,2139
1600000US2603000,2603000,"Ann Arbor city, Michigan",116128,35,84544,2168,8154,1852,168,167,19000,1603,0,161,266,257,3996,818,310,227,3686,843
1600000US2621000,2621000,"Dearborn city, Michigan",96470,28,86508,2414,3882,1880,182,214,1621,591,0,161,201,183,4076,1262,312,290,3764,1264
1600000US2622000,2622000,"Detroit city, Michigan",701524,68,87281,5233,572298,5005,2580,813,7569,2230,42,98,16703,3632,15051,2645,4144,1698,10907,2212
1600000US2627440,2627440,"Farmington Hills city, Michigan",80752,26,54497,2970,13915,2806,490,454,9106,2026,0,161,610,795,2134,863,302,238,1832,840
1600000US2629000,2629000,"Flint city, Michigan",100515,27,39531,3125,56638,2969,483,394,202,149,0,161,666,561,2995,1032,192,145,2803,1034
1600000US2634000,2634000,"Grand Rapids city, Michigan",190426,57,132308,4723,37894,3640,1008,587,4529,1612,0,161,5648,1935,9039,2267,932,628,8107,2069
1600000US2642160,2642160,"Kalamazoo city, Michigan",75092,27,51555,2490,17175,1906,315,314,2049,1038,0,161,1673,1087,2325,824,63,80,2262,827
1600000US2646000,2646000,"Lansing city, Michigan",113488,1345,71038,2896,26068,2358,749,702,4308,1202,140,221,1864,794,9321,1972,977,585,8344,1986
1600000US2649000,2649000,"Livonia city, Michigan",95576,33,88700,1855,2268,915,152,174,2427,1346,0,161,140,118,1889,810,175,204,1714,744
1600000US2669035,2669035,"Rochester Hills city, Michigan",72288,31,58795,3154,6471,2953,103,169,5483,1642,9,19,76,122,1351,820,319,414,1032,700
1600000US2674900,2674900,"Southfield city, Michigan",72502,35,20512,2617,47513,2905,126,128,1259,807,0,161,925,844,2167,773,42,64,2125,770
1600000US2676460,2676460,"Sterling Heights city, Michigan",130414,29,111601,2915,6821,2194,36,63,9161,2100,0,161,338,345,2457,1245,87,143,2370,1222
1600000US2680700,2680700,"Troy city, Michigan",82211,38,62481,2530,2516,1312,72,130,15015,2110,0,161,866,1254,1261,550,223,173,1038,521
1600000US2684000,2684000,"Warren city, Michigan",134155,51,101118,3628,21321,3664,201,182,6267,1928,0,161,859,623,4389,1371,82,99,4307,1359
1600000US2686000,2686000,"Westland city, Michigan",82868,52,61477,2755,14851,2783,245,330,3198,1438,0,161,1267,1719,1830,790,0,161,1830,790
1600000US2688940,2688940,"Wyoming city, Michigan",73374,30,63033,2900,3088,1539,1070,945,1552,1019,0,161,2296,1263,2335,1435,342,259,1993,1448
1600000US2706616,2706616,"Bloomington city, Minnesota",86031,30,67130,2840,6710,2140,175,147,5195,1931,264,350,3915,2040,2642,1144,158,203,2484,1116
1600000US2707966,2707966,"Brooklyn Park city, Minnesota",77762,38,43869,3813,19749,3692,319,290,11061,2568,0,139,1465,1032,1299,657,84,145,1215,613
1600000US2717000,2717000,"Duluth city, Minnesota",86197,49,77941,940,2080,576,1583,628,1123,339,68,88,69,88,3333,1000,14,28,3319,996
1600000US2743000,2743000,"Minneapolis city, Minnesota",392871,48,262253,5946,70474,5175,4780,1284,22628,3081,108,165,13679,3177,18949,3079,1168,494,17781,3058
1600000US2751730,2751730,"Plymouth city, Minnesota",72928,27,60716,2842,3037,1392,352,223,6579,2348,0,139,493,466,1751,730,0,139,1751,730
1600000US2754880,2754880,"Rochester city, Minnesota",108994,27,89784,915,6996,896,125,153,8456,838,0,139,920,772,2713,1032,77,96,2636,1013
1600000US2756896,2756896,"St. Cloud city, Minnesota",64949,2971,52803,2597,6027,1709,546,345,1535,589,0,139,625,502,3413,1529,368,491,3045,1435
1600000US2758000,2758000,"St. Paul city, Minnesota",290776,40,177504,4409,45731,3345,1235,573,45634,3591,52,67,6447,1828,14173,2909,1253,624,12920,2835
1600000US2829700,2829700,"Gulfport city, Mississippi",70101,48,42098,3387,25476,3399,238,390,581,455,0,198,486,517,1222,816,85,100,1137,807
1600000US2836000,2836000,"Jackson city, Mississippi",175376,318,31889,2734,139207,3095,129,217,749,444,0,198,2195,1164,1207,782,190,319,1017,710
1600000US2915670,2915670,"Columbia city, Missouri",113230,28,91039,2471,7928,2063,532,613,6068,1065,0,177,796,697,6867,2434,121,216,6746,2460
1600000US2935000,2935000,"Independence city, Missouri",117264,41,101471,2994,6230,1644,901,601,547,371,76,102,5657,2177,2382,850,285,249,2097,793
1600000US2938000,2938000,"Kansas City city, Missouri",464346,217,272691,5215,139934,5100,2698,730,10825,1920,118,171,21598,3144,16482,2455,3891,1668,12591,1975
1600000US2941348,2941348,"Lee's Summit city, Missouri",92770,698,78893,2863,7824,2497,63,93,2453,1462,576,793,774,571,2187,926,839,595,1348,762
1600000US2964082,2964082,"St. Charles city, Missouri",66454,40,57247,1898,5238,1244,622,837,1722,755,0,177,511,441,1114,546,0,177,1114,546
1600000US2964550,2964550,"St. Joseph city, Missouri",76523,1973,67344,2200,3274,1005,151,188,1082,55,299,352,554,500,3819,1129,297,357,3522,1110
1600000US2965000,2965000,"St. Louis city, Missouri",318172,*****,143417,1319,152068,1982,900,459,9220,597,0,177,3821,1207,8746,2105,255,221,8491,2044
1600000US2970000,2970000,"Springfield city, Missouri",162193,32,143851,2102,6710,1519,1320,688,4368,1136,1098,927,739,377,4107,944,562,345,3545,930
1600000US3006550,3006550,"Billings city, Montana",106964,42,95649,1228,517,408,5038,1108,1210,367,0,157,1905,1067,2645,941,122,143,2523,898
1600000US3050200,3050200,"Missoula city, Montana",68386,36,62390,1226,40,74,720,447,1131,518,214,219,237,331,3654,1095,581,514,3073,1005
1600000US3128000,3128000,"Lincoln city, Nebraska",265389,53,231664,1363,10319,1308,2481,909,10239,741,201,158,1959,1075,8526,1946,801,555,7725,1937
1600000US3137000,3137000,"Omaha city, Nebraska",421564,49,314990,4333,57054,2613,2856,672,11594,1476,25,43,25133,3790,9912,2155,835,482,9077,2140
1600000US3223770,3223770,"Enterprise CDP, Nevada",123493,9011,71568,7754,12413,3760,546,476,24061,4686,2526,1812,4192,1932,8187,2538,667,530,7520,2458
1600000US3231900,3231900,"Henderson city, Nevada",265688,45,212809,5082,14575,4273,1057,628,19577,2841,301,267,6385,2796,10984,2077,1236,637,9748,2006
1600000US3240000,3240000,"Las Vegas city, Nevada",596440,87,400931,9726,61749,5997,3346,1475,36402,4392,2099,1096,67865,7972,24048,3352,4395,1541,19653,2855
1600000US3251800,3251800,"North Las Vegas city, Nevada",223489,35,106952,7545,45868,5424,1494,1180,13477,3310,3619,1872,41334,5627,10745,2487,2107,939,8638,2317
1600000US3254600,3254600,"Paradise CDP, Nevada",230184,10723,145791,8831,21328,4082,1081,683,21162,3832,1489,920,29306,5991,10027,3905,1802,779,8225,3816
1600000US3260600,3260600,"Reno city, Nevada",231004,85,182512,5423,6180,1653,2827,1422,15340,2159,1768,709,15240,4731,7137,1485,1019,460,6118,1405
1600000US3268400,3268400,"Sparks city, Nevada",92177,44,74569,3229,2030,1183,1378,882,5247,1684,311,290,4268,1908,4374,1802,840,490,3534,1641
1600000US3268585,3268585,"Spring Valley CDP, Nevada",177162,8794,101025,5756,19259,4112,1200,534,34126,6147,1585,907,10823,3600,9144,2581,1562,941,7582,2651
1600000US3271400,3271400,"Sunrise Manor CDP, Nevada",190583,9919,117206,7935,23740,3923,2241,1276,12285,3300,1453,933,24129,5327,9529,2641,2043,830,7486,2371
1600000US3345140,3345140,"Manchester city, New Hampshire",110197,47,95680,2199,5275,1584,80,141,4039,1215,0,181,1977,968,3146,1384,589,568,2557,1334
1600000US3350260,3350260,"Nashua city, New Hampshire",86932,24,74678,2658,2241,1773,0,181,7118,1582,0,181,286,228,2609,1352,308,273,2301,1310
1600000US3410000,3410000,"Camden city, New Jersey",77235,52,8972,2394,39662,3395,675,597,1284,957,0,192,22468,3558,4174,1792,3139,1882,1035,792
1600000US3413690,3413690,"Clifton city, New Jersey",84722,27,65136,3852,3976,2162,484,486,7019,2146,0,192,6162,2693,1945,902,819,578,1126,647
1600000US3419390,3419390,"East Orange city, New Jersey",64275,31,2017,762,57184,1896,102,183,433,442,0,192,3866,1715,673,399,181,211,492,313
1600000US3421000,3421000,"Elizabeth city, New Jersey",126459,33,67565,4967,28860,3907,451,571,2019,1287,0,192,25050,4412,2514,964,1454,740,1060,674
1600000US3436000,3436000,"Jersey City city, New Jersey",254444,40,88488,5161,67085,3528,1459,918,61965,3829,25,43,29079,3742,6343,1651,1748,758,4595,1263
1600000US3451000,3451000,"Newark city, New Jersey",277718,53,63733,5002,137461,5280,1055,658,5954,2238,432,88,60311,5381,8772,2182,2707,1124,6065,1955
1600000US3456550,3456550,"Passaic city, New Jersey",70215,31,37638,4245,12150,2719,154,243,1382,770,0,192,15281,3640,3610,1476,458,322,3152,1409
1600000US3457000,3457000,"Paterson city, New Jersey",145236,56,65402,6228,46986,5827,329,336,5468,1990,0,192,12489,3218,14562,4306,1153,732,13409,4323
1600000US3473110,3473110,"Toms River CDP, New Jersey",88984,1040,82400,2023,2176,1090,0,192,3294,1439,0,192,432,342,682,373,0,192,682,373
1600000US3474000,3474000,"Trenton city, New Jersey",84492,56,31829,3483,44606,3533,99,124,828,758,0,192,5269,1871,1861,855,493,406,1368,762
1600000US3474630,3474630,"Union City city, New Jersey",67751,34,40427,3787,4417,1892,0,192,1853,988,0,192,18560,3591,2494,966,2160,963,334,318
1600000US3502000,3502000,"Albuquerque city, New Mexico",555419,47,384566,8621,18373,1867,23905,2010,14026,1439,665,560,90515,8961,23369,3184,8349,1800,15020,2792
1600000US3539380,3539380,"Las Cruces city, New Mexico",101053,32,87275,1826,1767,869,1982,928,2201,428,0,185,4806,1418,3022,1412,1690,1187,1332,800
1600000US3563460,3563460,"Rio Rancho city, New Mexico",90805,32,76364,3006,3040,323,1987,836,891,685,45,72,4906,2213,3572,1448,1065,872,2507,1115
1600000US3570500,3570500,"Santa Fe city, New Mexico",69211,33,59339,1972,829,416,1120,585,1019,384,0,185,5259,1699,1645,743,675,500,970,424
1600000US3601000,3601000,"Albany city, New York",97905,26,56811,2809,30691,2405,453,298,4536,1185,0,185,1384,922,4030,1725,725,490,3305,1538
1600000US3611000,3611000,"Buffalo city, New York",259386,32,128663,4389,95223,3526,1140,708,11733,1856,173,286,13519,2472,8935,1912,1569,929,7366,1807
1600000US3615000,3615000,"Cheektowaga CDP, New York",75599,1625,61740,3293,10265,2951,131,171,1190,873,0,185,1336,979,937,647,0,185,937,647
1600000US3649121,3649121,"Mount Vernon city, New York",67902,33,17721,2644,41590,2691,91,121,2200,1206,74,124,3837,1448,2389,1106,572,508,1817,950
1600000US3650617,3650617,"New Rochelle city, New York",78390,27,54525,3575,13985,2629,109,116,3048,1370,0,185,5405,2492,1318,641,202,219,1116,618
1600000US3651000,3651000,"New York city, New York",8336697,*****,3647131,22387,2058522,11830,30230,4255,1091449,6731,3548,2215,1251568,23057,254249,11580,94536,7219,159713,9000
1600000US3663000,3663000,"Rochester city, New York",210521,55,94990,4052,86386,4041,1151,952,8569,1921,0,185,11651,1822,7774,1634,1328,756,6446,1414
1600000US3665508,3665508,"Schenectady city, New York",66072,27,40055,1875,12881,1987,236,288,2898,997,0,185,4117,1919,5885,1874,1529,735,4356,1697
1600000US3673000,3673000,"Syracuse city, New York",144161,42,80011,2778,42015,2367,1962,931,8167,1088,50,81,3271,1202,8685,1767,2012,950,6673,1599
1600000US3684000,3684000,"Yonkers city, New York",198457,50,111061,6475,34889,4485,1248,1070,11791,2789,54,90,33673,6236,5741,1981,2417,1290,3324,1442
1600000US3702140,3702140,"Asheville city, North Carolina",85721,39,70482,1790,10697,1648,0,193,2084,519,0,193,843,692,1615,611,382,328,1233,559
1600000US3710740,3710740,"Cary town, North Carolina",145830,490,108123,4139,11968,2689,1199,566,18050,3068,162,255,2260,1492,4068,1264,165,124,3903,1276
1600000US3712000,3712000,"Charlotte city, North Carolina",775208,55,407772,7666,271441,5924,3597,1560,42313,2245,980,1513,27390,5073,21715,3783,1930,967,19785,3538
1600000US3714100,3714100,"Concord city, North Carolina",81976,31,62565,2655,15175,2521,87,105,2084,885,0,193,809,709,1256,602,74,91,1182,569
1600000US3719000,3719000,"Durham city, North Carolina",239320,34,117578,3833,95537,3084,1470,711,11417,994,388,656,4769,2300,8161,2664,1489,1164,6672,2233
1600000US3722920,3722920,"Fayetteville city, North Carolina",202105,39,93781,3274,82881,3573,2558,749,5265,1056,297,295,6665,1638,10658,1942,840,540,9818,1879
1600000US3725580,3725580,"Gastonia city, North Carolina",72735,53,46509,2148,19916,1717,140,195,1011,573,0,193,3000,1605,2159,1013,209,257,1950,996
1600000US3728000,3728000,"Greensboro city, North Carolina",277095,70,131026,5781,118409,5146,1161,596,12671,1980,65,111,8287,4120,5476,1856,634,452,4842,1702
1600000US3728080,3728080,"Greenville city, North Carolina",87248,34,48339,2865,34030,2863,334,369,2461,453,0,193,543,499,1541,952,694,813,847,471
1600000US3731400,3731400,"High Point city, North Carolina",108443,2552,61174,4050,34312,3096,974,845,8158,1925,0,193,1779,1229,2046,845,603,621,1443,534
1600000US3734200,3734200,"Jacksonville city, North Carolina",69221,26,43894,3118,16610,2744,252,203,1760,683,65,94,3456,1779,3184,1077,133,147,3051,1052
1600000US3755000,3755000,"Raleigh city, North Carolina",423743,670,255854,6970,126167,5625,883,479,20142,3485,79,96,12514,3825,8104,2211,1959,1566,6145,1745
1600000US3774440,3774440,"Wilmington city, North Carolina",109927,31,84603,2847,18980,2423,63,107,2359,637,0,193,1779,1284,2143,1166,156,155,1987,1131
1600000US3775000,3775000,"Winston-Salem city, North Carolina",234354,45,136932,3211,83870,2625,122,148,5192,1348,0,193,3396,1381,4842,1230,1559,827,3283,928
1600000US3825700,3825700,"Fargo city, North Dakota",109467,2946,97759,3323,3137,1256,1562,682,2473,969,19,40,657,450,3860,1476,694,616,3166,1327
1600000US3901000,3901000,"Akron city, Ohio",198551,32,124941,3712,59211,3729,381,295,4847,1250,47,80,375,262,8749,2340,322,296,8427,2375
1600000US3912000,3912000,"Canton city, Ohio",72684,26,50878,2467,14764,2126,617,580,659,527,0,182,261,218,5505,1598,0,182,5505,1598
1600000US3915000,3915000,"Cincinnati city, Ohio",296552,38,150005,5052,130712,4654,1116,560,5194,1343,0,182,2368,1034,7157,1658,398,343,6759,1648
1600000US3916000,3916000,"Cleveland city, Ohio",390923,47,150263,5705,210520,4835,1180,451,7403,1648,95,146,9354,2143,12108,2231,1850,883,10258,2035
1600000US3918000,3918000,"Columbus city, Ohio",809890,2805,500239,6584,225908,5236,2138,921,35453,3248,270,437,15557,4813,30325,3329,1957,954,28368,3313
1600000US3921000,3921000,"Dayton city, Ohio",141354,41,77228,3542,56668,3678,146,145,1351,577,0,182,1796,1306,4165,1907,255,222,3910,1893
1600000US3944856,3944856,"Lorain city, Ohio",63710,29,46849,2340,11158,2171,147,163,318,308,0,182,3077,1116,2161,1035,247,218,1914,1035
1600000US3961000,3961000,"Parma city, Ohio",80596,21,73921,2528,2506,1809,28,46,2166,998,0,182,1112,993,863,575,207,216,656,417
1600000US3977000,3977000,"Toledo city, Ohio",284022,47,183094,2800,77134,3042,1130,693,3038,822,0,182,7243,1487,12383,2324,3518,1297,8865,2020
1600000US3988000,3988000,"Youngstown city, Ohio",65387,33,30515,2008,29274,1833,623,819,885,621,0,182,1162,492,2928,1308,184,193,2744,1312
1600000US4009050,4009050,"Broken Arrow city, Oklahoma",103534,1667,79706,2502,4579,1838,4325,1022,4379,1301,26,66,2243,910,8276,1289,241,251,8035,1320
1600000US4023200,4023200,"Edmond city, Oklahoma",84871,59,70407,2762,4609,1620,2245,1054,3450,1266,122,218,1236,1006,2802,971,191,143,2611,955
1600000US4041850,4041850,"Lawton city, Oklahoma",98373,22,59450,1790,19772,1565,5698,1107,2486,708,650,228,2697,994,7620,1636,1286,684,6334,1753
1600000US4052500,4052500,"Norman city, Oklahoma",115563,28,94558,2611,4007,1451,4037,1458,4487,1287,71,82,537,383,7866,1673,327,430,7539,1575
1600000US4055000,4055000,"Oklahoma City city, Oklahoma",599309,270,404951,7509,84566,4831,17577,2369,24898,2299,0,149,23425,4171,43892,4228,1731,586,42161,4282
1600000US4075000,4075000,"Tulsa city, Oklahoma",394098,827,262157,4166,58472,2617,16341,1518,9987,1553,596,89,15815,1960,30730,2257,1476,483,29254,2181
1600000US4105350,4105350,"Beaverton city, Oregon",92677,34,65392,4213,1992,990,1306,1874,11823,2914,618,791,7587,3741,3959,1537,177,248,3782,1504
1600000US4105800,4105800,"Bend city, Oregon",79118,32,74503,1537,0,193,68,124,1316,566,35,58,1562,1280,1634,884,143,167,1491,863
1600000US4123850,4123850,"Eugene city, Oregon",157984,36,135505,2763,2519,880,968,566,6713,1116,492,346,4583,2118,7204,1805,999,823,6205,1581
1600000US4131250,4131250,"Gresham city, Oregon",108958,36,85066,4272,4795,2178,1128,582,5999,1700,400,482,5878,2837,5692,1998,179,209,5513,2005
1600000US4134100,4134100,"Hillsboro city, Oregon",95340,49,68861,3875,1349,1071,759,669,9646,2339,484,305,8925,3192,5316,1727,707,708,4609,1472
1600000US4147000,4147000,"Medford city, Oregon",76459,24,67613,2064,1062,733,750,445,1237,603,322,445,2269,1927,3206,1016,332,331,2874,1062
1600000US4159000,4159000,"Portland city, Oregon",603650,1589,475727,5582,36746,3174,3581,1009,42465,2440,4730,747,15218,4307,25183,3264,1244,687,23939,2973
1600000US4164900,4164900,"Salem city, Oregon",157425,41,128450,4112,1885,834,1381,744,5154,1204,2028,1406,11485,3460,7042,1966,1951,1356,5091,1348
1600000US4202000,4202000,"Allentown city, Pennsylvania",118974,23,73358,4646,16365,2437,390,464,1271,643,0,165,21726,3443,5864,1772,2464,1157,3400,1519
1600000US4206088,4206088,"Bethlehem city, Pennsylvania",75729,2985,60437,3688,5698,1937,63,116,1999,844,0,165,4443,2164,3089,1136,869,556,2220,1006
1600000US4224000,4224000,"Erie city, Pennsylvania",101040,32,73987,1830,16970,1596,730,598,2421,1051,19,34,2190,1400,4723,1461,798,651,3925,1352
1600000US4260000,4260000,"Philadelphia city, Pennsylvania",1547607,*****,637549,6175,667585,6171,5680,1603,99319,2377,5151,3704,87441,6915,44882,4980,8005,2314,36877,4594
1600000US4261000,4261000,"Pittsburgh city, Pennsylvania",306212,45,204589,5423,75220,4875,689,284,15299,2068,197,125,1068,498,9150,1756,736,546,8414,1647
1600000US4263624,4263624,"Reading city, Pennsylvania",88096,38,53193,4741,12157,2085,1314,996,1706,811,206,243,15858,3869,3662,1110,708,510,2954,1043
1600000US4269000,4269000,"Scranton city, Pennsylvania",75813,24,65040,1711,4856,1433,61,100,3394,715,30,64,702,571,1730,933,396,342,1334,853
1600000US4419180,4419180,"Cranston city, Rhode Island",80539,39,65547,2474,4369,1518,305,272,4929,1535,64,134,2615,1379,2710,1172,477,322,2233,1129
1600000US4454640,4454640,"Pawtucket city, Rhode Island",71174,35,48298,3401,10283,2339,209,238,1246,820,57,124,7969,2422,3112,1267,1093,603,2019,1099
1600000US4459000,4459000,"Providence city, Rhode Island",178438,45,91665,6187,30625,4132,2164,1197,11969,2284,25,48,33472,6042,8518,1754,2777,1035,5741,1660
1600000US4474300,4474300,"Warwick city, Rhode Island",81873,16,73239,1384,1628,472,182,265,3870,737,0,200,1782,1266,1172,605,37,66,1135,598
1600000US4513330,4513330,"Charleston city, South Carolina",125941,2294,91468,3689,29947,3241,134,185,1209,626,43,77,729,579,2411,899,70,82,2341,893
1600000US4516000,4516000,"Columbia city, South Carolina",131303,237,65433,3598,56840,3560,0,197,2752,847,158,164,2639,1512,3481,852,202,271,3279,823
1600000US4550875,4550875,"North Charleston city, South Carolina",102262,3275,47649,3571,46335,3539,289,320,2359,907,0,197,2572,1852,3058,1098,385,325,2673,1050
1600000US4561405,4561405,"Rock Hill city, South Carolina",68087,33,35432,3155,27944,3018,124,154,1117,669,0,197,1330,1606,2140,1141,0,197,2140,1141
1600000US4652980,4652980,"Rapid City city, South Dakota",69849,26,55790,988,926,846,6668,1933,1010,368,290,370,32,59,5133,1791,147,203,4986,1766
1600000US4659020,4659020,"Sioux Falls city, South Dakota",159992,2354,136845,2637,7408,875,5098,638,3741,273,0,147,4073,1354,2827,1137,562,779,2265,887
1600000US4714000,4714000,"Chattanooga city, Tennessee",171282,39,103821,3227,58559,3239,336,200,4227,1104,85,102,1540,1162,2714,1033,137,198,2577,1055
1600000US4715160,4715160,"Clarksville city, Tennessee",142517,23,94761,2208,32368,1978,985,476,3166,929,507,515,4026,1740,6704,1772,944,568,5760,1603
1600000US4740000,4740000,"Knoxville city, Tennessee",182196,34,139551,2727,34605,2481,325,271,2031,833,156,183,1431,1070,4097,1094,0,193,4097,1094
1600000US4748000,4748000,"Memphis city, Tennessee",655141,74,202136,7063,413365,6476,2069,1139,9516,1926,406,337,17394,4095,10255,2363,615,651,9640,2265
1600000US4751560,4751560,"Murfreesboro city, Tennessee",114044,39,87096,3371,17598,3161,111,194,4513,1435,363,472,70,123,4293,1267,386,355,3907,1239
1600000US4752006,4752006,"Nashville-Davidson metropolitan government (balance), Tennessee",623255,3155,377215,5497,178796,2389,1151,523,21226,1117,82,100,29715,4587,15070,2809,3204,1857,11866,2206
1600000US4801000,4801000,"Abilene city, Texas",118881,3636,94331,3774,12087,894,423,282,2428,395,0,206,6969,2053,2643,961,648,360,1995,827
1600000US4801924,4801924,"Allen city, Texas",89631,41,62460,5236,11433,4687,1032,845,9372,3040,0,206,2146,1255,3188,1444,838,640,2350,1249
1600000US4803000,4803000,"Amarillo city, Texas",195571,2313,161335,3103,12211,1440,1597,440,6303,653,804,866,7605,1853,5716,1771,992,550,4724,1612
1600000US4804000,4804000,"Arlington city, Texas",375598,51,258389,8923,72464,8269,1207,701,23724,4694,85,157,11152,3322,8577,2020,1776,877,6801,1788
1600000US4804462,4804462,"Atascocita CDP, Texas",67714,9571,44576,7618,19075,7124,184,197,1072,801,0,206,1295,930,1512,929,481,484,1031,795
1600000US4805000,4805000,"Austin city, Texas",842595,63,647851,8874,65431,5265,5272,2001,54084,3986,776,688,40539,6980,28642,3964,3311,929,25331,3923
1600000US4806128,4806128,"Baytown city, Texas",72044,1629,52339,4123,8492,2509,1208,1317,616,503,0,206,8229,2559,1160,930,401,544,759,722
1600000US4807000,4807000,"Beaumont city, Texas",118241,52,56595,3314,55840,3183,307,251,2140,1179,94,159,841,675,2424,1163,228,290,2196,1086
1600000US4810768,4810768,"Brownsville city, Texas",180077,76,164033,4269,973,499,139,192,1970,744,29,53,11550,4092,1383,855,1173,787,210,239
1600000US4810912,4810912,"Bryan city, Texas",78073,45,47932,3870,13646,2013,502,458,1860,910,0,206,12424,3570,1709,1165,443,397,1266,1124
1600000US4813024,4813024,"Carrollton city, Texas",125395,60,88560,4449,10607,2947,1182,751,15831,3150,100,131,4737,1764,4378,1826,819,477,3559,1884
1600000US4815976,4815976,"College Station city, Texas",97794,29,78127,2996,6357,2321,203,156,9209,1080,78,134,1311,725,2509,965,523,368,1986,861
1600000US4817000,4817000,"Corpus Christi city, Texas",312192,27,261050,5351,14644,1632,1594,512,5753,851,376,344,24096,4841,4679,1221,1907,796,2772,936
1600000US4819000,4819000,"Dallas city, Texas",1241108,86,738525,15419,309069,10347,2858,1152,40222,4702,915,692,124864,10751,24655,4110,6886,2095,17769,3360
1600000US4819972,4819972,"Denton city, Texas",121123,30,92845,5136,15268,5143,496,346,3985,1276,59,99,3435,2565,5035,1585,888,497,4147,1529
1600000US4822660,4822660,"Edinburg city, Texas",81033,29,74721,1668,964,449,680,634,1378,979,0,206,2785,1258,505,642,436,638,69,106
1600000US4824000,4824000,"El Paso city, Texas",672534,39,563281,9109,25380,2459,3785,1202,8582,1152,1066,189,55099,8475,15341,2492,5251,1449,10090,1861
1600000US4826232,4826232,"Flower Mound town, Texas",67808,319,57021,2792,3326,1825,469,397,4540,1655,0,206,785,663,1667,758,398,337,1269,667
1600000US4827000,4827000,"Fort Worth city, Texas",782027,4417,531430,11933,148245,9313,3094,1241,32330,5973,2004,885,45671,6258,19253,3751,3082,1191,16171,3543
1600000US4827684,4827684,"Frisco city, Texas",128171,48,95240,4796,7527,2272,616,437,17400,3703,0,206,1905,1332,5483,2502,717,431,4766,2511
1600000US4829000,4829000,"Garland city, Texas",233623,584,101637,7461,30920,6382,1234,1015,26646,4206,320,461,58420,6955,14446,3632,4905,2738,9541,2364
1600000US4830464,4830464,"Grand Prairie city, Texas",181791,51,120516,6987,38462,5929,883,593,9834,3213,0,206,8911,2476,3185,1188,1211,781,1974,916
1600000US4835000,4835000,"Houston city, Texas",2161686,2285,1247112,23460,508366,14160,8144,2303,141213,8133,1157,753,213603,18353,42091,5680,10891,2716,31200,5185
1600000US4837000,4837000,"Irving city, Texas",225427,43,104681,7252,31458,5520,2057,1674,35752,4744,0,206,46545,7188,4934,1720,1968,1233,2966,1209
1600000US4839148,4839148,"Killeen city, Texas",134662,45,64861,3660,49849,3176,573,412,4216,1163,1674,704,7377,2664,6112,1461,849,581,5263,1343
1600000US4841464,4841464,"Laredo city, Texas",244143,2889,229556,3673,329,318,570,403,2120,465,94,131,9925,2387,1549,838,944,735,605,334
1600000US4841980,4841980,"League City city, Texas",88679,1490,75053,3437,5645,2102,460,505,3974,1620,0,206,2012,1544,1535,906,0,206,1535,906
1600000US4842508,4842508,"Lewisville city, Texas",99763,1024,68104,3408,9754,2592,119,115,11626,3031,175,289,2525,1342,7460,2273,764,547,6696,2156
1600000US4843888,4843888,"Longview city, Texas",80831,783,56507,2201,17872,1889,320,351,1529,329,751,1120,1546,922,2306,929,694,474,1612,803
1600000US4845000,4845000,"Lubbock city, Texas",236060,29,183915,4323,18399,1522,666,421,5566,1042,525,681,19242,3759,7747,1860,2603,1079,5144,1496
1600000US4845384,4845384,"McAllen city, Texas",134729,42,114215,4198,642,561,818,1077,5317,1328,0,206,12365,3878,1372,922,273,247,1099,772
1600000US4845744,4845744,"McKinney city, Texas",143216,39,117866,5218,13794,4223,713,629,6328,2358,71,115,1421,1047,3023,1573,154,187,2869,1509
1600000US4847892,4847892,"Mesquite city, Texas",143484,652,102400,4793,30464,4285,405,341,3563,1279,0,206,3846,1538,2806,1650,1301,1106,1505,1241
1600000US4848072,4848072,"Midland city, Texas",119384,16,98725,2533,9781,904,224,366,1927,453,0,206,7231,2347,1496,819,769,681,727,381
1600000US4848804,4848804,"Missouri City city, Texas",67968,2359,19848,3327,27451,4199,176,289,11082,2844,0,206,5995,3314,3416,1741,647,563,2769,1635
1600000US4852356,4852356,"North Richland Hills city, Texas",65289,26,53771,4092,3766,2091,1130,1401,1890,1472,0,206,3944,3681,788,698,44,70,744,697
1600000US4853388,4853388,"Odessa city, Texas",106483,1238,90732,2228,6403,411,543,411,1521,402,0,206,4465,1644,2819,1124,680,473,2139,1086
1600000US4856000,4856000,"Pasadena city, Texas",152257,62,123367,5098,4891,2085,1602,1321,3839,2019,0,206,14443,4249,4115,1308,755,550,3360,1199
1600000US4856348,4856348,"Pearland city, Texas",96665,1431,57581,5433,17182,2994,380,579,8987,2821,0,206,9536,5330,2999,1385,352,372,2647,1425
1600000US4858016,4858016,"Plano city, Texas",270816,1101,193072,7073,19979,3944,449,302,45167,4827,133,153,3498,2064,8518,2014,974,625,7544,1972
1600000US4861796,4861796,"Richardson city, Texas",103268,105,69979,4159,9710,3687,521,497,13490,2610,55,106,6287,2682,3226,1825,455,328,2771,1787
1600000US4863500,4863500,"Round Rock city, Texas",105933,770,83094,4089,11686,2901,446,626,5811,1974,0,206,1323,755,3573,1326,277,318,3296,1323
1600000US4864472,4864472,"San Angelo city, Texas",99085,2176,86320,3036,5456,676,591,746,1459,324,0,206,2963,1544,2296,981,889,618,1407,705
1600000US4865000,4865000,"San Antonio city, Texas",1383194,440,1022508,15957,96310,5317,12033,3748,32699,3108,2582,1893,181406,13657,35656,4208,13382,2566,22274,3369
1600000US4870808,4870808,"Sugar Land city, Texas",82479,32,41680,4141,4995,2473,140,172,32567,3800,126,215,517,416,2454,1113,311,278,2143,1067
1600000US4872176,4872176,"Temple city, Texas",69147,29,52230,3035,11837,2722,222,265,1955,1203,216,414,1348,865,1339,700,314,299,1025,623
1600000US4872656,4872656,"The Woodlands CDP, Texas",103533,9408,92454,9529,797,498,233,282,4699,1836,0,206,2384,1508,2966,1411,659,603,2307,1254
1600000US4874144,4874144,"Tyler city, Texas",99321,36,70267,2775,21867,2502,396,400,1874,830,51,68,3161,1386,1705,815,646,564,1059,578
1600000US4876000,4876000,"Waco city, Texas",127003,61,86739,3437,25935,2051,610,520,2517,938,33,57,9024,3020,2145,918,881,551,1264,706
1600000US4879000,4879000,"Wichita Falls city, Texas",104557,27,82369,1502,12538,996,873,388,2278,331,48,89,2206,971,4245,989,250,185,3995,982
1600000US4943660,4943660,"Layton city, Utah",68684,42,59570,2420,877,628,559,692,2713,1558,651,610,2131,1666,2183,974,284,395,1899,946
1600000US4950150,4950150,"Millcreek CDP, Utah",66939,4635,59039,4782,969,597,418,384,3395,1428,1178,1407,706,562,1234,797,80,131,1154,779
1600000US4955980,4955980,"Ogden city, Utah",83799,29,64436,3087,2452,805,1112,639,1015,361,256,334,12342,3131,2186,1150,1027,717,1159,708
1600000US4957300,4957300,"Orem city, Utah",90754,26,81676,2082,574,347,517,533,1675,916,1388,1076,1163,713,3761,1384,1303,1037,2458,1005
1600000US4962470,4962470,"Provo city, Utah",115925,36,102933,2354,325,312,198,236,3367,1003,1614,717,4381,1991,3107,1177,151,162,2956,1155
1600000US4965330,4965330,"St. George city, Utah",75560,30,69736,1774,680,430,913,661,431,230,217,358,1951,1622,1632,722,0,181,1632,722
1600000US4967000,4967000,"Salt Lake City city, Utah",189311,36,136245,5842,6215,2017,1706,589,11696,2066,5131,2294,23943,5628,4375,1409,1079,654,3296,1101
1600000US4967440,4967440,"Sandy city, Utah",89348,36,81947,2013,416,512,138,171,2362,1228,43,71,2459,1506,1983,1070,274,240,1709,1054
1600000US4982950,4982950,"West Jordan city, Utah",108390,42,93761,4371,2879,2107,1301,1000,2101,1022,2708,2377,1521,933,4119,2180,295,207,3824,2199
1600000US4983470,4983470,"West Valley City city, Utah",132431,47,96155,4875,2422,1095,1561,896,5379,1725,3397,1464,19017,4881,4500,1566,326,263,4174,1567
1600000US5101000,5101000,"Alexandria city, Virginia",146294,*****,94618,2899,32065,2321,227,196,9688,847,0,192,4256,2414,5440,1787,559,539,4881,1610
1600000US5103000,5103000,"Arlington CDP, Virginia",221045,*****,160578,3298,19583,400,450,505,22006,1014,293,330,13146,3158,4989,1040,739,486,4250,1043
1600000US5114440,5114440,"Centreville CDP, Virginia",67202,5823,36438,4345,5001,1822,96,114,19065,3458,0,192,1222,906,5380,2659,1584,1402,3796,2264
1600000US5116000,5116000,"Chesapeake city, Virginia",228417,*****,143877,1654,67827,1349,681,362,7209,987,103,169,1833,1642,6887,1733,707,668,6180,1624
1600000US5121088,5121088,"Dale City CDP, Virginia",73534,6208,37376,4238,21581,4040,271,444,5833,2082,0,192,4763,3443,3710,1370,528,490,3182,1296
1600000US5135000,5135000,"Hampton city, Virginia",136836,*****,58445,819,69705,1320,652,435,3862,246,0,192,912,553,3260,1242,239,299,3021,1234
1600000US5147672,5147672,"Lynchburg city, Virginia",77113,*****,49237,584,21565,997,246,398,1732,341,0,192,831,494,3502,1312,1115,763,2387,1015
1600000US5156000,5156000,"Newport News city, Virginia",180726,*****,91747,1367,71199,1857,775,435,5015,880,209,248,3085,1215,8696,1929,125,130,8571,1938
1600000US5157000,5157000,"Norfolk city, Virginia",245782,*****,117707,1699,104236,2143,995,386,6662,952,492,766,5743,1886,9947,2069,629,434,9318,2036
1600000US5164000,5164000,"Portsmouth city, Virginia",96470,*****,39785,566,51722,1112,176,174,946,269,93,162,1028,834,2720,1060,341,316,2379,1031
1600000US5167000,5167000,"Richmond city, Virginia",210309,*****,91110,1678,103831,1389,1123,1060,3887,872,72,113,3263,1506,7023,2132,507,258,6516,2073
1600000US5168000,5168000,"Roanoke city, Virginia",97469,*****,62594,1126,26434,1673,792,1101,2104,42,68,110,268,333,5209,2028,766,987,4443,2040
1600000US5176432,5176432,"Suffolk city, Virginia",85181,*****,44969,548,35709,1337,105,102,1414,425,0,192,137,173,2847,1282,121,145,2726,1267
1600000US5182000,5182000,"Virginia Beach city, Virginia",447021,*****,303805,2504,86078,2603,976,456,28845,1309,347,394,6195,1512,20775,3236,2809,1239,17966,2908
1600000US5303180,5303180,"Auburn city, Washington",73165,1763,50474,3779,3450,1722,1536,963,5269,1763,415,499,5222,2352,6799,2375,1208,1376,5591,1824
1600000US5305210,5305210,"Bellevue city, Washington",126447,47,75486,3878,3282,1850,460,408,39275,3756,148,251,1550,1190,6246,2113,971,810,5275,1967
1600000US5305280,5305280,"Bellingham city, Washington",82234,27,71526,1992,669,434,1879,865,3422,1240,109,146,1109,1005,3520,1112,355,377,3165,1057
1600000US5322640,5322640,"Everett city, Washington",104643,52,76196,4373,5651,1836,864,752,9136,2351,1175,1046,2892,1880,8729,2279,818,843,7911,2021
1600000US5323515,5323515,"Federal Way city, Washington",91933,27,53376,4497,9248,2941,1563,944,10933,2722,1959,1302,7495,2931,7359,2199,966,839,6393,1952
1600000US5335275,5335275,"Kennewick city, Washington",75984,52,61224,3351,1396,1071,279,328,2148,1123,0,192,9330,2838,1607,859,272,290,1335,837
1600000US5335415,5335415,"Kent city, Washington",123005,44,68198,4748,14218,3644,764,780,18220,3352,5008,2433,8571,2917,8026,2084,1749,1333,6277,1679
1600000US5353545,5353545,"Pasco city, Washington",64029,3417,37511,3912,958,739,0,192,1702,974,75,131,22460,3737,1323,787,396,409,927,761
1600000US5357745,5357745,"Renton city, Washington",95422,93,53714,4972,12261,3419,294,290,22190,4420,1105,820,901,568,4957,1602,622,644,4335,1556
1600000US5363000,5363000,"Seattle city, Washington",634541,58,441308,8621,45715,4689,5103,1553,92535,6766,1327,845,10983,2741,37570,4574,2469,1093,35101,4317
1600000US5367000,5367000,"Spokane city, Washington",209504,76,183521,2807,4098,1131,3997,1520,6649,1781,470,475,2106,907,8663,1828,330,304,8333,1785
1600000US5367167,5367167,"Spokane Valley city, Washington",90638,30,80154,2540,2607,1976,1062,722,3340,1150,51,92,735,611,2689,1145,282,273,2407,1103
1600000US5370000,5370000,"Tacoma city, Washington",201999,58,127766,5593,21381,3205,3565,1191,16263,2578,2634,1685,9097,3842,21293,3610,2098,1155,19195,3624
1600000US5374060,5374060,"Vancouver city, Washington",165502,63,126688,3386,5302,1378,1361,644,12286,1870,3115,767,10575,2930,6175,1402,519,306,5656,1371
1600000US5380010,5380010,"Yakima city, Washington",93123,78,70038,4683,1124,586,768,477,2001,742,220,229,15819,4510,3153,1279,559,492,2594,1196
1600000US5502375,5502375,"Appleton city, Wisconsin",71898,1398,63041,2328,1402,736,639,448,3546,1465,86,151,2018,1202,1166,626,211,212,955,588
1600000US5522300,5522300,"Eau Claire city, Wisconsin",67186,916,62117,1375,790,362,194,223,2628,957,0,145,245,396,1212,639,59,76,1153,631
1600000US5531000,5531000,"Green Bay city, Wisconsin",104869,23,89415,2098,3390,1162,2820,1037,5122,1320,0,145,1844,1005,2278,855,274,287,2004,840
1600000US5539225,5539225,"Kenosha city, Wisconsin",100139,47,83955,1743,11220,1099,201,197,2005,522,37,66,1230,1061,1491,586,236,246,1255,497
1600000US5548000,5548000,"Madison city, Wisconsin",240315,47,189831,3504,19523,2856,1004,549,19814,2319,0,145,3055,1437,7088,1457,788,450,6300,1379
1600000US5553000,5553000,"Milwaukee city, Wisconsin",598920,39,274226,6177,238310,3775,3903,1038,21198,2749,88,105,40738,4637,20457,2823,2774,824,17683,2851
1600000US5560500,5560500,"Oshkosh city, Wisconsin",66647,29,61005,1621,2654,1159,323,167,1226,867,0,145,81,90,1358,753,0,145,1358,753
1600000US5566000,5566000,"Racine city, Wisconsin",78293,42,52309,2689,16584,1944,946,645,133,163,0,145,4749,2043,3572,1315,1096,672,2476,1171
1600000US5584250,5584250,"Waukesha city, Wisconsin",70914,34,60732,1815,3107,1303,216,177,2815,902,0,145,2013,1215,2031,1116,1108,1207,923,492
