GEO.id,GEO.id2,GEO.display-label,HD01_VD01,HD02_VD01,HD01_VD02,HD02_VD02,HD01_VD03,HD02_VD03,HD01_VD04,HD02_VD04,HD01_VD05,HD02_VD05,HD01_VD06,HD02_VD06,HD01_VD07,HD02_VD07,HD01_VD08,HD02_VD08,HD01_VD09,HD02_VD09,HD01_VD10,HD02_VD10
Id,Id2,Geography,Estimate; Total:,Margin of Error; Total:,Estimate; White alone,Margin of Error; White alone,Estimate; Black or African American alone,Margin of Error; Black or African American alone,Estimate; American Indian and Alaska Native alone,Margin of Error; American Indian and Alaska Native alone,Estimate; Asian alone,Margin of Error; Asian alone,Estimate; Native Hawaiian and Other Pacific Islander alone,Margin of Error; Native Hawaiian and Other Pacific Islander alone,Estimate; Some other race alone,Margin of Error; Some other race alone,Estimate; Two or more races:,Margin of Error; Two or more races:,Estimate; Two or more races: - Two races including Some other race,Margin of Error; Two or more races: - Two races including Some other race,"Estimate; Two or more races: - Two races excluding Some other race, and three or more races","Margin of Error; Two or more races: - Two races excluding Some other race, and three or more races"
1600000US0107000,0107000,"Birmingham city, Alabama",206215,8340,48149,5178,154492,6366,1164,851,1138,537,0,267,706,827,566,370,18,30,548,367
1600000US0121184,0121184,"Dothan city, Alabama",62837,2684,41650,2350,19197,1062,352,121,615,169,0,267,461,275,562,279,53,79,509,272
1600000US0135896,0135896,"Hoover city, Alabama",72625,6572,60518,5791,6521,2385,0,267,3980,1523,0,267,487,488,1119,598,0,267,1119,598
1600000US0137000,0137000,"Huntsville city, Alabama",167121,5428,107073,5158,50706,3659,292,175,4235,827,0,267,1231,887,3584,1379,162,183,3422,1356
1600000US0150000,0150000,"Mobile city, Alabama",189476,6735,88160,5055,94535,4553,61,99,3712,931,0,267,977,608,2031,960,45,84,1986,957
1600000US0151000,0151000,"Montgomery city, Alabama",200834,3084,82787,2422,112225,2453,182,233,2852,417,70,120,579,648,2139,854,201,250,1938,800
1600000US0177256,0177256,"Tuscaloosa city, Alabama",77430,4191,40934,2593,33961,3603,51,83,1969,525,0,267,0,267,515,365,258,264,257,229
1600000US0203000,0203000,"Anchorage municipality, Alaska",279671,*****,193075,2076,17642,1622,16053,1966,17293,1280,3087,462,9613,2418,22908,2884,708,464,22200,2790
1600000US0404720,0404720,"Avondale city, Arizona",68793,7677,46770,6554,4135,1867,703,793,3343,2301,0,292,10909,3101,2933,1747,357,332,2576,1753
1600000US0412000,0412000,"Chandler city, Arizona",227940,12177,177835,11308,10371,3309,3460,1753,17292,3813,970,534,11124,2875,6888,1855,2144,790,4744,1769
1600000US0427400,0427400,"Gilbert town, Arizona",195090,8977,164812,9156,6000,2262,1134,636,7620,2147,170,264,9647,3168,5707,2361,2912,1960,2795,1139
1600000US0427820,0427820,"Glendale city, Arizona",235940,12406,185968,12580,12489,3573,2380,1338,6510,1867,188,254,21195,4852,7210,1912,1491,902,5719,1748
1600000US0446000,0446000,"Mesa city, Arizona",479415,15865,409162,15784,11739,3161,9512,2998,8966,2235,549,433,30010,5325,9477,2564,4395,1950,5082,1695
1600000US0454050,0454050,"Peoria city, Arizona",152107,9336,130410,8485,6877,3059,1588,1151,3263,1814,0,292,5134,2419,4835,2309,1201,751,3634,2198
1600000US0455000,0455000,"Phoenix city, Arizona",1513777,21479,1135440,24348,80207,7276,28631,4335,40217,4147,2041,907,203358,14443,23883,3445,9947,2173,13936,2677
1600000US0465000,0465000,"Scottsdale city, Arizona",213877,10373,195503,9910,3631,1709,622,524,5309,1609,288,310,5122,2268,3402,1385,983,783,2419,1183
1600000US0471510,0471510,"Surprise city, Arizona",107832,7513,86512,6288,3403,1946,820,751,2178,909,79,130,11933,3976,2907,1159,1545,984,1362,585
1600000US0473000,0473000,"Tempe city, Arizona",168588,11060,132463,9532,8766,2859,5159,2645,10672,2863,545,506,4727,1507,6256,2583,420,385,5836,2540
1600000US0477000,0477000,"Tucson city, Arizona",519260,11881,339271,11453,21441,3004,11724,2401,14802,1955,617,428,114818,8377,16587,3161,5988,1443,10599,2772
1600000US0485540,0485540,"Yuma city, Arizona",99285,6017,70738,5429,2548,607,563,336,1187,448,135,227,21561,4671,2553,859,1106,612,1447,658
1600000US0523290,0523290,"Fayetteville city, Arkansas",69161,5071,57576,4170,4505,1467,586,425,2068,1094,0,267,2555,2559,1871,910,113,185,1758,908
1600000US0524550,0524550,"Fort Smith city, Arkansas",83000,4423,63012,4511,7229,821,594,453,4408,204,0,267,4076,1699,3681,1193,139,221,3542,1124
1600000US0541000,0541000,"Little Rock city, Arkansas",198196,6216,102054,4559,86159,5042,1032,646,4195,1251,0,267,1062,863,3694,1823,594,667,3100,1610
1600000US0566080,0566080,"Springdale city, Arkansas",65161,5331,43591,5169,1195,1538,615,558,1910,1093,1362,267,14306,3121,2182,1066,789,748,1393,779
1600000US0600562,0600562,"Alameda city, California",75642,6407,38241,4164,3897,1555,320,330,26836,5180,0,292,1786,880,4562,1418,122,144,4440,1416
1600000US0600884,0600884,"Alhambra city, California",88393,7561,18714,3611,1026,668,321,311,47413,5717,260,304,19610,5445,1049,544,528,450,521,338
1600000US0602000,0602000,"Anaheim city, California",342856,16199,222471,14246,6847,1948,1213,554,42511,4752,1166,902,59760,8448,8888,2229,3226,1300,5662,1670
1600000US0602252,0602252,"Antioch city, California",104426,7963,49180,6100,20332,4696,863,768,7501,2752,711,1057,19647,5724,6192,2847,1146,692,5046,2621
1600000US0602364,0602364,"Apple Valley town, California",69835,7377,42373,5794,6823,2875,1418,1260,1099,814,101,127,15177,4328,2844,1334,209,220,2635,1314
1600000US0602553,0602553,"Arden-Arcade CDP, California",88615,5410,66492,5283,6864,2456,761,509,3835,1327,1390,1480,4181,1472,5092,1617,635,498,4457,1587
1600000US0603526,0603526,"Bakersfield city, California",324540,11127,184720,11485,26710,3005,2215,865,17646,2184,317,267,80472,8903,12460,2937,6320,2246,6140,1636
1600000US0603666,0603666,"Baldwin Park city, California",76945,8390,20348,4176,806,725,329,367,9875,2825,0,292,43810,7488,1777,1331,362,371,1415,1259
1600000US0604982,0604982,"Bellflower city, California",69477,7658,27191,5146,7254,2984,312,312,12701,4024,358,497,19878,5354,1783,975,324,329,1459,882
1600000US0606000,0606000,"Berkeley city, California",111680,5974,70830,4826,11662,2789,207,155,19574,3201,68,112,4127,1776,5212,1628,351,253,4861,1598
1600000US0608786,0608786,"Buena Park city, California",85992,8490,33153,4670,5356,2452,1010,775,17950,3482,61,103,26012,6746,2450,1013,1272,821,1178,516
1600000US0608954,0608954,"Burbank city, California",96972,7251,69126,5799,3386,1601,199,215,9953,2810,338,325,11328,3077,2642,1143,868,759,1774,916
1600000US0611194,0611194,"Carlsbad city, California",95796,7106,81296,6701,630,773,190,189,7146,1696,0,292,3908,2311,2626,1082,110,130,2516,1076
1600000US0611530,0611530,"Carson city, California",98731,10328,27323,5680,31414,5528,866,829,23589,5029,4165,2687,8122,2885,3252,1144,1091,740,2161,956
1600000US0613014,0613014,"Chico city, California",83460,4963,69389,4260,1265,656,668,404,3002,1607,73,130,3904,1814,5159,1432,1598,749,3561,1197
1600000US0613210,0613210,"Chino city, California",83914,8228,43244,5947,6246,2017,512,369,2900,1168,35,57,28736,7239,2241,1103,1318,735,923,737
1600000US0613214,0613214,"Chino Hills city, California",78212,7873,44624,7017,2728,1161,187,233,18251,3341,92,155,10370,3716,1960,1188,1283,957,677,683
1600000US0613392,0613392,"Chula Vista city, California",227336,11597,118802,9215,7731,2285,1148,620,37534,6014,2294,1311,48187,6684,11640,2426,3309,1066,8331,1955
1600000US0613588,0613588,"Citrus Heights city, California",88576,7880,74049,7118,3166,1863,225,220,3371,1121,116,218,6043,2540,1606,829,165,163,1441,812
1600000US0614218,0614218,"Clovis city, California",92987,7419,64152,5597,2342,1695,701,396,6008,2401,302,299,14960,3239,4522,1744,2137,1309,2385,1068
1600000US0615044,0615044,"Compton city, California",100037,9928,35791,7404,31054,4750,447,565,143,232,560,578,29577,5485,2465,1602,1509,1296,956,935
1600000US0616000,0616000,"Concord city, California",124300,8089,81098,6881,3778,2020,244,254,11992,2470,707,669,19004,5345,7477,2870,702,547,6775,2828
1600000US0616350,0616350,"Corona city, California",156394,11341,97065,9441,10549,3322,1197,726,11651,2924,616,641,27698,5943,7618,2478,2957,1340,4661,1998
1600000US0616532,0616532,"Costa Mesa city, California",114057,8421,82443,6856,1732,680,412,381,9557,2979,126,207,17414,4833,2373,971,359,266,2014,918
1600000US0617918,0617918,"Daly City city, California",104752,7752,33705,5931,3517,1374,171,197,52451,5965,2036,2820,8515,3491,4357,1887,1711,1287,2646,1143
1600000US0619766,0619766,"Downey city, California",109920,11536,71545,8976,2066,867,321,322,4916,1792,113,160,29034,6664,1925,964,1616,879,309,401
1600000US0620802,0620802,"East Los Angeles CDP, California",122506,11810,89220,11934,635,806,571,479,723,504,0,292,30099,4663,1258,931,1209,903,49,81
1600000US0621712,0621712,"El Cajon city, California",97964,7993,69928,7131,5930,2905,836,616,3584,1428,2185,1683,11873,3733,3628,1139,875,546,2753,1051
1600000US0622020,0622020,"Elk Grove city, California",138072,9718,65157,7175,14699,3610,192,247,32699,5645,1166,1088,18811,5205,5348,1404,484,444,4864,1369
1600000US0622230,0622230,"El Monte city, California",113308,9809,38070,7163,1282,979,272,233,28651,5067,27,47,43569,6259,1437,733,1028,593,409,415
1600000US0622804,0622804,"Escondido city, California",128819,8744,93544,7515,3286,1787,1295,956,6437,2290,531,712,20536,4784,3190,1086,1113,610,2077,883
1600000US0623182,0623182,"Fairfield city, California",111007,7979,49625,5402,22373,4114,621,502,15890,2907,581,476,15627,4653,6290,1817,1604,1171,4686,1347
1600000US0624638,0624638,"Folsom city, California",74795,5299,53739,4820,5248,934,354,445,9667,2930,0,292,4719,949,1068,682,93,109,975,655
1600000US0624680,0624680,"Fontana city, California",193716,11369,102206,10732,20877,4440,1154,714,13925,4410,1545,1433,45952,9112,8057,2647,4048,2273,4009,1638
1600000US0626000,0626000,"Fremont city, California",214957,10482,80730,8320,5779,1802,855,420,103476,7458,2605,1521,13110,3722,8402,2070,1017,621,7385,1990
1600000US0627000,0627000,"Fresno city, California",476460,11446,255936,11311,37716,2727,5443,1667,56377,4358,569,436,102279,8400,18140,3124,6043,1536,12097,2904
1600000US0628000,0628000,"Fullerton city, California",126955,8303,64285,5167,4332,1891,608,463,26862,4126,321,337,28392,6000,2155,713,178,224,1977,659
1600000US0629000,0629000,"Garden Grove city, California",145923,13426,57814,5387,667,375,1977,1040,45598,6392,651,672,36687,11035,2529,1035,1257,742,1272,713
1600000US0630000,0630000,"Glendale city, California",200859,10101,141772,9862,4819,2161,1309,949,33332,6402,237,231,17220,4375,2170,1031,765,688,1405,819
1600000US0632548,0632548,"Hawthorne city, California",92321,9239,39496,7142,26784,4097,86,101,5286,2121,0,292,19021,4688,1648,956,317,317,1331,896
1600000US0633000,0633000,"Hayward city, California",129885,8203,44728,6037,17586,3867,1375,999,29246,5272,3839,1644,28079,5566,5032,1640,1396,958,3636,1380
1600000US0633182,0633182,"Hemet city, California",77001,7235,54241,5944,1854,921,1514,1201,3000,2547,778,1253,12158,4093,3456,1699,584,874,2872,1481
1600000US0633434,0633434,"Hesperia city, California",90312,8245,64290,7097,4838,2660,1764,1933,1556,1189,0,292,15429,4236,2435,969,992,711,1443,698
1600000US0636000,0636000,"Huntington Beach city, California",188056,10437,145579,8886,1693,847,673,413,19651,3655,1407,1505,13432,4307,5621,1598,736,508,4885,1427
1600000US0636448,0636448,"Indio city, California",70791,7026,52077,6833,2227,1170,184,188,356,327,0,292,14290,3097,1657,1069,470,350,1187,934
1600000US0636546,0636546,"Inglewood city, California",106581,9709,15590,2966,44631,4568,823,906,2751,1012,0,292,40348,7403,2438,1496,1075,1210,1363,868
1600000US0636770,0636770,"Irvine city, California",205813,8408,110963,7085,4970,1961,203,190,76882,6852,1149,1188,6297,1983,5349,1353,1061,586,4288,1362
1600000US0639496,0639496,"Lake Forest city, California",78130,8483,47120,4040,2077,1326,181,176,9214,2607,68,93,17108,7381,2362,1305,753,607,1609,932
1600000US0639892,0639892,"Lakewood city, California",89289,7840,45383,4843,6719,3368,1701,1403,14314,3666,1002,802,16676,5134,3494,1072,972,611,2522,928
1600000US0640130,0640130,"Lancaster city, California",155902,11940,83027,8582,28255,5388,864,736,7341,2385,509,660,29697,6287,6209,1754,1869,986,4340,1437
1600000US0641992,0641992,"Livermore city, California",79213,6366,59145,5216,1595,1430,347,388,6447,2171,168,284,7327,3520,4184,1712,1501,1003,2683,1201
1600000US0643000,0643000,"Long Beach city, California",458302,18630,193486,11170,63496,7905,3078,939,64667,8889,3032,2073,113214,12045,17329,3123,4374,1672,12955,2667
1600000US0644000,0644000,"Los Angeles city, California",3806003,43027,1886443,35488,382009,13829,17852,2665,396319,15464,6024,1723,999812,29788,117544,9155,54518,6661,63026,5629
1600000US0644574,0644574,"Lynwood city, California",69537,6745,23910,5142,6876,1959,378,375,39,64,222,323,36489,5274,1623,1144,1370,1086,253,357
1600000US0646898,0646898,"Merced city, California",73224,6075,29464,3503,5590,1285,531,800,8061,2351,350,378,26473,5117,2755,1077,1085,689,1670,729
1600000US0647766,0647766,"Milpitas city, California",66494,5593,15890,2788,2626,1400,378,454,40309,4507,233,322,4892,2349,2166,1245,768,699,1398,1028
1600000US0648256,0648256,"Mission Viejo city, California",92673,5823,73082,5258,1020,657,845,642,9240,1983,186,255,5731,2785,2569,895,635,426,1934,765
1600000US0648354,0648354,"Modesto city, California",198456,10352,149913,8663,5915,1896,1915,852,11833,2970,740,659,20072,5429,8068,2251,1973,841,6095,2277
1600000US0649270,0649270,"Moreno Valley city, California",190990,11306,66923,6843,32522,6523,522,448,7388,2292,1324,1309,77256,10929,5055,1638,2430,1390,2625,1046
1600000US0649670,0649670,"Mountain View city, California",70000,5467,43317,4300,825,453,47,83,17416,3447,86,143,6236,3161,2073,859,142,167,1931,830
1600000US0650076,0650076,"Murrieta city, California",89885,7722,66085,6583,6419,2371,597,530,7024,2389,112,142,5721,2161,3927,1887,1559,1380,2368,1040
1600000US0650258,0650258,"Napa city, California",71664,4183,65054,4277,187,199,729,360,548,278,177,210,3948,2102,1021,489,405,376,616,324
1600000US0651182,0651182,"Newport Beach city, California",89125,5726,79202,5901,1375,995,185,185,6177,2172,80,130,946,610,1160,578,0,292,1160,578
1600000US0652526,0652526,"Norwalk city, California",112001,10988,66791,9099,5935,2930,1060,785,17045,4290,0,292,18429,4355,2741,1342,1364,1042,1377,853
1600000US0653000,0653000,"Oakland city, California",358829,13801,142540,9290,113292,5813,1288,524,49908,6507,1326,828,38591,5212,11884,2492,1344,477,10540,2413
1600000US0653322,0653322,"Oceanside city, California",168814,9661,108078,6630,9121,1994,1031,489,13730,3462,678,504,28291,5712,7885,1951,3267,1318,4618,1305
1600000US0653896,0653896,"Ontario city, California",156027,11593,61071,6606,13271,4085,541,405,6403,2497,52,92,66863,10230,7826,2351,4262,1719,3564,1626
1600000US0653980,0653980,"Orange city, California",142097,11764,88497,8645,3038,1378,1310,1124,14549,3300,40,66,31934,8474,2729,1250,1693,1111,1036,655
1600000US0654652,0654652,"Oxnard city, California",167412,8354,86616,8260,5407,1560,2833,1814,18802,4047,504,358,49066,7824,4184,1588,2055,1161,2129,979
1600000US0655156,0655156,"Palmdale city, California",132266,10047,51115,6709,19409,4948,864,562,5921,2805,0,292,48546,8497,6411,2756,2310,1354,4101,1988
1600000US0656000,0656000,"Pasadena city, California",136936,9751,74124,7088,15317,3612,380,335,14250,2984,0,292,28963,6030,3902,1407,1169,869,2733,1060
1600000US0657792,0657792,"Pleasanton city, California",69348,5983,44783,4490,2317,1554,424,433,17241,4332,0,292,2011,1054,2572,1053,148,176,2424,1039
1600000US0658072,0658072,"Pomona city, California",142111,11043,40423,5795,12833,3524,974,638,9472,2672,252,413,71572,10004,6585,2092,3771,1754,2814,1125
1600000US0659451,0659451,"Rancho Cucamonga city, California",157777,12011,94972,8543,12965,3697,1768,1627,15242,3632,1019,921,22027,5523,9784,3084,4548,2072,5236,2204
1600000US0659920,0659920,"Redding city, California",87130,5302,77256,5197,683,733,2710,1154,2333,1195,0,292,1939,1133,2209,1038,59,98,2150,1022
1600000US0659962,0659962,"Redlands city, California",73539,8059,50304,5975,4285,2599,1035,773,4632,2385,117,192,9741,3296,3425,1645,1140,1187,2285,1183
1600000US0660018,0660018,"Redondo Beach city, California",70948,6838,57808,6635,774,546,211,237,7863,2657,99,173,1594,849,2599,1026,240,293,2359,992
1600000US0660102,0660102,"Redwood City city, California",69559,5891,54023,5599,2731,1252,68,115,6897,1840,709,1033,3396,1378,1735,683,319,382,1416,590
1600000US0660466,0660466,"Rialto city, California",108969,9628,63623,9065,15239,4609,1466,1496,3752,1539,108,192,19416,5341,5365,2518,2336,1935,3029,1580
1600000US0660620,0660620,"Richmond city, California",97279,9020,32337,6029,26608,4713,0,292,17330,3309,64,120,18304,4824,2636,1157,317,312,2319,1085
1600000US0662000,0662000,"Riverside city, California",316154,14637,192183,12872,18215,3823,2338,1027,19202,3328,342,411,66977,10635,16897,4104,10434,3959,6463,1871
1600000US0662938,0662938,"Roseville city, California",114958,6578,94580,6307,2771,985,490,371,8033,2184,48,67,4823,1729,4213,1343,461,344,3752,1451
1600000US0664000,0664000,"Sacramento city, California",451404,15995,225330,11893,62406,7291,4451,2368,83891,6278,5971,1781,44123,7012,25232,3369,4368,1314,20864,3263
1600000US0664224,0664224,"Salinas city, California",140499,8046,72331,6195,2893,1082,511,398,8728,2252,88,180,53484,7590,2464,1024,836,489,1628,845
1600000US0665000,0665000,"San Bernardino city, California",203691,11585,84491,6637,33136,4548,2259,1434,9425,3035,535,455,67292,8577,6553,2291,3028,1792,3525,1239
1600000US0665042,0665042,"San Buenaventura (Ventura) city, California",105673,6800,71333,4932,1340,622,1341,755,2482,1114,879,742,22195,6303,6103,2392,2043,1663,4060,1437
1600000US0666000,0666000,"San Diego city, California",1276740,22810,859649,21577,85159,6524,6526,1546,189625,8493,3931,1796,83637,8798,48213,6022,9796,2160,38417,5625
1600000US0667000,0667000,"San Francisco city, California",764976,*****,419636,5511,51103,1156,2843,1632,240532,2605,2956,925,25987,4304,21919,2913,3667,1237,18252,2656
1600000US0668000,0668000,"San Jose city, California",922389,16294,471129,14463,28054,3586,5565,2200,276681,9559,4466,1366,104503,10593,31991,3383,7915,1761,24076,3002
1600000US0668084,0668084,"San Leandro city, California",96186,9192,48418,6996,12393,3860,634,651,27220,5592,212,266,4251,1766,3058,1842,543,534,2515,1683
1600000US0668196,0668196,"San Marcos city, California",75217,7344,57045,6853,2138,1167,370,370,3769,1497,369,432,9757,3786,1769,1190,0,292,1769,1190
1600000US0668252,0668252,"San Mateo city, California",91461,5967,59878,5079,2346,1235,273,317,20731,3471,705,1103,3796,1589,3732,1135,599,445,3133,1041
1600000US0669000,0669000,"Santa Ana city, California",327780,14085,137413,13722,3446,1455,741,446,30417,5484,1407,1487,149417,13513,4939,1679,3337,1478,1602,745
1600000US0669070,0669070,"Santa Barbara city, California",89959,6453,69036,6322,1476,709,257,222,3537,1139,58,98,12835,3397,2760,891,1012,553,1748,844
1600000US0669084,0669084,"Santa Clara city, California",105591,6451,47738,3844,1928,891,441,514,42541,5674,1340,1164,8149,2967,3454,1392,1204,784,2250,1160
1600000US0669088,0669088,"Santa Clarita city, California",177740,13076,113396,8036,4715,1730,879,617,11192,3101,565,715,33575,7887,13418,3626,4190,1496,9228,3131
1600000US0669196,0669196,"Santa Maria city, California",86160,6581,64188,6066,886,500,291,273,3527,1709,151,187,14009,3309,3108,1257,1841,983,1267,835
1600000US0670000,0670000,"Santa Monica city, California",86857,6317,67989,5429,1747,831,193,306,9814,2720,86,138,4610,2186,2418,849,173,166,2245,805
1600000US0670098,0670098,"Santa Rosa city, California",147516,8276,108978,6896,2300,961,1358,780,7944,1741,70,121,19155,4564,7711,1700,1558,693,6153,1565
1600000US0672016,0672016,"Simi Valley city, California",127053,8047,92009,5872,2047,1228,607,594,8678,2588,0,292,20359,5732,3353,911,1381,749,1972,675
1600000US0673080,0673080,"South Gate city, California",104031,8719,57459,6539,301,306,652,459,479,431,0,292,44443,4812,697,440,432,339,265,288
1600000US0675000,0675000,"Stockton city, California",295070,10999,125419,8759,36058,3112,2278,1095,63296,4047,1223,862,52027,7356,14769,3150,5431,2111,9338,2368
1600000US0677000,0677000,"Sunnyvale city, California",135548,8627,62117,6111,3692,1714,488,347,53895,5372,211,293,9399,4882,5746,1653,872,520,4874,1683
1600000US0678120,0678120,"Temecula city, California",93743,8318,68288,6989,2133,1200,1039,749,8674,2647,354,550,10170,3720,3085,1283,616,373,2469,1318
1600000US0678582,0678582,"Thousand Oaks city, California",128519,7821,106818,7076,1276,838,389,363,10015,2484,130,268,6892,3483,2999,1217,924,769,2075,893
1600000US0680000,0680000,"Torrance city, California",143628,8316,77555,6984,3707,1529,131,154,42170,5267,705,1025,12070,4110,7290,1779,1836,947,5454,1568
1600000US0680238,0680238,"Tracy city, California",82383,6540,38295,4523,7169,2309,694,737,10918,2979,163,210,19657,5237,5487,1890,2023,929,3464,1657
1600000US0680812,0680812,"Turlock city, California",69330,6246,50769,5533,2114,1619,686,748,3781,2521,204,229,10221,3405,1555,688,264,275,1291,648
1600000US0680854,0680854,"Tustin city, California",63524,6624,38647,5213,829,700,844,735,12040,3552,0,292,9969,2819,1195,671,549,547,646,362
1600000US0681204,0681204,"Union City city, California",73212,6373,23914,4586,4587,2308,74,87,34020,4866,470,688,8148,3789,1999,768,481,401,1518,760
1600000US0681344,0681344,"Upland city, California",78260,9002,46124,6538,4987,3120,177,213,7797,2606,120,181,12900,4372,6155,2809,3459,2022,2696,1981
1600000US0681554,0681554,"Vacaville city, California",93795,6076,65685,5331,10016,2925,471,295,5884,1737,1095,859,6623,1956,4021,1536,786,617,3235,1285
1600000US0681666,0681666,"Vallejo city, California",106608,6297,38225,4058,22485,3831,1455,763,26335,3471,1487,837,10067,3005,6554,2620,2023,1541,4531,1783
1600000US0682590,0682590,"Victorville city, California",97534,9214,62840,8607,14763,4328,1474,1052,3103,1424,138,139,10656,3145,4560,1620,1041,742,3519,1344
1600000US0682954,0682954,"Visalia city, California",115899,8732,94496,9050,2363,1008,1396,877,5114,1839,0,292,8251,2452,4279,1250,1435,795,2844,1067
1600000US0682996,0682996,"Vista city, California",97977,10065,62149,7536,3980,2051,237,271,3468,1397,299,332,22966,6842,4878,2240,940,541,3938,2234
1600000US0684200,0684200,"West Covina city, California",103154,8704,37534,5155,3317,1963,120,141,25335,4848,71,121,33671,6340,3106,1441,2414,1385,692,384
1600000US0684550,0684550,"Westminster city, California",91994,6606,38555,5684,1817,1470,169,220,47463,6841,0,292,2784,1171,1206,798,303,229,903,744
1600000US0685292,0685292,"Whittier city, California",82755,8684,47558,6401,826,561,1196,1629,2219,967,224,354,28957,6119,1775,1061,1369,858,406,384
1600000US0686832,0686832,"Yorba Linda city, California",57550,4415,44176,4281,867,561,845,711,8144,2048,64,112,1424,666,2030,1115,834,771,1196,842
1600000US0803455,0803455,"Arvada city, Colorado",108506,5944,96116,5746,865,519,645,325,2689,1207,0,275,5944,2146,2247,992,233,181,2014,938
1600000US0804000,0804000,"Aurora city, Colorado",310413,8814,214809,8134,46962,4492,1541,1023,15073,2768,366,507,24237,4748,7425,1960,1171,670,6254,1679
1600000US0807850,0807850,"Boulder city, Colorado",92569,4492,84506,4029,250,283,85,107,3516,1164,0,275,2190,1126,2022,791,193,163,1829,767
1600000US0812815,0812815,"Centennial city, Colorado",102175,4584,87285,4856,4075,1536,552,500,4790,1434,0,275,2531,1487,2942,1410,640,433,2302,1183
1600000US0816000,0816000,"Colorado Springs city, Colorado",389490,7523,303605,8012,26302,2748,2692,1038,11446,1740,742,472,26715,4664,17988,2956,1905,845,16083,2913
1600000US0820000,0820000,"Denver city, Colorado",588349,*****,449435,7344,57923,1221,6119,1281,19860,775,581,485,41558,6717,12873,2382,3703,1471,9170,1890
1600000US0827425,0827425,"Fort Collins city, Colorado",135717,6393,119720,5897,2301,1055,173,199,4106,1103,0,275,5374,2077,4043,1054,990,699,3053,920
1600000US0832155,0832155,"Greeley city, Colorado",90005,6149,70852,6161,568,489,806,503,1675,679,381,563,12957,3394,2766,1481,1448,1097,1318,1033
1600000US0836410,0836410,"Highlands Ranch CDP, Colorado",94418,5279,84414,4911,1693,1121,329,339,4439,1436,0,275,987,689,2556,1192,880,638,1676,885
1600000US0843000,0843000,"Lakewood city, Colorado",137390,6099,115556,5811,3127,1352,1316,558,5576,1925,120,173,9021,2768,2674,1096,1065,518,1609,972
1600000US0845970,0845970,"Longmont city, Colorado",87326,4683,72147,5124,463,451,257,288,2901,1177,72,113,9813,2742,1673,1019,476,462,1197,864
1600000US0862000,0862000,"Pueblo city, Colorado",102390,4343,79584,4276,2595,784,2656,1780,739,297,100,171,13447,2761,3269,1090,1271,741,1998,885
1600000US0877290,0877290,"Thornton city, Colorado",110594,7208,88163,6246,2026,1161,1114,842,5266,1344,0,275,10015,2815,4010,1995,2305,1868,1705,818
1600000US0883835,0883835,"Westminster city, Colorado",106520,7774,87678,7252,1064,620,425,340,4467,1906,120,113,8290,3448,4476,1557,1565,901,2911,1367
1600000US0908000,0908000,"Bridgeport city, Connecticut",130973,8854,66638,6819,40268,5028,63,104,4469,2171,0,273,18045,4429,1490,751,745,524,745,468
1600000US0918430,0918430,"Danbury city, Connecticut",76657,6093,58318,4912,5709,1748,97,173,5067,2027,0,273,5768,2702,1698,1148,348,223,1350,1102
1600000US0937000,0937000,"Hartford city, Connecticut",117249,7222,30699,3988,43627,4616,243,310,2429,1019,0,273,37047,5175,3204,1511,700,472,2504,1372
1600000US0950370,0950370,"New Britain city, Connecticut",64115,5962,49050,5728,7812,2530,0,273,1785,1116,38,63,3139,1180,2291,915,597,457,1694,802
1600000US0952000,0952000,"New Haven city, Connecticut",123475,7396,58842,5051,42888,4812,184,187,6538,1745,0,273,11405,2728,3618,1206,912,549,2706,910
1600000US0955990,0955990,"Norwalk city, Connecticut",81137,6575,58392,5355,12915,3242,696,828,2797,1297,0,273,5339,2743,998,573,0,273,998,573
1600000US0973000,0973000,"Stamford city, Connecticut",118200,7578,70764,4854,17108,4464,169,282,7144,1901,0,273,20485,6000,2530,1028,938,729,1592,618
1600000US0980000,0980000,"Waterbury city, Connecticut",116502,7852,72078,6229,23585,4323,361,389,3137,1721,415,661,10767,2977,6159,2013,1719,1060,4440,1809
1600000US1077580,1077580,"Wilmington city, Delaware",69801,5021,26946,3142,39776,4592,304,439,662,425,0,261,1269,650,844,574,0,261,844,574
1600000US1150000,1150000,"Washington city, District of Columbia",588292,*****,210332,3230,321646,1629,1172,460,18066,1198,0,300,27591,3508,9485,1674,1231,621,8254,1589
1600000US1207875,1207875,"Boynton Beach city, Florida",66033,6978,38276,3800,17995,5213,106,161,1868,1223,0,303,7172,4745,616,364,152,175,464,317
1600000US1208150,1208150,"Brandon CDP, Florida",90470,6561,71993,6144,8959,2854,171,162,2736,1577,0,303,2867,1043,3744,1365,559,411,3185,1330
1600000US1210275,1210275,"Cape Coral city, Florida",149748,9087,135897,7968,5226,2149,572,471,882,414,51,87,4452,1837,2668,1567,1296,877,1372,1353
1600000US1212875,1212875,"Clearwater city, Florida",107430,7673,90796,7118,9745,3502,291,242,416,422,985,1542,4034,2121,1163,686,238,299,925,589
1600000US1214400,1214400,"Coral Springs city, Florida",120808,8548,92032,7954,16228,4198,257,286,5988,2477,0,303,3922,1535,2381,1115,627,529,1754,991
1600000US1216475,1216475,"Davie town, Florida",98018,7169,82791,7066,5804,2600,309,469,3642,1894,0,303,4389,1946,1083,659,492,460,591,578
1600000US1216725,1216725,"Deerfield Beach city, Florida",77591,8175,55741,6532,15769,5216,0,303,1418,982,601,763,2735,1677,1327,1062,49,77,1278,1059
1600000US1217200,1217200,"Deltona city, Florida",86602,7224,68058,6463,7351,3056,227,285,1849,1154,0,303,6989,1938,2128,1247,1314,865,814,643
1600000US1224000,1224000,"Fort Lauderdale city, Florida",166776,11327,100343,8754,54418,7544,554,468,3886,1969,0,303,6064,2043,1511,790,51,86,1460,768
1600000US1225175,1225175,"Gainesville city, Florida",111223,5216,75601,3575,25546,3221,554,342,5195,1630,130,162,1578,886,2619,1237,241,333,2378,1207
1600000US1230000,1230000,"Hialeah city, Florida",215692,11492,199038,11650,6460,2314,0,303,417,511,0,303,7906,2448,1871,1029,1247,722,624,703
1600000US1232000,1232000,"Hollywood city, Florida",139258,8751,103035,7444,21210,4405,755,474,3235,1952,0,303,6670,2755,4353,1902,1030,842,3323,1782
1600000US1235000,1235000,"Jacksonville city, Florida",808526,3845,505745,4410,244678,3047,1908,591,26985,1786,684,184,13885,2647,14641,2637,1715,872,12926,2491
1600000US1236100,1236100,"Kendall CDP, Florida",81139,7128,73051,6813,3494,1477,0,303,1339,668,0,303,2440,990,815,534,319,358,496,376
1600000US1238250,1238250,"Lakeland city, Florida",91947,6797,69297,4538,14383,3974,102,158,1146,736,0,303,5177,2412,1842,782,1119,708,723,482
1600000US1239425,1239425,"Largo city, Florida",74909,6091,64102,4945,5549,2742,408,575,1281,788,0,303,1936,1358,1633,917,180,212,1453,860
1600000US1239550,1239550,"Lauderhill city, Florida",67118,7393,15820,3220,46193,6837,0,303,336,282,0,303,3426,2089,1343,696,305,301,1038,637
1600000US1239925,1239925,"Lehigh Acres CDP, Florida",68925,5449,49077,4735,10170,3076,67,116,2432,1401,0,303,5615,1977,1564,815,577,445,987,738
1600000US1243975,1243975,"Melbourne city, Florida",70150,4247,58736,4266,5710,1826,91,164,2467,808,0,303,1677,923,1469,864,48,85,1421,864
1600000US1245000,1245000,"Miami city, Florida",348827,14004,250758,11809,80231,8400,580,387,2787,1440,0,303,9364,2248,5107,1510,2614,1057,2493,1254
1600000US1245025,1245025,"Miami Beach city, Florida",75017,7225,65306,7151,1739,1096,0,303,785,429,200,333,5786,2180,1201,567,278,291,923,478
1600000US1245060,1245060,"Miami Gardens city, Florida",112259,11758,18861,4310,87888,11067,45,75,407,351,0,303,4544,2521,514,358,42,69,472,350
1600000US1245975,1245975,"Miramar city, Florida",120144,10719,46729,6425,51520,7371,332,426,5154,2136,0,303,8902,3382,7507,3416,1160,906,6347,3166
1600000US1253000,1253000,"Orlando city, Florida",223801,9832,128419,9069,63676,6520,807,585,5176,1687,54,91,20495,4670,5174,1696,2054,1134,3120,1299
1600000US1254000,1254000,"Palm Bay city, Florida",102153,7432,73400,6197,19569,4476,953,745,2011,922,0,303,4125,2256,2095,931,581,456,1514,766
1600000US1254200,1254200,"Palm Coast city, Florida",71409,2877,59226,2914,8680,587,100,170,1744,319,48,87,1015,648,596,455,0,303,596,455
1600000US1255775,1255775,"Pembroke Pines city, Florida",164839,11055,108994,8658,30607,6799,82,95,7833,3067,48,80,12348,4087,4927,2344,1233,842,3694,2198
1600000US1257425,1257425,"Plantation city, Florida",87414,5987,60857,5375,16131,4421,203,265,2915,1292,215,314,3475,2026,3618,1968,353,403,3265,1835
1600000US1258050,1258050,"Pompano Beach city, Florida",103611,9301,65411,5008,28847,6624,0,303,1115,1033,0,303,4598,2779,3640,2347,832,795,2808,2054
1600000US1258715,1258715,"Port St. Lucie city, Florida",152384,5360,121507,5438,21159,3502,683,399,3725,771,0,303,2699,1125,2611,1113,841,527,1770,921
1600000US1263000,1263000,"St. Petersburg city, Florida",236605,8390,161326,6252,59915,4751,485,333,7436,2303,0,303,3924,2154,3519,1162,490,360,3029,1097
1600000US1268350,1268350,"Spring Hill CDP, Florida",96940,4586,87821,3936,4275,1764,0,303,1575,604,0,303,1706,1230,1563,881,751,617,812,635
1600000US1269700,1269700,"Sunrise city, Florida",84829,7803,47024,5766,23219,5464,312,413,1909,1277,102,188,9796,3653,2467,1272,773,532,1694,1212
1600000US1270600,1270600,"Tallahassee city, Florida",161929,4657,93788,3553,56751,4165,360,346,5108,1079,0,303,2446,1029,3476,974,503,476,2973,933
1600000US1271000,1271000,"Tampa city, Florida",334093,13036,218592,10307,87780,7905,491,267,11999,2630,187,220,9649,2871,5395,1574,1402,613,3993,1361
1600000US1272145,1272145,"Town 'n' Country CDP, Florida",72830,7175,55231,6640,8518,2942,59,97,2520,1027,0,303,5401,2381,1101,593,83,145,1018,619
1600000US1276582,1276582,"Weston city, Florida",64781,6944,54849,6063,2014,1515,0,303,4712,2809,0,303,1836,1071,1370,955,461,753,909,676
1600000US1276600,1276600,"West Palm Beach city, Florida",88525,6227,44573,3711,27814,3842,63,83,2305,1260,0,303,13050,4484,720,372,368,371,352,282
1600000US1301052,1301052,"Albany city, Georgia",75481,2417,22074,1794,50331,2313,483,641,393,508,0,296,547,341,1653,1153,153,143,1500,1147
1600000US1303440,1303440,"Athens-Clarke County unified government (balance), Georgia",112672,421,75757,1325,29829,908,0,296,4317,198,29,49,2097,1043,643,352,0,296,643,352
1600000US1304000,1304000,"Atlanta city, Georgia",432511,11089,162739,6771,248958,10408,879,466,9043,1916,0,296,4757,2136,6135,1576,436,320,5699,1541
1600000US1304204,1304204,"Augusta-Richmond County consolidated government (balance), Georgia",191615,2402,81543,2403,100360,1734,616,338,3378,269,196,226,1558,663,3964,1352,323,278,3641,1307
1600000US1319000,1319000,"Columbus city, Georgia",187046,*****,89001,774,86553,787,781,337,3684,692,0,296,3217,995,3810,1118,697,540,3113,1094
1600000US1349000,1349000,"Macon city, Georgia",91047,4583,25429,2506,62688,3626,292,424,900,839,0,296,1433,1440,305,305,0,296,305,305
1600000US1349756,1349756,"Marietta city, Georgia",59667,7401,28634,3931,17303,3594,0,296,2523,1780,0,296,9690,3876,1517,855,294,307,1223,824
1600000US1367284,1367284,"Roswell city, Georgia",109942,8300,92762,8435,9023,2781,76,123,2840,1511,219,367,3904,2742,1118,795,67,112,1051,761
1600000US1368516,1368516,"Sandy Springs city, Georgia",109321,8784,78657,6156,17432,3640,58,107,4573,2078,0,296,7107,3770,1494,913,0,296,1494,913
1600000US1369000,1369000,"Savannah city, Georgia",121779,6873,46391,3930,70421,4524,251,223,1676,788,0,296,1362,824,1678,927,165,284,1513,884
1600000US1517000,1517000,"Honolulu CDP, Hawaii",352725,11124,73466,5436,5781,2396,792,384,197908,8005,22647,4253,3678,1425,48453,5629,815,534,47638,5517
1600000US1608830,1608830,"Boise City city, Idaho",203548,7540,188726,7615,2871,1390,1159,702,4421,1078,769,464,1765,925,3837,1215,294,310,3543,1167
1600000US1656260,1656260,"Nampa city, Idaho",83219,5190,75693,5053,952,810,668,597,382,478,303,505,3077,1465,2144,860,409,340,1735,772
1600000US1702154,1702154,"Arlington Heights village, Illinois",79041,5310,69489,5432,234,178,0,265,5546,2276,0,265,2127,2332,1645,1185,186,240,1459,1121
1600000US1703012,1703012,"Aurora city, Illinois",185646,10466,119966,9351,17074,4100,202,194,11202,3389,0,265,32610,6034,4592,1964,2462,1712,2130,1190
1600000US1706613,1706613,"Bloomington city, Illinois",72974,3510,57756,3392,8247,1385,71,72,3594,620,0,265,1152,920,2154,1155,0,265,2154,1155
1600000US1707133,1707133,"Bolingbrook village, Illinois",69806,7021,38586,5017,16078,3858,67,113,7437,2010,0,265,5442,3263,2196,1374,413,443,1783,1279
1600000US1712385,1712385,"Champaign city, Illinois",76061,3967,54254,3770,13084,2075,0,265,7404,1483,0,265,424,290,895,443,204,241,691,394
1600000US1714000,1714000,"Chicago city, Illinois",2737996,31591,1012608,19580,955603,15960,5471,1525,134163,8762,1268,769,582473,21033,46410,5551,18956,3897,27454,3449
1600000US1714351,1714351,"Cicero town, Illinois",90642,9042,20889,3855,3494,1751,179,223,833,919,0,265,63029,8987,2218,1468,1233,1001,985,1059
1600000US1718823,1718823,"Decatur city, Illinois",71602,2804,52331,2885,15011,1366,49,81,904,271,0,265,424,313,2883,1389,295,256,2588,1372
1600000US1723074,1723074,"Elgin city, Illinois",103607,8565,62214,6567,7501,2657,0,265,6130,1870,0,265,25663,6216,2099,1497,768,657,1331,1328
1600000US1724582,1724582,"Evanston city, Illinois",66600,4831,46954,3931,11957,3108,40,69,4360,1080,0,265,1942,802,1347,571,285,233,1062,515
1600000US1738570,1738570,"Joliet city, Illinois",146219,8775,97611,7941,22948,4162,87,110,1437,904,0,265,20728,3887,3408,1868,349,270,3059,1837
1600000US1751622,1751622,"Naperville city, Illinois",145757,7603,118158,7657,6259,3154,411,405,16656,2855,0,265,2845,1765,1428,818,515,606,913,530
1600000US1757225,1757225,"Palatine village, Illinois",67020,5657,50554,4669,2099,1712,0,265,9788,2899,0,265,2463,2139,2116,1251,189,243,1927,1264
1600000US1759000,1759000,"Peoria city, Illinois",113824,3472,74743,3273,28524,2170,101,127,3654,606,150,187,2458,932,4194,1783,199,160,3995,1787
1600000US1765000,1765000,"Rockford city, Illinois",146371,5070,105332,5150,29253,1905,704,440,2455,1196,323,383,5387,1904,2917,943,283,318,2634,963
1600000US1768003,1768003,"Schaumburg village, Illinois",69269,6324,51035,5030,4307,2537,47,77,8170,2225,0,265,4508,3138,1202,1014,175,288,1027,972
1600000US1770122,1770122,"Skokie village, Illinois",65993,6118,44736,6444,4480,2420,0,265,14105,3266,0,265,1486,990,1186,543,203,260,983,451
1600000US1772000,1772000,"Springfield city, Illinois",113916,3876,88466,3722,19066,1150,176,176,2533,417,0,265,984,769,2691,1041,228,375,2463,978
1600000US1779293,1779293,"Waukegan city, Illinois",85027,7387,39400,5464,17269,3342,130,195,4139,1679,0,265,22972,6282,1117,623,522,407,595,463
1600000US1805860,1805860,"Bloomington city, Indiana",78380,2980,67701,2831,3602,979,134,151,5093,1185,0,265,526,416,1324,654,237,273,1087,548
1600000US1822000,1822000,"Evansville city, Indiana",110211,3769,92451,3919,13344,1354,62,103,1504,718,0,265,960,886,1890,823,54,90,1836,823
1600000US1825000,1825000,"Fort Wayne city, Indiana",250284,5240,189632,5084,37876,2404,599,379,5037,1208,0,265,9162,2146,7978,1803,993,621,6985,1635
1600000US1831000,1831000,"Hammond city, Indiana",77735,6350,36503,3620,17316,4066,561,448,1099,671,0,265,20082,4108,2174,839,669,462,1505,729
1600000US1836003,1836003,"Indianapolis city (balance), Indiana",793010,6889,526887,6435,202061,4556,1911,831,13346,1560,415,424,31236,3792,17154,2985,1530,894,15624,2760
1600000US1851876,1851876,"Muncie city, Indiana",62414,2996,51757,3030,8191,871,188,145,431,293,0,265,79,136,1768,795,43,79,1725,790
1600000US1871000,1871000,"South Bend city, Indiana",97945,4933,60476,4836,25708,2144,50,94,2074,1219,47,77,5189,1852,4401,1744,891,935,3510,1524
1600000US1912000,1912000,"Cedar Rapids city, Iowa",128324,4129,115819,4046,6166,1134,166,229,2061,803,69,113,1041,752,3002,1121,495,507,2507,941
1600000US1919000,1919000,"Davenport city, Iowa",99084,3753,79909,3500,10365,1157,281,234,2267,758,0,226,3077,1264,3185,1291,386,429,2799,1220
1600000US1921000,1921000,"Des Moines city, Iowa",190976,6645,147716,6223,17515,1959,940,537,6639,1589,0,226,14399,2812,3767,1256,415,389,3352,1146
1600000US1938595,1938595,"Iowa City city, Iowa",67076,2958,57788,3022,3561,937,0,226,3898,782,0,226,880,514,949,662,0,226,949,662
1600000US1973335,1973335,"Sioux City city, Iowa",85236,1945,72231,2892,2921,587,1065,313,2720,69,0,226,4873,1959,1426,949,496,727,930,614
1600000US1982425,1982425,"Waterloo city, Iowa",63399,3510,51217,3449,8935,1259,0,226,464,430,417,643,1631,796,735,518,42,73,693,506
1600000US2036000,2036000,"Kansas City city, Kansas",139866,3050,78668,4280,40494,1346,932,365,2741,82,0,242,15517,3158,1514,698,552,535,962,422
1600000US2038900,2038900,"Lawrence city, Kansas",89158,2677,75438,2506,4081,779,2458,487,4063,641,0,242,448,408,2670,912,412,392,2258,915
1600000US2052575,2052575,"Olathe city, Kansas",118423,5651,97878,4443,6350,1911,1706,1427,6086,1397,129,162,2900,2003,3374,1347,768,614,2606,1078
1600000US2053775,2053775,"Overland Park city, Kansas",161909,6716,141196,5788,5441,2099,323,250,6997,1477,0,242,3454,1925,4498,1389,229,230,4269,1339
1600000US2071000,2071000,"Topeka city, Kansas",122630,2814,92957,2942,14696,1507,664,427,1928,497,0,242,8322,1315,4063,1457,1374,782,2689,1161
1600000US2079000,2079000,"Wichita city, Kansas",361016,6152,262965,5418,39971,2571,3030,1129,16653,1294,0,242,24092,3709,14305,2928,2803,1184,11502,2634
1600000US2146027,2146027,"Lexington-Fayette urban county, Kentucky",279044,*****,218322,2101,39735,935,69,109,8620,558,46,77,8755,2144,3497,1357,441,424,3056,1159
1600000US2148006,2148006,"Louisville/Jefferson County metro government (balance), Kentucky",561398,5932,410849,6106,124437,3669,659,325,9786,1508,666,634,5099,1998,9902,2052,1400,752,8502,1907
1600000US2205000,2205000,"Baton Rouge city, Louisiana",231037,8445,91982,5412,126761,5941,336,401,5961,1555,214,353,900,586,4883,2340,244,213,4639,2308
1600000US2239475,2239475,"Kenner city, Louisiana",65897,6916,40553,4551,18778,4659,96,165,2458,1368,0,269,2849,1341,1163,928,154,238,1009,886
1600000US2240735,2240735,"Lafayette city, Louisiana",114495,5983,75627,4318,34310,3726,167,198,2316,681,0,269,797,640,1278,1280,0,269,1278,1280
1600000US2250115,2250115,"Metairie CDP, Louisiana",130060,8250,107562,5790,11538,3551,269,237,4921,1540,197,313,1958,1018,3615,2959,73,123,3542,2950
1600000US2255000,2255000,"New Orleans city, Louisiana",239124,*****,79633,1595,145000,1248,168,185,7133,451,104,103,3952,1424,3134,1461,1194,1258,1940,817
1600000US2270000,2270000,"Shreveport city, Louisiana",200031,4831,85344,3805,106521,2940,747,451,2226,483,0,269,2309,1109,2884,825,418,497,2466,742
1600000US2404000,2404000,"Baltimore city, Maryland",637455,*****,203790,2119,404696,2171,1552,498,12424,651,260,273,5252,1984,9481,2464,1069,710,8412,2397
1600000US2419125,2419125,"Columbia CDP, Maryland",93266,5064,58196,4289,20946,3835,231,231,7687,1810,0,281,1214,767,4992,1561,536,590,4456,1482
1600000US2472450,2472450,"Silver Spring CDP, Maryland",74527,6295,32350,3380,18551,3942,69,109,6212,2605,160,229,15265,4472,1920,910,255,188,1665,882
1600000US2507000,2507000,"Boston city, Massachusetts",613117,8338,340669,7279,137667,4741,2494,922,52732,1568,657,662,60875,6937,18023,3773,2743,944,15280,3607
1600000US2509000,2509000,"Brockton city, Massachusetts",95157,6679,51357,5983,31715,2823,99,151,2934,1425,0,281,6816,2368,2236,1150,638,463,1598,1172
1600000US2511000,2511000,"Cambridge city, Massachusetts",95736,5881,63342,4510,13649,3342,342,331,12892,2393,0,281,2262,1420,3249,1222,142,172,3107,1195
1600000US2523000,2523000,"Fall River city, Massachusetts",86499,6272,79161,5551,1694,1135,170,215,1636,1483,0,281,1220,688,2618,1286,123,210,2495,1248
1600000US2524960,2524960,"Framingham CDP, Massachusetts",64176,4942,45439,4044,2353,862,0,281,4045,1413,0,281,11542,3911,797,587,200,262,597,529
1600000US2534550,2534550,"Lawrence city, Massachusetts",68915,5433,17458,2418,1888,1198,98,163,2950,1712,0,281,45023,5248,1498,834,803,600,695,497
1600000US2537000,2537000,"Lowell city, Massachusetts",98663,7169,59214,5324,3664,1230,411,305,19666,3713,53,93,12849,3694,2806,1549,1286,973,1520,1157
1600000US2537490,2537490,"Lynn city, Massachusetts",87605,7257,55643,5883,13866,2908,36,63,3196,1793,0,281,12067,3431,2797,1542,156,184,2641,1527
1600000US2545000,2545000,"New Bedford city, Massachusetts",91870,7166,74465,6429,5508,1610,182,216,1454,1095,0,281,7058,2161,3203,1055,1197,572,2006,849
1600000US2545560,2545560,"Newton city, Massachusetts",100129,6321,81222,5287,5063,1801,0,281,7362,2587,197,230,3416,2306,2869,1664,50,85,2819,1669
1600000US2555745,2555745,"Quincy city, Massachusetts",83597,6454,59526,5621,4111,2230,0,281,17231,3638,256,410,917,730,1556,840,0,281,1556,840
1600000US2562535,2562535,"Somerville city, Massachusetts",72097,6735,54928,5923,3863,1519,115,135,6877,2206,0,281,5132,3324,1182,752,289,462,893,526
1600000US2567000,2567000,"Springfield city, Massachusetts",149455,6404,76645,4846,33708,1657,539,482,4307,1302,0,281,30704,4423,3552,1297,1456,751,2096,986
1600000US2582000,2582000,"Worcester city, Massachusetts",173599,10658,137714,9425,13739,2833,330,311,8927,2340,352,424,9698,2378,2839,1046,1418,832,1421,575
1600000US2603000,2603000,"Ann Arbor city, Michigan",116168,5154,83241,5148,10195,2295,163,160,18166,2168,80,147,1230,553,3093,953,271,228,2822,957
1600000US2613110,2613110,"Canton CDP, Michigan",89353,6756,65691,5754,7198,2260,624,489,13029,2559,0,237,1075,1058,1736,1337,147,248,1589,1314
1600000US2616510,2616510,"Clinton CDP, Michigan",101765,7077,86939,6775,10015,3277,213,342,1872,1256,0,237,514,408,2212,937,87,104,2125,923
1600000US2621000,2621000,"Dearborn city, Michigan",100394,7176,93530,6955,3652,1557,29,49,1877,976,0,237,421,320,885,606,194,201,691,567
1600000US2622000,2622000,"Detroit city, Michigan",808327,12146,86299,7542,668544,10253,1260,748,9791,2938,57,93,30969,5453,11407,2369,1963,942,9444,2248
1600000US2627440,2627440,"Farmington Hills city, Michigan",83117,5291,60306,3956,13378,3343,215,177,7798,2070,0,237,211,263,1209,830,68,113,1141,822
1600000US2629000,2629000,"Flint city, Michigan",104867,6016,44766,4441,54719,4299,293,333,143,178,46,74,1991,1180,2909,937,145,241,2764,913
1600000US2634000,2634000,"Grand Rapids city, Michigan",192252,6024,123612,5939,37399,3114,311,231,4042,1346,131,211,22574,4182,4183,1400,1138,765,3045,1062
1600000US2642160,2642160,"Kalamazoo city, Michigan",68966,4019,48645,3438,15137,2202,66,73,1328,759,0,237,1890,1394,1900,833,124,203,1776,806
1600000US2646000,2646000,"Lansing city, Michigan",118123,4281,75737,4409,25239,2205,374,241,4749,1549,40,70,5436,2457,6548,1965,864,616,5684,1696
1600000US2649000,2649000,"Livonia city, Michigan",102455,5268,94984,5101,2363,1016,160,267,3387,1251,0,237,703,558,858,740,54,91,804,734
1600000US2665440,2665440,"Pontiac city, Michigan",60372,5591,19394,2912,30113,4652,774,1098,1028,783,0,237,4849,2249,4214,2131,392,540,3822,1951
1600000US2669035,2669035,"Rochester Hills city, Michigan",73217,3979,60482,3747,2864,1585,52,86,9072,1922,0,237,286,266,461,309,0,237,461,309
1600000US2672818,2672818,"Shelby CDP, Michigan",73429,5038,69645,4798,1556,1064,105,167,643,497,0,237,370,332,1110,1043,694,964,416,298
1600000US2674900,2674900,"Southfield city, Michigan",73642,5654,22683,3258,47021,4826,143,174,1142,485,0,237,676,604,1977,841,205,273,1772,817
1600000US2676460,2676460,"Sterling Heights city, Michigan",131584,6467,113746,6032,4550,2040,125,139,11741,2716,0,237,878,678,544,379,106,132,438,358
1600000US2680700,2680700,"Troy city, Michigan",85296,5538,64602,4904,3770,2029,474,316,15521,3296,0,237,391,349,538,371,86,138,452,349
1600000US2684000,2684000,"Warren city, Michigan",126000,6105,107560,5349,10802,3148,919,486,3970,1680,0,237,363,403,2386,1056,50,82,2336,1042
1600000US2684220,2684220,"Waterford CDP, Michigan",74277,4939,68708,4547,3291,1862,111,151,217,187,0,237,488,335,1462,798,0,237,1462,798
1600000US2686000,2686000,"Westland city, Michigan",88313,6958,69386,5920,13438,3056,66,78,2739,1606,0,237,630,488,2054,945,419,579,1635,723
1600000US2688940,2688940,"Wyoming city, Michigan",74738,5725,61063,5163,4929,2409,32,56,2353,1080,0,237,4459,2001,1902,928,224,243,1678,899
1600000US2706616,2706616,"Bloomington city, Minnesota",82659,4869,68560,3879,5712,1678,437,405,4662,1807,0,211,2434,2037,854,502,0,211,854,502
1600000US2707966,2707966,"Brooklyn Park city, Minnesota",73466,6421,43656,5344,19670,3828,85,139,7643,2846,0,211,502,492,1910,912,0,211,1910,912
1600000US2717000,2717000,"Duluth city, Minnesota",84987,3278,79013,3198,1245,494,1681,519,1183,440,0,211,0,211,1865,680,128,207,1737,653
1600000US2743000,2743000,"Minneapolis city, Minnesota",351184,9501,245780,7250,61090,4715,4917,1730,17653,3385,0,211,9348,2802,12396,2452,890,543,11506,2369
1600000US2751730,2751730,"Plymouth city, Minnesota",72078,4215,61853,4137,2592,1163,280,380,5431,1938,0,211,252,214,1670,987,0,211,1670,987
1600000US2754880,2754880,"Rochester city, Minnesota",96212,2869,83952,2657,4233,1020,321,270,5915,1001,0,211,335,229,1456,694,0,211,1456,694
1600000US2756896,2756896,"St. Cloud city, Minnesota",64555,3840,57036,3197,3175,797,308,189,2734,1022,0,211,454,294,848,449,210,229,638,393
1600000US2758000,2758000,"St. Paul city, Minnesota",266258,7573,178358,6031,36409,3809,2286,757,31368,3322,0,211,7428,2946,10409,2774,999,541,9410,2584
1600000US2829700,2829700,"Gulfport city, Mississippi",67264,6248,40292,4832,23518,3745,439,325,376,640,0,289,948,576,1691,887,354,368,1337,809
1600000US2836000,2836000,"Jackson city, Mississippi",178784,4357,37186,2765,138576,3486,46,76,272,210,0,289,2239,815,465,428,0,289,465,428
1600000US2915670,2915670,"Columbia city, Missouri",92937,4259,74156,3520,9055,1719,929,776,5010,468,0,255,1241,620,2546,1091,37,67,2509,1085
1600000US2935000,2935000,"Independence city, Missouri",110741,7198,98944,6271,4910,2879,321,296,884,692,121,194,3689,1867,1872,923,765,743,1107,628
1600000US2938000,2938000,"Kansas City city, Missouri",437657,10489,276344,9460,127350,5929,1133,587,7325,1927,1148,781,13584,3111,10773,2178,1222,999,9551,2106
1600000US2941348,2941348,"Lee's Summit city, Missouri",88745,6181,77743,5612,6302,2319,455,408,1895,1194,66,110,264,284,2020,943,393,490,1627,1061
1600000US2954074,2954074,"O'Fallon city, Missouri",70625,4749,65069,4305,2649,1092,123,170,1853,963,0,255,232,138,699,548,52,86,647,541
1600000US2964550,2964550,"St. Joseph city, Missouri",72101,2610,64910,2689,2668,746,356,252,538,142,0,255,949,527,2680,908,246,243,2434,832
1600000US2965000,2965000,"St. Louis city, Missouri",350759,*****,162889,1329,170274,2203,1007,471,6836,826,0,255,2507,1267,7246,2214,142,191,7104,2218
1600000US2970000,2970000,"Springfield city, Missouri",157216,5153,142684,5329,5879,1008,439,216,2404,632,190,213,2408,1167,3212,1079,261,283,2951,1045
1600000US3006550,3006550,"Billings city, Montana",96588,3537,85982,3643,1959,1099,4390,1261,646,583,0,233,2126,1077,1485,740,0,233,1485,740
1600000US3050200,3050200,"Missoula city, Montana",66231,3049,61311,2874,242,397,901,525,592,406,541,595,0,233,2644,879,81,133,2563,866
1600000US3128000,3128000,"Lincoln city, Nebraska",250693,2412,224942,2616,7359,1025,1109,397,8049,796,259,341,2239,1088,6736,1280,476,503,6260,1201
1600000US3137000,3137000,"Omaha city, Nebraska",374344,5685,287811,5898,50663,2623,1627,775,6886,1417,434,240,17003,2899,9920,2184,903,640,9017,2206
1600000US3223770,3223770,"Enterprise CDP, Nevada",77500,7278,50715,6779,4892,1562,785,470,12703,3678,675,636,6158,2787,1572,831,471,356,1101,760
1600000US3231900,3231900,"Henderson city, Nevada",247160,11404,202810,9547,10651,3197,1068,850,15607,3648,947,682,9681,2992,6396,2225,1023,591,5373,2156
1600000US3240000,3240000,"Las Vegas city, Nevada",562582,20621,387764,17181,60679,6185,4309,1719,25762,3996,2275,1259,59385,8277,22408,3673,3505,1110,18903,3450
1600000US3251800,3251800,"North Las Vegas city, Nevada",206780,11635,129422,9587,39593,5177,1853,1221,15000,3498,1186,884,12881,3175,6845,1995,854,582,5991,1817
1600000US3254600,3254600,"Paradise CDP, Nevada",194586,11198,141545,10259,13871,2267,1514,811,16082,2817,2337,1070,14751,3823,4486,1358,468,559,4018,1216
1600000US3260600,3260600,"Reno city, Nevada",206869,7233,158180,7218,5674,1441,2392,1226,12240,1704,1730,632,20527,5007,6126,2075,527,681,5599,2068
1600000US3268400,3268400,"Sparks city, Nevada",80394,6342,66637,6133,1310,664,261,266,3236,1410,139,189,7841,3595,970,644,174,202,796,590
1600000US3268585,3268585,"Spring Valley CDP, Nevada",161132,9728,107898,7719,14966,3864,899,698,24381,3476,480,683,9628,3565,2880,1023,361,359,2519,988
1600000US3271400,3271400,"Sunrise Manor CDP, Nevada",194580,12173,129411,9967,22041,3855,1010,610,11879,3533,2140,1732,20599,4581,7500,1995,923,513,6577,1907
1600000US3345140,3345140,"Manchester city, New Hampshire",108354,5785,97733,6096,3902,1913,112,205,1374,962,0,253,3675,1848,1558,819,129,157,1429,809
1600000US3350260,3350260,"Nashua city, New Hampshire",82613,5971,70588,5963,885,523,185,279,8651,1632,0,253,1252,1118,1052,657,0,253,1052,657
1600000US3410000,3410000,"Camden city, New Jersey",74507,5929,9617,1937,38418,5124,0,277,2053,1415,0,277,24129,3265,290,207,118,123,172,165
1600000US3413690,3413690,"Clifton city, New Jersey",83207,6769,56793,5303,3123,1360,0,277,7604,2246,0,277,14274,3543,1413,895,392,452,1021,807
1600000US3419390,3419390,"East Orange city, New Jersey",60575,5668,3184,1501,51771,5011,29,57,1410,978,0,277,3802,1871,379,320,36,62,343,314
1600000US3420260,3420260,"Edison CDP, New Jersey",101833,6174,52936,4790,9501,2741,175,227,34456,4943,45,76,3221,1878,1499,893,203,252,1296,852
1600000US3421000,3421000,"Elizabeth city, New Jersey",130159,7866,51908,5517,26629,5076,294,434,2771,1526,0,277,46686,4723,1871,1155,619,481,1252,827
1600000US3436000,3436000,"Jersey City city, New Jersey",222653,7335,73176,5956,63306,4178,1470,659,44179,3313,362,596,35452,5525,4708,1625,1739,1047,2969,1122
1600000US3451000,3451000,"Newark city, New Jersey",270007,9717,55876,6085,145294,8081,1133,677,3975,1168,0,277,57105,5083,6624,1905,3981,1275,2643,1222
1600000US3456550,3456550,"Passaic city, New Jersey",70059,8487,24168,6089,6527,2607,86,141,2940,1585,0,277,34272,6220,2066,1123,1266,830,800,797
1600000US3457000,3457000,"Paterson city, New Jersey",135831,8717,28726,4403,39966,4495,341,355,2716,1462,212,312,61335,6898,2535,1246,1348,1096,1187,647
1600000US3473110,3473110,"Toms River CDP, New Jersey",78091,4439,72531,3860,937,784,0,277,1140,613,0,277,1814,1568,1669,1007,776,764,893,612
1600000US3474000,3474000,"Trenton city, New Jersey",78242,6341,24393,3278,42963,4727,458,351,814,927,0,277,8930,2587,684,408,126,164,558,392
1600000US3474630,3474630,"Union City city, New Jersey",67909,6400,46624,5758,5312,2165,435,712,1254,816,0,277,12558,3226,1726,768,1145,708,581,496
1600000US3502000,3502000,"Albuquerque city, New Mexico",511893,7723,340931,9554,16781,2141,25902,2284,13813,1376,76,126,100572,7909,13818,2860,6064,1712,7754,2475
1600000US3539380,3539380,"Las Cruces city, New Mexico",92235,5565,75927,5868,3329,1544,606,340,1555,636,0,281,9217,2117,1601,946,545,395,1056,863
1600000US3563460,3563460,"Rio Rancho city, New Mexico",77338,2868,55121,2929,2350,589,1081,758,1338,470,0,281,13656,2546,3792,1323,856,432,2936,1253
1600000US3570500,3570500,"Santa Fe city, New Mexico",63977,4815,46950,4048,753,582,1394,708,1087,364,222,248,12452,2924,1119,623,768,540,351,251
1600000US3601000,3601000,"Albany city, New York",91023,4408,55823,4110,24452,2531,579,484,2453,1072,0,273,3142,941,4574,2259,397,331,4177,2234
1600000US3611000,3611000,"Buffalo city, New York",264292,8474,138269,7377,102184,4375,1685,885,4096,1581,0,273,10653,2416,7405,2068,1089,722,6316,1902
1600000US3615000,3615000,"Cheektowaga CDP, New York",75453,4780,67485,4841,6189,2979,221,311,309,268,0,273,693,721,556,410,186,225,370,345
1600000US3649121,3649121,"Mount Vernon city, New York",63806,5601,13253,3309,40973,4788,64,132,1219,1105,0,273,6775,2481,1522,1023,518,664,1004,870
1600000US3650617,3650617,"New Rochelle city, New York",66811,6641,39095,4088,11197,2185,0,273,3023,1428,0,273,11977,4815,1519,988,421,656,1098,722
1600000US3651000,3651000,"New York city, New York",8274527,*****,3614514,24413,2082321,10641,27043,3174,973407,6425,4262,1055,1402303,24328,170677,10666,74710,7220,95967,8198
1600000US3663000,3663000,"Rochester city, New York",204122,6233,99291,6745,79543,4564,393,276,6145,2118,107,165,11751,2829,6892,1990,926,614,5966,1818
1600000US3673000,3673000,"Syracuse city, New York",139600,5671,83935,5549,37827,3468,1597,999,5040,1229,676,947,1602,696,8923,2766,259,251,8664,2747
1600000US3684000,3684000,"Yonkers city, New York",196806,9360,104559,7770,38441,5480,232,385,11117,2595,0,273,38711,6203,3746,1492,2012,1168,1734,863
1600000US3702140,3702140,"Asheville city, North Carolina",79046,5194,63377,4967,12424,1482,234,191,793,562,0,287,911,499,1307,685,299,374,1008,564
1600000US3710740,3710740,"Cary town, North Carolina",124269,8249,98890,6645,7345,2904,194,206,9653,2137,0,287,6989,3116,1198,726,148,244,1050,619
1600000US3712000,3712000,"Charlotte city, North Carolina",675229,8554,371228,8496,228786,6031,1924,700,29495,1635,477,593,31691,5409,11628,2681,1309,825,10319,2569
1600000US3719000,3719000,"Durham city, North Carolina",216279,3696,94208,3022,84762,2880,526,341,8992,1300,0,287,21429,2703,6362,2112,806,698,5556,1947
1600000US3722920,3722920,"Fayetteville city, North Carolina",170197,7339,78371,5222,75064,5034,1227,582,4693,990,230,278,3684,1719,6928,1915,325,313,6603,1898
1600000US3725580,3725580,"Gastonia city, North Carolina",65402,4917,43121,3801,16235,2874,513,763,1173,758,140,206,3104,2103,1116,722,379,423,737,558
1600000US3728000,3728000,"Greensboro city, North Carolina",246800,7586,127655,6002,97096,5089,1626,824,6937,1899,108,175,10047,2779,3331,1347,185,302,3146,1289
1600000US3728080,3728080,"Greenville city, North Carolina",73449,4384,45970,3072,24135,3762,507,534,1365,400,0,287,221,194,1251,895,190,268,1061,894
1600000US3731400,3731400,"High Point city, North Carolina",97606,6347,57217,4938,29593,4219,405,499,5140,1889,0,287,3970,1905,1281,828,116,199,1165,821
1600000US3734200,3734200,"Jacksonville city, North Carolina",71034,4264,47955,3178,12532,3034,871,358,2130,521,0,287,5130,1306,2416,1325,268,280,2148,1292
1600000US3755000,3755000,"Raleigh city, North Carolina",354188,9215,204275,6473,106415,6509,1232,491,15094,2537,62,101,23700,4694,3410,1007,354,331,3056,1006
1600000US3774440,3774440,"Wilmington city, North Carolina",99117,4216,71731,3838,21843,2272,518,475,990,643,59,98,3351,1139,625,436,17,31,608,436
1600000US3775000,3775000,"Winston-Salem city, North Carolina",212615,7116,113296,5105,72253,4296,387,332,3426,1133,60,99,20590,3329,2603,1204,63,76,2540,1195
1600000US3825700,3825700,"Fargo city, North Dakota",92565,3005,85531,2906,2068,767,1206,449,2151,450,0,203,394,379,1215,625,273,332,942,513
1600000US3901000,3901000,"Akron city, Ohio",196073,7141,123351,6299,64878,3163,199,211,3372,1159,0,265,1185,927,3088,1147,1,265,3087,1147
1600000US3912000,3912000,"Canton city, Ohio",77710,4743,55391,4024,17687,2468,432,388,1034,978,0,265,360,292,2806,1590,70,103,2736,1573
1600000US3915000,3915000,"Cincinnati city, Ohio",297304,9024,151523,6424,131917,6378,338,295,4702,1436,0,265,1786,848,7038,2051,201,205,6837,2068
1600000US3916000,3916000,"Cleveland city, Ohio",395310,11006,163612,8583,206187,8084,632,346,5911,1396,0,265,9936,2078,9032,1843,2324,1088,6708,1733
1600000US3918000,3918000,"Columbus city, Ohio",732974,10032,480464,10147,194486,5577,1490,678,28454,3324,273,280,10151,3077,17656,3074,1900,840,15756,2875
1600000US3921000,3921000,"Dayton city, Ohio",146360,6238,76083,5374,64240,4276,88,145,820,606,0,265,1766,1097,3363,1292,400,431,2963,1051
1600000US3944856,3944856,"Lorain city, Ohio",65503,6284,44649,5439,11891,2505,0,265,148,201,0,265,6030,1570,2785,1215,649,612,2136,925
1600000US3961000,3961000,"Parma city, Ohio",86701,4943,81900,5296,1816,1180,583,862,1170,755,0,265,721,558,511,416,0,265,511,416
1600000US3977000,3977000,"Toledo city, Ohio",283851,6013,194535,5293,69868,3228,730,400,3427,874,0,265,5715,1512,9576,2016,1234,784,8342,2013
1600000US3988000,3988000,"Youngstown city, Ohio",65056,3943,32956,3066,30332,2556,58,83,214,179,0,265,903,691,593,408,77,128,516,403
1600000US4009050,4009050,"Broken Arrow city, Oklahoma",92256,5552,77074,5399,5172,2444,4335,1203,1050,818,0,246,1235,918,3390,863,0,246,3390,863
1600000US4023200,4023200,"Edmond city, Oklahoma",84486,5534,74597,5558,4503,2256,380,352,1469,913,439,678,492,406,2606,1093,533,384,2073,985
1600000US4041850,4041850,"Lawton city, Oklahoma",92773,2648,54909,2723,20257,1565,3707,793,2101,658,59,103,3384,1077,8356,1846,1618,776,6738,1765
1600000US4052500,4052500,"Norman city, Oklahoma",107155,5104,86770,4918,3904,1326,3388,996,4190,1249,43,72,502,353,8358,2470,372,277,7986,2474
1600000US4055000,4055000,"Oklahoma City city, Oklahoma",546930,9011,367907,8887,76866,4507,16998,3037,22261,2466,186,162,29376,5484,33336,4584,2249,1107,31087,4507
1600000US4075000,4075000,"Tulsa city, Oklahoma",389536,6854,260368,7965,61850,2750,15004,2151,8437,1317,137,222,22339,3448,21401,3273,1102,707,20299,3115
1600000US4105350,4105350,"Beaverton city, Oregon",86291,6804,63578,5455,932,533,1351,1436,10685,2522,39,78,6130,2802,3576,2177,83,132,3493,2171
1600000US4105800,4105800,"Bend city, Oregon",73368,4212,68193,4168,90,130,658,380,1779,1202,0,273,844,661,1804,760,265,431,1539,661
1600000US4123850,4123850,"Eugene city, Oregon",153612,5688,131539,5847,2214,788,2102,1170,8367,1550,107,134,3681,1774,5602,1424,803,837,4799,1366
1600000US4131250,4131250,"Gresham city, Oregon",98401,6871,76984,6072,3329,1327,2374,1647,5218,2787,191,332,8586,3961,1719,830,118,143,1601,803
1600000US4134100,4134100,"Hillsboro city, Oregon",85096,5485,60342,4607,2584,1812,4127,2404,7089,2037,222,319,6857,3277,3875,1475,1018,726,2857,1325
1600000US4147000,4147000,"Medford city, Oregon",73804,5127,65739,4963,518,351,1666,1643,1978,718,91,120,1240,867,2572,912,189,193,2383,895
1600000US4159000,4159000,"Portland city, Oregon",550795,8670,431419,7000,35002,2843,9938,3680,35163,3173,2896,455,16259,3832,20118,3216,1074,611,19044,3077
1600000US4164900,4164900,"Salem city, Oregon",150039,8148,128029,7845,1340,559,4232,1703,4893,1320,45,74,5979,1845,5521,1813,1118,734,4403,1553
1600000US4202000,4202000,"Allentown city, Pennsylvania",108459,4748,66601,4661,12765,2017,109,134,892,777,0,242,25384,3888,2708,1011,864,580,1844,852
1600000US4206088,4206088,"Bethlehem city, Pennsylvania",71562,5312,55876,5098,4172,1554,0,242,1269,531,30,50,7860,1941,2355,1034,819,590,1536,840
1600000US4224000,4224000,"Erie city, Pennsylvania",98507,4866,79323,5055,12516,1554,0,242,1128,571,0,242,1470,613,4070,1444,90,105,3980,1440
1600000US4260000,4260000,"Philadelphia city, Pennsylvania",1449634,*****,621131,6248,630260,4546,3602,946,79660,1489,321,303,86827,7759,27833,3883,6700,2151,21133,3355
1600000US4261000,4261000,"Pittsburgh city, Pennsylvania",290918,9087,198649,6853,72111,5748,428,293,11489,2467,112,133,1568,855,6561,2033,214,212,6347,2028
1600000US4263624,4263624,"Reading city, Pennsylvania",78446,3853,38629,3697,10153,1923,357,300,2117,1027,0,242,24264,3477,2926,1542,1430,1051,1496,909
1600000US4269000,4269000,"Scranton city, Pennsylvania",74993,4245,67738,4115,3314,710,75,91,981,477,0,242,2500,1269,385,274,67,109,318,242
1600000US4419180,4419180,"Cranston city, Rhode Island",88066,6236,72132,5612,4158,2219,639,527,4553,1827,0,285,4956,2879,1628,783,411,283,1217,641
1600000US4454640,4454640,"Pawtucket city, Rhode Island",70510,5957,43644,4612,14124,2815,122,151,2274,1775,0,285,8554,3183,1792,998,483,394,1309,933
1600000US4459000,4459000,"Providence city, Rhode Island",168846,8005,82476,5992,23699,3558,787,704,9416,1972,0,285,43889,5363,8579,2441,3526,1722,5053,1554
1600000US4474300,4474300,"Warwick city, Rhode Island",81787,4678,75801,4472,1477,648,129,168,2438,1008,0,285,713,566,1229,842,0,285,1229,842
1600000US4513330,4513330,"Charleston city, South Carolina",114351,7440,72683,5662,34502,4614,129,181,2343,894,0,287,3269,1976,1425,763,0,287,1425,763
1600000US4516000,4516000,"Columbia city, South Carolina",114654,6562,61421,4000,46592,5243,294,240,3678,1035,160,189,736,462,1773,618,171,164,1602,584
1600000US4550875,4550875,"North Charleston city, South Carolina",83422,6507,32913,3830,42744,5177,247,277,1602,908,0,287,4172,1569,1744,891,435,456,1309,736
1600000US4659020,4659020,"Sioux Falls city, South Dakota",147932,3376,132224,3360,3824,1200,3674,488,2327,364,331,510,2591,1507,2961,1244,415,238,2546,1199
1600000US4714000,4714000,"Chattanooga city, Tennessee",161365,5340,95618,5626,59476,2365,306,261,1430,968,0,281,2870,1603,1665,844,157,206,1508,832
1600000US4715160,4715160,"Clarksville city, Tennessee",119216,3782,80907,4166,28364,1471,200,225,2888,671,253,149,2426,966,4178,1714,418,555,3760,1551
1600000US4740000,4740000,"Knoxville city, Tennessee",183289,8123,143588,7773,30843,2098,132,209,3362,1058,0,281,2767,1583,2597,1263,354,345,2243,1193
1600000US4748000,4748000,"Memphis city, Tennessee",637425,9699,206773,7452,396664,7770,633,454,10464,2036,938,1217,15502,3141,6451,2176,1083,934,5368,1838
1600000US4751560,4751560,"Murfreesboro city, Tennessee",94574,6010,77459,5379,12741,2344,116,142,914,586,688,1084,1537,1128,1119,575,0,281,1119,575
1600000US4752006,4752006,"Nashville-Davidson metropolitan government (balance), Tennessee",593332,3668,381991,5828,169625,2196,2115,745,17820,1910,188,309,15846,3661,5747,1980,1221,1247,4526,1406
1600000US4801000,4801000,"Abilene city, Texas",114855,3355,92364,3746,10859,568,689,512,2055,341,0,287,7299,1777,1589,699,475,265,1114,605
1600000US4801924,4801924,"Allen city, Texas",77484,5594,56358,5183,7471,3375,82,138,9994,2818,0,287,1063,684,2516,1211,484,628,2032,1110
1600000US4803000,4803000,"Amarillo city, Texas",190658,3509,139675,4315,13101,1076,950,537,3931,678,147,266,28023,3646,4831,1348,1428,611,3403,1206
1600000US4804000,4804000,"Arlington city, Texas",359365,12700,228044,12782,65405,6469,2079,803,23349,3508,352,469,31601,6784,8535,2059,2148,963,6387,1874
1600000US4804462,4804462,"Atascocita CDP, Texas",67656,7078,48328,6407,11467,3759,590,560,3727,2471,0,287,2072,2536,1472,956,336,520,1136,812
1600000US4805000,4805000,"Austin city, Texas",749659,11186,471296,12755,60971,4145,4810,1999,42818,3454,818,746,152133,9984,16813,2914,5417,1383,11396,2452
1600000US4807000,4807000,"Beaumont city, Texas",108935,5034,46406,3842,51645,3972,229,232,2976,1023,513,830,5224,1733,1942,1459,470,591,1472,1260
1600000US4810768,4810768,"Brownsville city, Texas",189773,9285,167818,9764,475,415,367,286,1176,743,212,257,17441,2855,2284,1086,1925,1113,359,303
1600000US4810912,4810912,"Bryan city, Texas",67314,5189,40851,4531,12573,2077,195,175,1065,846,109,180,9684,2442,2837,1460,632,569,2205,1372
1600000US4813024,4813024,"Carrollton city, Texas",117978,8317,82090,7718,8178,2481,1367,1154,18895,3213,0,287,5400,2057,2048,963,740,510,1308,869
1600000US4815976,4815976,"College Station city, Texas",84388,4776,68937,4446,4044,1661,74,142,7349,880,69,113,2992,1751,923,479,226,213,697,392
1600000US4817000,4817000,"Corpus Christi city, Texas",290010,4322,220546,6585,12372,1494,1293,683,4596,369,0,287,45210,5026,5993,1671,2820,1202,3173,1032
1600000US4819000,4819000,"Dallas city, Texas",1240044,19943,699834,20094,287665,10950,6110,1979,32263,4478,662,556,199372,15462,14138,2150,4392,1258,9746,1858
1600000US4819972,4819972,"Denton city, Texas",110855,7595,87068,6184,9728,2313,426,306,2403,1032,0,287,4896,2519,6334,2125,211,182,6123,2117
1600000US4822660,4822660,"Edinburg city, Texas",64882,7260,54548,7571,434,428,349,575,402,391,0,287,8437,1982,712,546,617,522,95,155
1600000US4824000,4824000,"El Paso city, Texas",605410,8671,461908,12803,18935,1448,2624,978,7557,940,70,115,100642,10961,13674,2699,8003,2171,5671,1858
1600000US4826232,4826232,"Flower Mound town, Texas",66004,5111,57005,4739,3707,2319,71,90,3466,1037,0,287,1019,784,736,519,171,209,565,433
1600000US4827000,4827000,"Fort Worth city, Texas",650613,14629,410492,13602,118784,7888,3298,1178,21774,4049,283,451,83036,10314,12946,2436,4886,1655,8060,1658
1600000US4827684,4827684,"Frisco city, Texas",94595,7552,75544,6787,7878,3353,113,146,7111,2163,0,287,2226,1061,1723,856,209,199,1514,766
1600000US4829000,4829000,"Garland city, Texas",230429,12765,130533,9971,30215,5464,1174,1029,21629,4801,0,287,42236,7317,4642,1455,2451,1359,2191,900
1600000US4830464,4830464,"Grand Prairie city, Texas",165080,10907,92028,7631,32360,5409,1277,1162,8218,2150,181,297,26760,5875,4256,1593,1770,1055,2486,1229
1600000US4835000,4835000,"Houston city, Texas",2046792,31161,1076797,26762,502145,13486,7471,2249,110063,7499,2416,467,327276,14849,20624,3407,7558,2073,13066,2497
1600000US4837000,4837000,"Irving city, Texas",198831,9548,111467,8044,23003,4002,693,565,26883,4696,640,772,33654,6266,2491,922,563,400,1928,717
1600000US4839148,4839148,"Killeen city, Texas",101828,5964,48474,5507,38029,4063,999,620,4334,1235,944,1091,3065,1233,5983,1803,521,391,5462,1757
1600000US4841464,4841464,"Laredo city, Texas",219617,3660,134916,8745,1008,902,807,500,1046,745,83,138,76810,8784,4947,1590,3678,1408,1269,966
1600000US4841980,4841980,"League City city, Texas",77190,5909,63700,5674,5607,2215,180,300,4170,1418,0,287,2419,1454,1114,642,293,343,821,593
1600000US4842508,4842508,"Lewisville city, Texas",88200,8255,67455,6971,8799,3779,73,86,4890,1795,0,287,2113,1326,4870,2829,68,118,4802,2829
1600000US4843888,4843888,"Longview city, Texas",78627,4340,51866,3450,17685,1985,376,365,851,180,0,287,6604,1907,1245,903,50,92,1195,906
1600000US4845000,4845000,"Lubbock city, Texas",218189,4646,169490,6193,17405,1157,741,492,3955,186,25,50,22078,3975,4495,1244,1807,756,2688,1014
1600000US4845384,4845384,"McAllen city, Texas",123221,10071,85349,8850,1261,1335,473,655,2677,950,128,212,30836,4986,2497,1517,1506,1065,991,1060
1600000US4845744,4845744,"McKinney city, Texas",117577,7382,99177,6559,10569,2345,286,267,1894,826,0,287,3653,1424,1998,718,440,375,1558,680
1600000US4847892,4847892,"Mesquite city, Texas",126081,8290,90604,7501,21614,4396,882,840,4715,1972,0,287,6049,1963,2217,833,1333,691,884,428
1600000US4848072,4848072,"Midland city, Texas",105582,3733,87581,3971,8360,753,745,343,1303,229,92,157,5565,1686,1936,931,615,456,1321,816
1600000US4848804,4848804,"Missouri City city, Texas",68871,6083,25911,3660,28056,4274,45,73,10822,3104,0,287,3048,1879,989,693,111,184,878,674
1600000US4853388,4853388,"Odessa city, Texas",94457,4275,76653,4569,2488,1041,45,75,435,441,0,287,10150,2785,4686,1438,1055,1013,3631,1057
1600000US4856000,4856000,"Pasadena city, Texas",153925,9864,98979,8879,1445,982,984,706,3562,2589,0,287,46986,5996,1969,825,948,515,1021,684
1600000US4856348,4856348,"Pearland city, Texas",80843,6702,56645,5957,11959,2666,0,287,7578,1580,0,287,3382,1513,1279,938,250,208,1029,909
1600000US4858016,4858016,"Plano city, Texas",263663,8649,198713,7755,16560,3321,1002,901,34392,3178,106,176,9003,3380,3887,1591,778,541,3109,1409
1600000US4861796,4861796,"Richardson city, Texas",100129,8542,76955,6999,8429,3225,146,204,11985,3635,0,287,1993,1526,621,331,98,122,523,302
1600000US4863500,4863500,"Round Rock city, Texas",90955,4815,67030,5042,10945,2516,276,263,4091,1379,0,287,5508,1923,3105,1187,528,395,2577,1030
1600000US4864472,4864472,"San Angelo city, Texas",91591,2251,68122,3853,3686,1314,1285,1200,1377,225,0,287,15420,2886,1701,935,919,681,782,595
1600000US4865000,4865000,"San Antonio city, Texas",1284332,13819,815349,15992,88255,4483,8498,1742,26875,2139,1775,822,314259,16413,29321,4063,16134,3026,13187,2478
1600000US4870808,4870808,"Sugar Land city, Texas",71121,6512,43328,5129,4483,1901,432,494,21168,3902,0,287,802,643,908,841,0,287,908,841
1600000US4872656,4872656,"The Woodlands CDP, Texas",62134,4980,54204,4315,2962,2040,599,540,2291,1207,0,287,1802,983,276,236,0,287,276,236
1600000US4874144,4874144,"Tyler city, Texas",91403,4551,54477,4028,23076,2066,47,71,840,406,0,287,11457,2549,1506,769,25,44,1481,769
1600000US4876000,4876000,"Waco city, Texas",114536,5502,73805,5363,28435,1858,517,359,2884,1124,0,287,7615,2330,1280,679,346,279,934,600
1600000US4879000,4879000,"Wichita Falls city, Texas",99747,3253,75730,3261,14104,485,824,411,2289,713,78,128,4523,1098,2199,968,974,486,1225,772
1600000US4955980,4955980,"Ogden city, Utah",78551,5165,70706,4574,527,496,573,524,748,388,647,903,3515,1300,1835,960,0,261,1835,960
1600000US4957300,4957300,"Orem city, Utah",85336,6356,79553,6283,563,602,794,720,2293,1256,478,736,856,517,799,486,535,412,264,218
1600000US4962470,4962470,"Provo city, Utah",118730,6759,97495,6300,706,468,1067,699,4194,1498,1151,586,11140,2629,2977,1120,392,323,2585,1081
1600000US4965330,4965330,"St. George city, Utah",72978,3991,66145,3862,425,661,205,230,1444,232,1937,720,1832,1267,990,876,213,356,777,792
1600000US4967000,4967000,"Salt Lake City city, Utah",188997,9079,156747,9485,6211,2109,1284,604,9591,1890,2419,1624,9425,2928,3320,1320,899,660,2421,1195
1600000US4967440,4967440,"Sandy city, Utah",94709,7496,86296,7070,752,744,424,372,3829,1742,99,125,1059,764,2250,1252,435,424,1815,1175
1600000US4982950,4982950,"West Jordan city, Utah",100245,7290,89561,6948,840,806,286,298,2448,1635,1422,1492,4529,1737,1159,592,101,117,1058,574
1600000US4983470,4983470,"West Valley City city, Utah",124193,7617,103577,7452,334,405,1543,1225,4914,1555,3419,1666,7670,2911,2736,1057,271,361,2465,1003
1600000US5101000,5101000,"Alexandria city, Virginia",140024,*****,92205,1904,29896,624,194,228,7836,771,51,95,6690,2200,3152,1044,500,402,2652,1035
1600000US5103000,5103000,"Arlington CDP, Virginia",204568,*****,139540,3245,15170,1376,253,258,18090,1501,0,283,25904,3560,5611,1681,1519,857,4092,1444
1600000US5116000,5116000,"Chesapeake city, Virginia",219154,*****,140079,1137,65695,1362,855,572,5187,369,0,283,2430,898,4908,1529,1176,747,3732,1281
1600000US5135000,5135000,"Hampton city, Virginia",146439,*****,67159,1149,70432,1033,399,229,3558,219,0,283,2677,1231,2214,794,301,405,1913,755
1600000US5147672,5147672,"Lynchburg city, Virginia",69335,2842,45606,2962,20129,1354,125,126,1572,352,0,283,552,379,1351,470,100,118,1251,471
1600000US5156000,5156000,"Newport News city, Virginia",179153,*****,91042,1429,75727,1147,503,349,4915,466,42,71,3458,1252,3466,1153,331,451,3135,1079
1600000US5157000,5157000,"Norfolk city, Virginia",235747,*****,114858,1401,104144,1627,858,353,7265,644,330,478,2610,1268,5682,1439,366,274,5316,1376
1600000US5164000,5164000,"Portsmouth city, Virginia",101967,*****,44280,708,51065,2292,448,263,1090,183,518,691,457,282,4109,2228,123,198,3986,2247
1600000US5167000,5167000,"Richmond city, Virginia",200123,*****,84394,1211,101429,3155,694,744,3269,252,343,479,3509,1060,6485,3110,192,167,6293,3091
1600000US5168000,5168000,"Roanoke city, Virginia",92600,*****,63430,512,24162,1062,357,401,866,429,60,111,1368,556,2357,1098,133,164,2224,1083
1600000US5176432,5176432,"Suffolk city, Virginia",81332,*****,43893,474,33325,756,166,239,1149,259,0,283,1609,568,1190,767,101,216,1089,765
1600000US5182000,5182000,"Virginia Beach city, Virginia",434743,*****,303683,1841,88001,1918,1402,516,23837,1324,0,283,5732,1616,12088,2440,1740,1036,10348,2217
1600000US5305210,5305210,"Bellevue city, Washington",120246,6905,80683,5793,3438,1397,316,258,27381,4432,271,383,3145,1819,5012,1922,235,283,4777,1862
1600000US5305280,5305280,"Bellingham city, Washington",78893,5243,69023,4948,688,712,1220,712,4006,1323,99,153,1746,1003,2111,1050,316,490,1795,988
1600000US5322640,5322640,"Everett city, Washington",103729,7203,79447,5936,3905,1639,729,408,8711,2786,1846,723,3108,1696,5983,1934,165,165,5818,1931
1600000US5323515,5323515,"Federal Way city, Washington",84903,6623,52798,5039,10536,3374,295,258,12641,2628,1698,1317,3469,1709,3466,1699,92,147,3374,1652
1600000US5335415,5335415,"Kent city, Washington",94295,8529,60276,6924,12415,3711,1471,1488,8534,2763,173,173,5637,2423,5789,2127,656,432,5133,2047
1600000US5363000,5363000,"Seattle city, Washington",577231,13343,412608,10559,40931,5042,4260,1709,81831,5823,1903,1039,12185,2925,23513,2968,1541,892,21972,2860
1600000US5367000,5367000,"Spokane city, Washington",210447,7120,187861,7508,3597,1576,3172,917,4748,1304,1048,252,2483,962,7538,1890,163,169,7375,1921
1600000US5367167,5367167,"Spokane Valley city, Washington",86885,5970,79598,5715,960,903,738,365,1455,760,24,63,270,365,3840,1838,0,269,3840,1838
1600000US5370000,5370000,"Tacoma city, Washington",190817,7998,128264,7295,23908,3356,3715,1646,12981,2440,2942,1440,5087,2118,13920,2558,499,339,13421,2516
1600000US5374060,5374060,"Vancouver city, Washington",156253,6601,129098,6215,4231,1702,2125,1550,7639,1412,105,158,4906,1825,8149,1970,949,615,7200,1966
1600000US5380010,5380010,"Yakima city, Washington",82116,6512,51218,4612,1692,631,1204,735,1122,418,57,95,24813,4540,2010,769,869,500,1141,617
1600000US5502375,5502375,"Appleton city, Wisconsin",72673,3763,66425,3605,464,272,345,300,3810,947,0,213,772,520,857,507,185,232,672,455
1600000US5531000,5531000,"Green Bay city, Wisconsin",100503,3767,82534,3600,2789,491,3139,1115,2176,972,422,507,6995,1975,2448,1070,431,380,2017,1013
1600000US5539225,5539225,"Kenosha city, Wisconsin",98550,4692,79119,4809,9301,722,939,684,1730,793,0,213,5929,1426,1532,739,548,423,984,503
1600000US5548000,5548000,"Madison city, Wisconsin",222725,6320,177900,6099,15127,2500,1176,548,18121,1639,40,63,5140,2054,5221,1286,905,573,4316,1117
1600000US5553000,5553000,"Milwaukee city, Wisconsin",582207,8176,256419,8185,227979,4348,4331,1176,17739,2494,0,213,62959,4383,12780,2283,3095,1242,9685,2173
1600000US5566000,5566000,"Racine city, Wisconsin",76396,4122,46641,3378,16941,1649,141,235,557,654,0,213,9002,2409,3114,1385,525,454,2589,1287
1600000US5584250,5584250,"Waukesha city, Wisconsin",67560,4855,60489,5109,1535,1035,195,196,1524,722,0,213,2639,1263,1178,609,453,358,725,529
