GEO.id,GEO.id2,GEO.display-label,HD01_VD01,HD02_VD01,HD01_VD02,HD02_VD02,HD01_VD03,HD02_VD03,HD01_VD04,HD02_VD04,HD01_VD05,HD02_VD05,HD01_VD06,HD02_VD06,HD01_VD07,HD02_VD07,HD01_VD08,HD02_VD08,HD01_VD09,HD02_VD09,HD01_VD10,HD02_VD10
Id,Id2,Geography,Estimate; Total:,Margin of Error; Total:,Estimate; White alone,Margin of Error; White alone,Estimate; Black or African American alone,Margin of Error; Black or African American alone,Estimate; American Indian and Alaska Native alone,Margin of Error; American Indian and Alaska Native alone,Estimate; Asian alone,Margin of Error; Asian alone,Estimate; Native Hawaiian and Other Pacific Islander alone,Margin of Error; Native Hawaiian and Other Pacific Islander alone,Estimate; Some other race alone,Margin of Error; Some other race alone,Estimate; Two or more races:,Margin of Error; Two or more races:,Estimate; Two or more races: - Two races including Some other race,Margin of Error; Two or more races: - Two races including Some other race,"Estimate; Two or more races: - Two races excluding Some other race, and three or more races","Margin of Error; Two or more races: - Two races excluding Some other race, and three or more races"
1600000US0107000,0107000,"Birmingham city, Alabama",231824,1399,56929,4973,165698,4690,516,367,2076,898,61,100,4689,2122,1855,969,115,198,1740,961
1600000US0121184,0121184,"Dothan city, Alabama",67162,367,42643,1159,21779,1109,134,121,852,182,0,273,517,306,1237,475,151,150,1086,453
1600000US0135896,0135896,"Hoover city, Alabama",77050,3230,56454,4164,10302,2669,102,157,5074,1704,0,273,4330,2285,788,660,372,547,416,400
1600000US0137000,0137000,"Huntsville city, Alabama",179706,1137,111766,3268,59165,3839,443,309,3415,1102,203,207,852,507,3862,1193,418,355,3444,1141
1600000US0150000,0150000,"Mobile city, Alabama",193195,46,88038,4118,98376,4185,435,288,3327,1278,0,273,533,388,2486,1677,274,268,2212,1665
1600000US0151000,0151000,"Montgomery city, Alabama",201465,3289,80968,2743,114145,2345,273,357,3179,380,286,322,369,288,2245,1047,0,273,2245,1047
1600000US0177256,0177256,"Tuscaloosa city, Alabama",93141,30,47274,2283,43012,2192,575,404,1543,907,0,273,212,181,525,337,144,195,381,262
1600000US0203000,0203000,"Anchorage municipality, Alaska",286174,*****,198618,2148,18239,1038,16318,2112,21325,1182,3659,240,6723,2146,21292,2585,1195,675,20097,2544
1600000US0404720,0404720,"Avondale city, Arizona",85227,55,66794,5285,8281,3373,374,472,2336,1179,0,305,6489,2833,953,749,322,444,631,608
1600000US0412000,0412000,"Chandler city, Arizona",249515,76,203522,6256,12510,5047,2746,1453,13339,3108,110,193,8125,2932,9163,3010,1518,1055,7645,2845
1600000US0427400,0427400,"Gilbert town, Arizona",222092,80,178983,7584,10276,3479,1119,734,13585,4389,128,164,9292,3908,8709,3530,1172,735,7537,3414
1600000US0427820,0427820,"Glendale city, Arizona",253210,42,200880,6283,14007,3756,4012,2069,8109,2384,288,337,15455,4405,10459,2855,2446,1602,8013,2513
1600000US0446000,0446000,"Mesa city, Arizona",467178,82,387655,8257,13264,3720,10344,3982,8909,2625,1422,1186,33047,6385,12537,3175,1873,933,10664,2926
1600000US0454050,0454050,"Peoria city, Arizona",162809,42,135106,5545,3961,1541,653,443,3413,1614,0,305,14309,5083,5367,1837,2547,1453,2820,1308
1600000US0455000,0455000,"Phoenix city, Arizona",1593660,61,1283185,18400,89123,8026,31409,5734,44853,5298,1709,1037,106996,12386,36385,4518,11028,2917,25357,3971
1600000US0465000,0465000,"Scottsdale city, Arizona",237834,45,216209,4276,5139,2676,2253,1351,7412,2545,0,305,4122,2360,2699,1193,667,636,2032,1032
1600000US0471510,0471510,"Surprise city, Arizona",95245,48,76035,4036,3650,1625,1515,1220,2116,1126,1387,1520,6948,3360,3594,1550,1076,1062,2518,1173
1600000US0473000,0473000,"Tempe city, Arizona",178526,40,141833,4937,5503,1968,4459,2875,12071,2659,705,916,6141,2005,7814,2568,1071,778,6743,2390
1600000US0477000,0477000,"Tucson city, Arizona",543907,50,423675,8783,26788,2723,16304,4618,13846,2439,223,260,47969,6679,15102,2943,3243,1298,11859,2642
1600000US0485540,0485540,"Yuma city, Arizona",91116,33,66254,4018,4484,1466,1635,803,961,565,330,474,15459,3508,1993,1086,578,399,1415,1025
1600000US0523290,0523290,"Fayetteville city, Arkansas",77142,29,64419,2228,5674,1193,1545,824,1734,957,0,273,2519,1570,1251,775,157,213,1094,726
1600000US0524550,0524550,"Fort Smith city, Arkansas",85549,22,68507,1435,6400,940,162,139,4093,878,0,273,1216,850,5171,1425,393,497,4778,1332
1600000US0535710,0535710,"Jonesboro city, Arkansas",66194,22,53078,473,11504,614,443,255,522,361,0,273,98,124,549,459,0,273,549,459
1600000US0541000,0541000,"Little Rock city, Arkansas",191929,33,98365,4488,77435,3653,881,622,4753,1305,83,138,5900,2623,4512,1870,163,178,4349,1843
1600000US0566080,0566080,"Springdale city, Arkansas",68651,2734,47475,3745,1550,1010,101,131,1680,1383,1512,223,14465,2868,1868,1178,533,571,1335,899
1600000US0600562,0600562,"Alameda city, California",71200,26,35343,3504,3471,1456,216,310,25032,3731,73,119,2441,1221,4624,1282,303,321,4321,1287
1600000US0600884,0600884,"Alhambra city, California",85077,41,32555,4885,1494,1079,544,544,42715,5068,0,294,5667,2299,2102,1025,677,569,1425,876
1600000US0602000,0602000,"Anaheim city, California",337899,50,183280,11447,10352,2398,1263,780,48182,5714,3306,2352,81866,10305,9650,2783,2352,1154,7298,2529
1600000US0602252,0602252,"Antioch city, California",101164,72,51852,5609,21547,4628,210,237,9396,2987,2300,2309,11738,4133,4121,1805,1370,1151,2751,1306
1600000US0602364,0602364,"Apple Valley town, California",70114,36,57271,3562,6776,2836,216,233,1638,1048,0,294,3029,1476,1184,617,70,116,1114,600
1600000US0602553,0602553,"Arden-Arcade CDP, California",94176,6448,70823,6212,7749,2788,1019,751,4116,1789,580,908,4312,1804,5577,1523,578,568,4999,1490
1600000US0603526,0603526,"Bakersfield city, California",324479,81,205776,8797,26654,3515,2902,1116,14041,2396,48,85,58854,7026,16204,3352,6540,2482,9664,2442
1600000US0603666,0603666,"Baldwin Park city, California",77093,51,28040,4702,203,217,334,357,9969,3143,0,294,36974,5491,1573,895,577,482,996,692
1600000US0604982,0604982,"Bellflower city, California",72854,42,18049,3607,9197,2776,840,636,8185,2467,328,516,33532,5470,2723,1540,570,619,2153,1404
1600000US0606000,0606000,"Berkeley city, California",102802,26,64076,2896,9906,2291,587,461,19282,2710,477,781,1962,845,6512,1755,965,644,5547,1639
1600000US0608786,0608786,"Buena Park city, California",79808,52,45333,5141,4160,2248,758,567,21027,4337,0,294,5917,3222,2613,1308,675,643,1938,1083
1600000US0608954,0608954,"Burbank city, California",103127,29,79724,4173,1953,1530,610,544,11426,2798,0,294,6410,2456,3004,985,726,389,2278,951
1600000US0611194,0611194,"Carlsbad city, California",98411,50,84685,2673,382,272,189,198,7975,2188,141,248,2168,1192,2871,926,378,242,2493,944
1600000US0611530,0611530,"Carson city, California",92255,33,36113,4696,17805,3776,994,1051,22297,3865,1229,1118,7576,2834,6241,2964,1177,716,5064,2990
1600000US0613014,0613014,"Chico city, California",84889,40,70654,2182,1375,622,952,585,3383,1169,92,122,2874,1172,5559,1496,913,542,4646,1454
1600000US0613210,0613210,"Chino city, California",82828,31,52674,4875,3045,1027,395,323,10897,3484,23,38,11255,3388,4539,1991,749,509,3790,1966
1600000US0613214,0613214,"Chino Hills city, California",73899,45,46036,3572,3617,1684,146,183,16731,3463,445,486,2943,1529,3981,1463,548,528,3433,1396
1600000US0613392,0613392,"Chula Vista city, California",223746,42,155676,6894,11013,3446,1503,882,30370,4852,956,790,16623,4004,7605,1903,2276,922,5329,1659
1600000US0613588,0613588,"Citrus Heights city, California",84613,30,70200,2872,2794,1914,787,694,3743,1668,187,242,4082,1888,2820,1115,895,670,1925,842
1600000US0614218,0614218,"Clovis city, California",93246,32,63193,3639,3964,2204,1984,1263,8635,2571,26,51,12069,3318,3375,988,1256,706,2119,822
1600000US0615044,0615044,"Compton city, California",93955,39,32901,5499,26973,4218,1866,1735,647,769,858,1152,29304,4764,1406,811,517,388,889,655
1600000US0616000,0616000,"Concord city, California",122212,49,85651,4231,3617,1327,285,277,18442,2995,220,223,7650,2584,6347,1794,1394,737,4953,1677
1600000US0616350,0616350,"Corona city, California",151015,54,94211,5363,8035,3227,2195,2167,12314,2718,200,305,27584,5295,6476,1719,2618,1431,3858,1123
1600000US0616532,0616532,"Costa Mesa city, California",110422,33,80288,5016,1485,872,188,239,9050,2665,2223,1809,15207,4754,1981,795,436,488,1545,655
1600000US0617918,0617918,"Daly City city, California",102171,44,27004,4581,2360,1076,611,751,58609,5045,1076,955,9792,3362,2719,1282,951,563,1768,1177
1600000US0619766,0619766,"Downey city, California",107124,33,55420,5993,5010,2988,68,112,8869,2520,153,251,35746,6146,1858,1067,925,614,933,779
1600000US0620802,0620802,"East Los Angeles CDP, California",123375,11343,55489,7177,0,294,863,657,773,521,420,371,63781,9366,2049,1493,688,504,1361,1249
1600000US0621712,0621712,"El Cajon city, California",94447,29,76969,3236,3504,1302,143,183,4100,2009,138,174,4425,1836,5168,1923,245,184,4923,1934
1600000US0622020,0622020,"Elk Grove city, California",135295,57,62515,5257,13914,3073,262,195,34056,4535,1757,953,12835,3619,9956,2906,2213,1243,7743,2266
1600000US0622230,0622230,"El Monte city, California",121439,44,41533,5396,780,432,457,473,25977,4297,67,113,51904,5551,721,375,189,186,532,301
1600000US0622804,0622804,"Escondido city, California",140184,58,116527,4767,906,501,1756,2008,6681,2032,0,294,10770,3623,3544,1233,999,693,2545,1084
1600000US0623182,0623182,"Fairfield city, California",103587,37,52457,4511,15200,3049,1037,584,15698,2996,875,459,10213,3454,8107,2190,1535,971,6572,1878
1600000US0624638,0624638,"Folsom city, California",67807,25,47522,2944,5966,1719,365,161,8428,2129,156,156,3773,1537,1597,1010,465,484,1132,857
1600000US0624680,0624680,"Fontana city, California",188008,45,102823,8058,16615,3144,331,336,10742,3334,913,1121,50138,7183,6446,2378,1913,897,4533,2167
1600000US0626000,0626000,"Fremont city, California",205521,34,72952,5343,4929,2069,816,584,96076,6216,1650,1389,18965,5941,10133,2615,3073,1818,7060,1908
1600000US0627000,0627000,"Fresno city, California",479911,61,293678,9992,37664,3486,3883,1694,51949,4319,927,448,73793,8064,18017,4090,5135,2255,12882,3394
1600000US0628000,0628000,"Fullerton city, California",132615,38,80256,6003,4540,2016,1410,1135,29244,4407,0,294,11697,4664,5468,1849,911,601,4557,1806
1600000US0629000,0629000,"Garden Grove city, California",166327,47,70860,6080,1621,769,921,613,56779,6116,435,552,31811,5515,3900,1208,1536,713,2364,871
1600000US0630000,0630000,"Glendale city, California",196882,32,148959,5794,4254,2309,251,209,26607,5132,70,106,12194,4197,4547,1411,1574,894,2973,1032
1600000US0632548,0632548,"Hawthorne city, California",83942,36,29519,4460,24680,3692,54,91,6616,2365,953,1069,18572,4037,3548,1710,717,598,2831,1600
1600000US0633000,0633000,"Hayward city, California",144300,49,53233,5950,15907,3982,2128,1660,31217,4587,2836,2216,30007,5520,8972,2520,2245,1176,6727,2142
1600000US0633182,0633182,"Hemet city, California",71785,48,51674,4437,4080,1991,852,1317,2217,1208,70,125,8776,4083,4116,1844,1228,910,2888,1701
1600000US0633434,0633434,"Hesperia city, California",86182,47,67206,3427,5886,2270,547,587,2544,1406,105,189,7519,2500,2375,1071,1242,657,1133,721
1600000US0636000,0636000,"Huntington Beach city, California",193369,38,154397,5583,1185,875,605,492,16632,3154,2115,1887,12562,4347,5873,1566,1324,1035,4549,1307
1600000US0636448,0636448,"Indio city, California",85057,33,50452,5222,580,433,721,543,1189,542,0,294,27419,5756,4696,2097,2299,1423,2397,1454
1600000US0636546,0636546,"Inglewood city, California",112229,53,26063,5439,51198,5936,263,346,1163,819,1412,1660,29277,5623,2853,1145,634,584,2219,958
1600000US0636770,0636770,"Irvine city, California",209707,35,115447,5651,6111,2824,978,907,76471,6636,508,428,3517,1598,6675,1808,1304,738,5371,1605
1600000US0639496,0639496,"Lake Forest city, California",75870,39,54275,3571,791,688,520,417,9560,2541,129,164,6913,2846,3682,1235,1346,839,2336,975
1600000US0639892,0639892,"Lakewood city, California",78107,41,42216,4006,6274,1760,455,313,14674,3833,910,981,9463,2996,4115,1623,1095,704,3020,1448
1600000US0640130,0640130,"Lancaster city, California",145773,42,87723,6424,27641,5100,1879,1136,10192,3751,537,731,14219,3694,3582,1562,970,628,2612,1417
1600000US0641992,0641992,"Livermore city, California",81095,46,64260,3283,937,743,81,150,9957,2837,932,1063,2279,1192,2649,1105,826,574,1823,763
1600000US0643000,0643000,"Long Beach city, California",462594,44,229982,10308,63912,8078,2460,957,55405,6289,3185,1757,81587,8544,26063,5037,3604,1766,22459,5045
1600000US0644000,0644000,"Los Angeles city, California",3831880,88,1994376,29493,369623,12615,22884,4313,416020,13540,7473,2537,912581,27271,108923,9454,36784,5460,72139,7395
1600000US0644574,0644574,"Lynwood city, California",69760,29,18997,3932,8340,2605,571,703,862,814,0,294,39192,5037,1798,980,600,703,1198,692
1600000US0645484,0645484,"Manteca city, California",65627,32,52574,3061,1145,736,762,494,3913,1882,0,294,3432,2070,3801,1557,1139,769,2662,1415
1600000US0646898,0646898,"Merced city, California",76291,62,47300,3378,5928,1412,705,397,7655,2399,48,80,12519,2655,2136,849,413,370,1723,718
1600000US0647766,0647766,"Milpitas city, California",67907,47,14233,3368,2401,1518,312,309,37638,4084,0,294,9738,3223,3585,1042,822,561,2763,924
1600000US0648256,0648256,"Mission Viejo city, California",94655,35,71030,4740,953,985,869,860,8097,1944,59,108,8270,3854,5377,2096,1868,1950,3509,1027
1600000US0648354,0648354,"Modesto city, California",202740,38,156330,5374,7964,2415,1883,707,14106,2825,1765,1041,12056,3469,8636,2367,1336,763,7300,2370
1600000US0649270,0649270,"Moreno Valley city, California",191766,51,110168,8244,32099,5570,1929,1266,9280,2602,1073,785,29743,4711,7474,2228,1488,714,5986,1986
1600000US0649670,0649670,"Mountain View city, California",72216,33,44755,3213,1160,676,188,300,19652,2954,0,294,3728,2646,2733,810,406,342,2327,763
1600000US0650076,0650076,"Murrieta city, California",97886,39,66595,5701,4205,2652,839,1002,9998,3164,758,843,10060,3598,5431,2376,1108,820,4323,2341
1600000US0650258,0650258,"Napa city, California",75287,39,60515,4013,1658,1268,2303,1660,1838,857,121,152,7743,3661,1109,727,409,497,700,513
1600000US0651182,0651182,"Newport Beach city, California",81681,28,73297,2495,556,632,64,102,4167,1472,0,294,2059,1749,1538,698,240,295,1298,629
1600000US0652526,0652526,"Norwalk city, California",102510,30,45501,5999,4225,1871,233,177,7350,2332,0,294,43234,6265,1967,906,636,532,1331,704
1600000US0653000,0653000,"Oakland city, California",409151,146,151485,8515,113472,6131,3401,1737,61883,6238,3763,2328,57384,9025,17763,3106,3469,1653,14294,3056
1600000US0653322,0653322,"Oceanside city, California",172901,39,113812,5995,6705,2299,815,615,13613,2950,1785,1348,25869,5079,10302,2448,2069,1047,8233,2342
1600000US0653896,0653896,"Ontario city, California",171586,65,88234,7481,13821,4160,2925,2900,5305,1975,431,581,55678,6837,5192,2194,2978,1687,2214,1248
1600000US0653980,0653980,"Orange city, California",136975,59,79616,6521,1244,830,457,378,15166,3287,37,65,36110,7060,4345,1222,1749,801,2596,1163
1600000US0654652,0654652,"Oxnard city, California",187536,34,116597,7788,6865,2236,3441,2066,16417,3062,222,280,36360,6111,7634,2332,2771,1192,4863,2013
1600000US0655156,0655156,"Palmdale city, California",143972,58,61123,4925,19217,4519,1561,950,7717,3109,131,216,48178,6319,6045,2106,2942,1360,3103,1539
1600000US0656000,0656000,"Pasadena city, California",143671,37,93442,5386,13466,2788,448,426,16761,2818,161,249,14958,4655,4435,1447,1543,840,2892,1083
1600000US0657456,0657456,"Pittsburg city, California",65141,51,28351,4861,13735,2924,576,859,8248,2336,0,294,10591,3681,3640,1515,900,813,2740,1272
1600000US0657792,0657792,"Pleasanton city, California",67559,57,44676,3354,1670,1623,375,336,17809,3447,0,294,1357,852,1672,591,225,251,1447,565
1600000US0658072,0658072,"Pomona city, California",152359,46,87624,7193,15126,4344,245,311,13429,3206,45,76,31475,6437,4415,1409,751,420,3664,1357
1600000US0659451,0659451,"Rancho Cucamonga city, California",171837,103,109990,6905,15507,4222,1043,740,17253,4056,0,294,18891,5782,9153,2576,2486,1089,6667,2396
1600000US0659920,0659920,"Redding city, California",90511,40,80347,2197,1241,733,1486,855,1457,797,257,235,1758,1150,3965,1355,339,280,3626,1321
1600000US0659962,0659962,"Redlands city, California",69969,41,46664,3748,5962,3170,357,443,7716,2415,0,294,7200,2585,2070,922,558,421,1512,900
1600000US0660018,0660018,"Redondo Beach city, California",66702,36,50191,3643,2275,1332,73,121,7469,2406,53,91,2266,1282,4375,1789,1047,672,3328,1550
1600000US0660102,0660102,"Redwood City city, California",74503,31,59086,2957,2436,1370,168,193,5730,1554,439,489,4613,1840,2031,825,184,190,1847,842
1600000US0660466,0660466,"Rialto city, California",98717,57,48532,6811,13032,4308,1425,1031,1981,1170,0,294,26918,6171,6829,2687,2546,1779,4283,2052
1600000US0660620,0660620,"Richmond city, California",103147,69,49600,5420,25746,3939,77,131,18019,3999,0,294,6610,2745,3095,1133,402,354,2693,1074
1600000US0662000,0662000,"Riverside city, California",297863,83,201081,9261,22268,3863,3227,1196,15690,3123,1054,775,42622,8131,11921,2394,4546,1634,7375,1899
1600000US0662938,0662938,"Roseville city, California",115694,67,93451,3495,3030,1176,912,580,12317,2223,39,65,3676,2455,2269,871,324,237,1945,889
1600000US0664000,0664000,"Sacramento city, California",466685,69,237366,7317,63663,6525,5050,1710,84525,6360,5905,1650,42288,6442,27888,3917,6900,1801,20988,3448
1600000US0664224,0664224,"Salinas city, California",144275,36,98364,6340,2161,1438,700,544,10879,1862,220,327,28476,5746,3475,1752,1712,1435,1763,931
1600000US0665000,0665000,"San Bernardino city, California",198421,54,84080,8072,28111,5263,1359,734,6660,2441,272,331,69635,9023,8304,2331,2928,1231,5376,1899
1600000US0665042,0665042,"San Buenaventura (Ventura) city, California",104423,29,75239,4781,1965,983,1428,1249,3308,1151,0,294,18330,4283,4153,1641,1932,1397,2221,836
1600000US0666000,0666000,"San Diego city, California",1306228,243,907520,11553,85692,5232,6813,2622,189668,7851,8546,2426,54098,5749,53891,6241,9062,1991,44829,6050
1600000US0667000,0667000,"San Francisco city, California",815358,*****,444420,5335,49981,2998,3374,1222,251841,2902,3706,241,30851,5697,31185,3858,3738,1199,27447,3776
1600000US0668000,0668000,"San Jose city, California",964679,100,449737,15515,28292,3124,5850,1823,306365,8709,2906,993,132829,13076,38700,4059,10341,2810,28359,3494
1600000US0668084,0668084,"San Leandro city, California",78626,30,35224,3738,10979,3000,287,317,23298,3955,549,712,5706,3084,2583,1046,545,395,2038,934
1600000US0668196,0668196,"San Marcos city, California",80698,30,63859,3277,2290,1445,468,498,6527,2159,249,334,5588,2589,1717,711,720,507,997,449
1600000US0668252,0668252,"San Mateo city, California",92808,73,58876,4228,1502,795,77,140,19461,3204,2167,2164,7354,3296,3371,1170,952,652,2419,827
1600000US0669000,0669000,"Santa Ana city, California",340378,118,134597,10505,3849,1264,2003,911,26968,4769,424,471,166018,11900,6519,2448,2613,1127,3906,2247
1600000US0669070,0669070,"Santa Barbara city, California",86346,33,63563,3835,2373,1163,1535,789,3192,1097,177,173,11917,3499,3589,1291,364,496,3225,1220
1600000US0669084,0669084,"Santa Clara city, California",111997,38,49467,4437,4693,2220,266,310,39660,4108,802,736,9942,4461,7167,1924,869,603,6298,1906
1600000US0669088,0669088,"Santa Clarita city, California",169161,65,128419,5712,4930,2606,497,432,12198,3299,759,652,13779,3976,8579,2770,2083,1027,6496,2636
1600000US0669196,0669196,"Santa Maria city, California",86942,33,70237,3639,721,500,1172,730,3878,1662,0,294,9050,3123,1884,989,501,391,1383,787
1600000US0670000,0670000,"Santa Monica city, California",87558,27,67745,3716,2407,1043,57,101,7720,1762,129,153,7351,3595,2149,951,592,688,1557,681
1600000US0670098,0670098,"Santa Rosa city, California",157462,39,126885,4901,3741,1624,2831,1311,9286,2687,0,294,10474,3684,4245,1633,586,467,3659,1613
1600000US0672016,0672016,"Simi Valley city, California",120925,42,90762,4137,2177,1021,121,199,10494,2621,397,499,11108,2844,5866,1921,1257,1141,4609,1448
1600000US0673080,0673080,"South Gate city, California",96287,20,48597,5149,222,283,314,364,365,395,0,294,43385,5124,3404,1342,1291,858,2113,1403
1600000US0675000,0675000,"Stockton city, California",287584,50,133162,9208,36667,3658,3963,1506,61189,4911,1465,889,31452,6033,19686,3196,4935,1753,14751,2797
1600000US0677000,0677000,"Sunnyvale city, California",133967,36,54710,5450,1891,892,423,342,55786,4726,568,578,14359,4746,6230,2128,1867,1092,4363,1819
1600000US0678120,0678120,"Temecula city, California",98871,38,74600,3964,3936,2271,1009,811,9809,3262,359,312,3774,2124,5384,1936,1613,1108,3771,1663
1600000US0678582,0678582,"Thousand Oaks city, California",123534,52,97899,4563,930,584,177,229,12277,2742,787,993,7953,3750,3511,1185,1005,698,2506,949
1600000US0680000,0680000,"Torrance city, California",140312,32,73773,5024,3840,2196,704,505,49077,4938,135,209,3766,1668,9017,2543,1984,1457,7033,2054
1600000US0680238,0680238,"Tracy city, California",79224,49,41883,4749,3097,1291,615,459,12314,3810,920,662,15287,4850,5108,1777,1538,1027,3570,1513
1600000US0680812,0680812,"Turlock city, California",68707,33,55601,2980,433,652,450,435,5351,1874,200,309,3774,1517,2898,1783,1029,841,1869,1523
1600000US0680854,0680854,"Tustin city, California",72536,40,35674,4079,2587,1248,1308,788,15680,3497,197,312,15140,3792,1950,861,262,431,1688,763
1600000US0681204,0681204,"Union City city, California",72849,27,16462,3147,6495,2971,66,109,39152,3924,334,415,7114,2678,3226,1379,1121,1015,2105,1176
1600000US0681344,0681344,"Upland city, California",72966,41,42888,4489,4530,1641,1458,962,4926,2003,0,294,16978,4167,2186,1203,1830,1210,356,289
1600000US0681554,0681554,"Vacaville city, California",91993,60,64974,3717,9143,2081,641,326,3104,1250,669,540,7626,2873,5836,1985,531,481,5305,1873
1600000US0681666,0681666,"Vallejo city, California",114600,67,43077,4772,20742,3197,357,300,27808,3321,1155,481,10282,3748,11179,2095,2769,1458,8410,2120
1600000US0682590,0682590,"Victorville city, California",110930,52,67604,4185,23266,4078,1252,794,3452,1876,0,294,10755,2941,4601,1532,2260,1261,2341,985
1600000US0682954,0682954,"Visalia city, California",122112,32,97952,3545,3276,1820,953,904,6226,1766,246,387,8987,2454,4472,1618,970,852,3502,1391
1600000US0682996,0682996,"Vista city, California",92571,32,74045,3777,2203,926,1672,2015,4251,1709,1131,1163,7397,2306,1872,922,45,66,1827,919
1600000US0684200,0684200,"West Covina city, California",105463,39,35300,4644,6193,2525,392,326,25432,4635,0,294,34314,5723,3832,1160,1883,876,1949,967
1600000US0684550,0684550,"Westminster city, California",89551,36,33990,4419,279,269,0,294,46333,4467,93,118,7213,2808,1643,893,379,376,1264,785
1600000US0685292,0685292,"Whittier city, California",81862,40,43767,4404,997,732,541,639,2674,1474,475,692,31374,5052,2034,1090,563,767,1471,798
1600000US0686832,0686832,"Yorba Linda city, California",66111,42,53213,2755,918,731,349,351,7089,2192,46,78,1807,1303,2689,931,206,193,2483,898
1600000US0803455,0803455,"Arvada city, Colorado",108165,1467,95472,2867,1330,1072,486,570,2472,1567,0,279,6573,2585,1832,818,156,203,1676,810
1600000US0804000,0804000,"Aurora city, Colorado",323288,125,222685,6894,48447,3858,5847,2971,10320,2139,360,556,25411,6023,10218,1952,1061,523,9157,1863
1600000US0807850,0807850,"Boulder city, Colorado",100160,26,91378,1863,732,380,400,336,3155,1115,0,279,2281,1228,2214,1084,255,279,1959,1015
1600000US0812815,0812815,"Centennial city, Colorado",100556,33,85648,2511,5028,2131,386,282,4671,1434,774,549,1517,752,2532,1090,423,357,2109,1073
1600000US0816000,0816000,"Colorado Springs city, Colorado",399803,90,324869,5399,24128,3532,3390,974,11222,1658,988,590,14356,3306,20850,3370,2421,1022,18429,3212
1600000US0820000,0820000,"Denver city, Colorado",610345,*****,460933,7504,60687,2314,7426,1767,18136,961,654,711,43842,7716,18667,3917,3030,1325,15637,3668
1600000US0827425,0827425,"Fort Collins city, Colorado",138722,49,125391,2349,2065,717,954,564,4039,903,179,224,3185,1715,2909,1038,466,409,2443,943
1600000US0832155,0832155,"Greeley city, Colorado",92621,32,85264,1937,695,625,378,360,677,599,0,279,3541,1357,2066,938,587,558,1479,791
1600000US0836410,0836410,"Highlands Ranch CDP, Colorado",99760,4513,88430,4338,1111,917,0,279,7203,1405,62,102,1003,622,1951,862,335,252,1616,814
1600000US0843000,0843000,"Lakewood city, Colorado",141928,41,120406,3838,3118,1732,735,508,4610,1430,230,263,8937,2999,3892,1390,1369,949,2523,964
1600000US0845970,0845970,"Longmont city, Colorado",88369,27,72672,3333,367,332,797,637,1931,1117,0,279,10501,3051,2101,1006,170,275,1931,979
1600000US0862000,0862000,"Pueblo city, Colorado",104875,26,84696,2636,2871,654,731,297,1064,443,170,282,11013,2290,4330,1493,836,478,3494,1442
1600000US0877290,0877290,"Thornton city, Colorado",117636,60,98245,3688,1673,910,430,360,5471,1695,0,279,9369,3648,2448,1295,381,263,2067,1247
1600000US0883835,0883835,"Westminster city, Colorado",109173,45,91531,2977,1744,918,714,496,7834,2327,0,279,3754,1988,3596,1467,722,899,2874,1189
1600000US0908000,0908000,"Bridgeport city, Connecticut",137304,42,69341,4662,48956,3956,222,296,2938,1468,0,277,13655,3326,2192,1025,537,736,1655,802
1600000US0918430,0918430,"Danbury city, Connecticut",79748,33,57371,3154,6664,2651,0,277,4716,1599,93,146,9544,2921,1360,831,77,132,1283,838
1600000US0937000,0937000,"Hartford city, Connecticut",124063,35,40624,3748,46252,4043,1296,847,2656,871,0,277,28689,4244,4546,1520,2011,1144,2535,991
1600000US0950370,0950370,"New Britain city, Connecticut",70543,34,43771,3669,10714,2463,263,290,605,446,275,444,11752,3193,3163,1280,950,430,2213,1241
1600000US0952000,0952000,"New Haven city, Connecticut",123314,56,54912,4286,44249,4162,1416,2049,6579,2229,0,277,11824,3146,4334,1908,479,354,3855,1865
1600000US0955990,0955990,"Norwalk city, Connecticut",83800,29,61951,3526,10404,2248,0,277,2808,1334,0,277,6830,2724,1807,967,834,728,973,607
1600000US0973000,0973000,"Stamford city, Connecticut",121025,34,75933,4401,16983,3184,493,516,7941,2147,0,277,18706,4860,969,571,89,147,880,517
1600000US0980000,0980000,"Waterbury city, Connecticut",107141,33,59950,5087,20149,3273,172,288,2280,1869,0,277,17797,3945,6793,2264,1882,1144,4911,2131
1600000US1150000,1150000,"Washington city, District of Columbia",599657,*****,232247,4198,319119,2130,1835,730,17268,980,539,368,17600,3915,11049,1940,913,548,10136,1862
1600000US1207300,1207300,"Boca Raton city, Florida",86433,50,78269,2271,3655,1782,0,305,2175,1282,0,305,1804,1272,530,383,224,210,306,293
1600000US1208150,1208150,"Brandon CDP, Florida",90757,8098,67805,7278,13599,3626,153,156,3739,1552,0,305,2489,875,2972,1117,558,382,2414,1025
1600000US1210275,1210275,"Cape Coral city, Florida",154209,44,142954,2416,3865,1645,331,330,1914,1021,0,305,2765,1264,2380,963,292,266,2088,980
1600000US1212875,1212875,"Clearwater city, Florida",106064,62,91808,2931,9975,2664,218,227,1539,878,64,107,524,442,1936,974,315,299,1621,942
1600000US1214400,1214400,"Coral Springs city, Florida",126507,53,95200,5739,18969,5219,182,221,6775,2259,0,305,3383,1859,1998,1061,459,461,1539,1023
1600000US1216475,1216475,"Davie town, Florida",91717,50,73206,4505,8591,3560,55,93,3924,1788,0,305,4661,2469,1280,729,70,115,1210,715
1600000US1216725,1216725,"Deerfield Beach city, Florida",75194,42,55759,3408,14758,3431,0,305,1787,1191,0,305,1758,1509,1132,767,585,590,547,481
1600000US1217200,1217200,"Deltona city, Florida",83529,33,61574,4486,9198,3434,176,203,618,547,0,305,9350,3256,2613,1199,1063,870,1550,865
1600000US1224000,1224000,"Fort Lauderdale city, Florida",184906,61,114049,6258,54337,5470,220,339,2186,1447,0,305,10147,4224,3967,1892,581,405,3386,1922
1600000US1224125,1224125,"Fort Myers city, Florida",64669,36,35883,3479,20179,3010,615,901,1856,1083,0,305,4044,2261,2092,1253,876,832,1216,835
1600000US1225175,1225175,"Gainesville city, Florida",116615,29,81120,2639,25139,2542,116,181,5672,1126,208,253,1006,631,3354,1627,314,352,3040,1603
1600000US1230000,1230000,"Hialeah city, Florida",218901,35,199023,4502,4122,2200,62,103,1129,1036,0,305,12973,3791,1592,954,1327,913,265,296
1600000US1232000,1232000,"Hollywood city, Florida",142615,36,103926,4817,19503,3491,252,296,2541,1306,0,305,10703,3736,5690,2257,3133,1875,2557,1412
1600000US1235000,1235000,"Jacksonville city, Florida",813518,24,499286,4095,250508,3768,2747,1067,32551,1341,118,193,9929,2792,18379,3214,2664,1154,15715,3155
1600000US1236100,1236100,"Kendall CDP, Florida",75790,7245,67802,7368,3829,1757,0,305,1860,1143,0,305,1409,1217,890,782,181,175,709,763
1600000US1238250,1238250,"Lakeland city, Florida",93738,34,71125,3985,17881,3409,144,229,1073,859,0,305,2377,1642,1138,726,120,140,1018,708
1600000US1239425,1239425,"Largo city, Florida",73222,39,65140,2755,4768,2522,226,262,1403,1256,239,380,703,596,743,450,223,265,520,335
1600000US1239550,1239550,"Lauderhill city, Florida",67437,55,10633,2345,52954,2591,0,305,1609,1295,0,305,1658,1228,583,641,0,305,583,641
1600000US1239925,1239925,"Lehigh Acres CDP, Florida",74656,6399,49725,5852,14846,2838,1625,1815,276,280,0,305,5758,3605,2426,1425,866,674,1560,1117
1600000US1243975,1243975,"Melbourne city, Florida",77462,74,66311,2359,5724,1792,400,426,1766,904,0,305,1068,642,2193,1145,462,369,1731,1064
1600000US1245000,1245000,"Miami city, Florida",433143,56,317444,9098,89204,9551,360,351,4557,1797,0,305,15298,4297,6280,2031,2223,956,4057,1625
1600000US1245025,1245025,"Miami Beach city, Florida",88066,28,68006,4159,2926,1253,0,305,1943,1316,402,663,13059,3748,1730,1007,425,390,1305,954
1600000US1245060,1245060,"Miami Gardens city, Florida",109336,31,18938,3767,84871,4614,331,514,426,380,0,305,3178,1901,1592,1144,712,700,880,738
1600000US1245975,1245975,"Miramar city, Florida",109165,55,47163,4622,46436,5299,0,305,3953,1489,0,305,6538,2877,5075,1997,1400,1082,3675,1451
1600000US1253000,1253000,"Orlando city, Florida",235876,79,144805,6606,64639,5304,1228,800,6295,2109,65,110,15722,4290,3122,1128,755,509,2367,1058
1600000US1254000,1254000,"Palm Bay city, Florida",101007,43,76352,3627,16548,3227,557,506,2229,1200,0,305,2172,948,3149,1483,437,307,2712,1450
1600000US1254200,1254200,"Palm Coast city, Florida",71774,3549,57438,3558,8414,1635,73,133,1424,648,0,305,2560,1596,1865,896,366,488,1499,802
1600000US1255775,1255775,"Pembroke Pines city, Florida",146625,84,101575,6018,24926,5339,180,284,9224,3037,0,305,6761,2930,3959,1639,307,318,3652,1584
1600000US1257425,1257425,"Plantation city, Florida",84904,49,61740,3263,17228,3295,70,123,2145,1152,0,305,1376,1022,2345,1471,682,756,1663,1306
1600000US1258715,1258715,"Port St. Lucie city, Florida",154399,51,120231,3988,18225,3494,134,202,3667,1043,0,305,6741,2374,5401,2659,1035,1085,4366,2442
1600000US1263000,1263000,"St. Petersburg city, Florida",244318,37,169225,5404,57748,5113,505,575,7472,1877,68,119,3753,1619,5547,1868,948,493,4599,1725
1600000US1268350,1268350,"Spring Hill CDP, Florida",91802,4564,82817,5077,3575,1513,0,305,1686,669,0,305,2421,1511,1303,849,81,130,1222,817
1600000US1269700,1269700,"Sunrise city, Florida",89731,43,46981,5642,33072,5889,81,129,2403,1298,0,305,3824,2054,3370,1751,573,463,2797,1693
1600000US1270600,1270600,"Tallahassee city, Florida",172576,33,98037,3319,62675,3549,156,222,6515,782,403,639,2589,993,2201,765,335,279,1866,673
1600000US1271000,1271000,"Tampa city, Florida",343879,55,220268,7876,96878,6465,2086,2110,9870,2627,396,380,6846,3110,7535,1657,1353,816,6182,1583
1600000US1272145,1272145,"Town 'n' Country CDP, Florida",74372,8106,56660,6082,11360,3935,255,298,3379,1476,0,305,1442,919,1276,841,0,305,1276,841
1600000US1276582,1276582,"Weston city, Florida",63924,27,54372,3009,2338,1684,0,305,3954,2004,0,305,2437,1444,823,546,530,430,293,339
1600000US1276600,1276600,"West Palm Beach city, Florida",99506,33,65094,5057,26103,3963,83,140,2150,1132,79,126,3787,2569,2210,1553,260,282,1950,1321
1600000US1303440,1303440,"Athens-Clarke County unified government (balance), Georgia",115586,305,79183,1071,29296,524,18,37,3693,425,0,296,1163,955,2233,840,500,603,1733,583
1600000US1304000,1304000,"Atlanta city, Georgia",540932,60,223677,8822,277976,9045,776,490,16783,2618,0,296,11782,4617,9938,2644,1652,1125,8286,2281
1600000US1304204,1304204,"Augusta-Richmond County consolidated government (balance), Georgia",195639,1839,83149,1365,103873,2395,655,519,3160,547,143,166,715,580,3944,1424,404,319,3540,1330
1600000US1319000,1319000,"Columbus city, Georgia",190414,*****,90020,1095,86689,1199,646,382,4006,557,477,497,3007,715,5569,1405,1199,860,4370,1239
1600000US1349756,1349756,"Marietta city, Georgia",66948,29,38545,4861,20524,4376,0,296,2157,928,0,296,4609,2785,1113,751,229,369,884,648
1600000US1367284,1367284,"Roswell city, Georgia",87724,31,70763,4270,8095,3529,0,296,1409,695,0,296,5558,2956,1899,992,254,402,1645,912
1600000US1368516,1368516,"Sandy Springs city, Georgia",85619,27,70130,3454,11673,3375,169,275,1971,927,0,296,917,710,759,589,166,207,593,557
1600000US1369000,1369000,"Savannah city, Georgia",134703,34,56446,4114,73681,3935,168,162,2001,785,0,296,1129,788,1278,446,139,118,1139,467
1600000US1517000,1517000,"Honolulu CDP, Hawaii",374658,41,84469,5991,8499,2861,660,792,189797,7243,24924,4633,1857,758,64452,6824,2808,1380,61644,6565
1600000US1608830,1608830,"Boise City city, Idaho",205698,47,185766,1850,3564,1033,2017,945,8286,1143,0,263,1507,717,4558,1237,739,549,3819,1169
1600000US1652120,1652120,"Meridian city, Idaho",68520,31,65068,972,453,424,135,150,665,538,0,263,1055,707,1144,516,62,98,1082,532
1600000US1656260,1656260,"Nampa city, Idaho",81236,28,73817,1769,61,104,774,485,808,508,575,502,1547,871,3654,1741,731,814,2923,1569
1600000US1702154,1702154,"Arlington Heights village, Illinois",74871,3370,66774,2974,685,563,0,269,5121,1851,0,269,1126,806,1165,770,84,137,1081,756
1600000US1703012,1703012,"Aurora city, Illinois",180569,3935,92992,7458,17293,3821,788,702,13912,3401,0,269,47570,6502,8014,2958,3462,1978,4552,2267
1600000US1706613,1706613,"Bloomington city, Illinois",74188,27,61779,1998,5856,1305,114,162,3592,866,0,269,693,774,2154,1241,80,150,2074,1220
1600000US1707133,1707133,"Bolingbrook village, Illinois",68471,1368,37407,3932,12028,2603,0,269,7121,1698,0,269,10451,3974,1464,913,52,86,1412,910
1600000US1712385,1712385,"Champaign city, Illinois",80288,28,55514,2480,13031,1974,376,179,8165,1416,0,269,1362,779,1840,870,346,350,1494,785
1600000US1714000,1714000,"Chicago city, Illinois",2850502,51,1327777,18920,946127,14420,8886,2385,150116,7886,297,217,371557,16483,45742,4938,14821,3314,30921,3444
1600000US1714351,1714351,"Cicero town, Illinois",80108,32,25899,4321,3831,1846,275,450,60,98,0,269,48527,4189,1516,905,1137,813,379,337
1600000US1723074,1723074,"Elgin city, Illinois",107163,5003,70414,5382,5406,1883,0,269,3736,1712,50,91,25121,5168,2436,1026,470,450,1966,945
1600000US1724582,1724582,"Evanston city, Illinois",77869,46,50218,3820,19489,3696,74,122,5496,1644,0,269,1496,1028,1096,496,79,133,1017,452
1600000US1738570,1738570,"Joliet city, Illinois",144618,5246,108310,4936,22831,3817,349,487,3987,2028,0,269,5929,2192,3212,1167,441,405,2771,1135
1600000US1751622,1751622,"Naperville city, Illinois",143939,1980,106466,4510,8256,2529,465,404,22512,3436,0,269,4125,2699,2115,1558,71,115,2044,1562
1600000US1757225,1757225,"Palatine village, Illinois",66701,62,56122,2735,1489,990,0,269,6199,1781,0,269,2195,1808,696,468,147,174,549,435
1600000US1759000,1759000,"Peoria city, Illinois",122139,1718,83294,2383,27759,1865,286,234,4490,431,0,269,1402,973,4908,1611,644,410,4264,1539
1600000US1765000,1765000,"Rockford city, Illinois",158834,2524,115424,3200,31304,1687,556,474,3498,985,0,269,3974,1599,4078,1567,719,439,3359,1448
1600000US1768003,1768003,"Schaumburg village, Illinois",69807,1466,47604,3445,2453,1075,185,317,13323,3052,0,269,4763,2604,1479,848,347,417,1132,798
1600000US1772000,1772000,"Springfield city, Illinois",118116,595,92176,1199,20877,1236,109,75,1771,541,64,105,619,387,2500,1086,238,309,2262,985
1600000US1779293,1779293,"Waukegan city, Illinois",94277,3978,40424,4730,17622,3075,63,101,4488,1840,0,269,29511,4620,2169,871,678,618,1491,752
1600000US1805860,1805860,"Bloomington city, Indiana",71318,2436,60405,2416,3371,753,214,190,4994,832,0,269,1032,471,1302,661,64,106,1238,640
1600000US1810342,1810342,"Carmel city, Indiana",74663,2869,63983,3152,2248,1234,56,88,6702,1493,0,269,142,164,1532,769,355,388,1177,602
1600000US1823278,1823278,"Fishers town, Indiana",76857,2684,68673,3163,3235,1640,60,111,2371,1045,0,269,1438,1229,1080,653,93,111,987,644
1600000US1825000,1825000,"Fort Wayne city, Indiana",251825,4003,191797,4267,39125,1763,887,422,5647,1042,0,269,8744,2468,5625,1570,781,493,4844,1536
1600000US1827000,1827000,"Gary city, Indiana",95499,35,12756,2730,79484,2947,297,320,68,127,0,269,1187,720,1707,917,264,304,1443,871
1600000US1831000,1831000,"Hammond city, Indiana",76535,37,49097,3703,12389,2856,33,56,67,115,40,67,12651,3315,2258,913,1373,609,885,749
1600000US1836003,1836003,"Indianapolis city (balance), Indiana",807640,4775,529675,6481,214703,4585,1472,615,14755,968,0,269,28611,4802,18424,3312,2990,2051,15434,2633
1600000US1840788,1840788,"Lafayette city, Indiana",61957,2552,54635,2543,3425,1109,171,163,400,331,0,269,1130,852,2196,931,275,328,1921,778
1600000US1851876,1851876,"Muncie city, Indiana",67895,1907,58040,1850,3958,1019,87,98,723,376,60,100,324,363,4703,1205,92,122,4611,1213
1600000US1871000,1871000,"South Bend city, Indiana",105036,2654,69248,3529,26385,2250,123,146,1349,648,0,269,3529,1432,4402,1204,1338,624,3064,1121
1600000US1912000,1912000,"Cedar Rapids city, Iowa",127765,29,111256,1711,6452,1317,243,301,3675,788,0,228,3258,1336,2881,1056,166,204,2715,995
1600000US1919000,1919000,"Davenport city, Iowa",101331,27,83978,1767,10111,813,136,132,2750,715,0,228,982,676,3374,1410,529,475,2845,1375
1600000US1921000,1921000,"Des Moines city, Iowa",200569,317,160982,3517,18181,2105,315,288,7279,1777,0,228,6548,2504,7264,2021,542,427,6722,1923
1600000US1938595,1938595,"Iowa City city, Iowa",69077,40,61737,1395,2452,1000,447,385,3101,843,0,228,371,457,969,649,132,214,837,607
1600000US1973335,1973335,"Sioux City city, Iowa",83732,1909,66340,2566,2286,595,1911,775,2692,228,0,228,7537,1689,2966,1121,0,228,2966,1121
1600000US1982425,1982425,"Waterloo city, Iowa",66757,22,52125,1235,9820,876,110,136,459,363,0,228,1987,832,2256,899,635,521,1621,729
1600000US2036000,2036000,"Kansas City city, Kansas",142214,2417,89083,3667,38275,1366,398,292,3004,206,0,244,6507,2021,4947,1986,282,451,4665,1913
1600000US2038900,2038900,"Lawrence city, Kansas",92055,27,76406,1393,3828,855,2584,451,4471,281,0,244,689,431,4077,1654,0,244,4077,1654
1600000US2052575,2052575,"Olathe city, Kansas",121945,70,102355,3401,7580,1874,327,541,3657,1390,0,244,4619,2678,3407,1393,178,181,3229,1327
1600000US2053775,2053775,"Overland Park city, Kansas",174928,78,150734,3011,6506,2045,423,313,10329,1812,0,244,1860,1203,5076,1584,641,600,4435,1550
1600000US2071000,2071000,"Topeka city, Kansas",124351,70,97703,1976,13847,1302,1448,803,1264,502,116,200,4545,1561,5428,1490,549,388,4879,1489
1600000US2079000,2079000,"Wichita city, Kansas",372194,47,281474,4208,39878,3304,3042,1050,18071,1244,845,1311,14151,3204,14733,2933,2777,1425,11956,2655
1600000US2146027,2146027,"Lexington-Fayette urban county, Kentucky",296545,*****,230764,3018,40038,1112,504,315,9658,371,226,357,8808,2893,6547,1588,1664,1015,4883,1222
1600000US2148006,2148006,"Louisville/Jefferson County metro government (balance), Kentucky",566492,64,415158,4169,124621,3852,1322,896,10210,1859,140,176,4015,2045,11026,2436,639,380,10387,2360
1600000US2205000,2205000,"Baton Rouge city, Louisiana",225388,37,101913,4565,113344,4500,333,295,5846,1329,71,120,1540,801,2341,755,361,217,1980,744
1600000US2239475,2239475,"Kenner city, Louisiana",67841,33,47826,3273,14533,3143,422,631,1717,889,0,281,2704,1359,639,421,60,74,579,413
1600000US2240735,2240735,"Lafayette city, Louisiana",114918,35,74843,3515,35960,3248,308,298,1772,582,0,281,483,402,1552,821,119,148,1433,790
1600000US2241155,2241155,"Lake Charles city, Louisiana",71535,33,36381,2531,32554,2473,92,125,1048,464,0,281,311,249,1149,954,184,299,965,897
1600000US2250115,2250115,"Metairie CDP, Louisiana",145737,6098,119358,4963,15927,3766,781,652,4517,1792,0,281,2960,1869,2194,1270,1267,1096,927,581
1600000US2255000,2255000,"New Orleans city, Louisiana",354850,*****,114394,1613,218919,1430,1290,1116,10851,169,786,1124,5164,1882,3446,1137,263,282,3183,1115
1600000US2270000,2270000,"Shreveport city, Louisiana",199163,617,86034,3089,106173,2975,177,191,2091,614,25,42,1967,1205,2696,1042,345,336,2351,989
1600000US2404000,2404000,"Baltimore city, Maryland",637418,*****,206384,2417,396518,2774,2732,1130,11926,713,308,507,7308,2203,12242,2704,648,540,11594,2580
1600000US2419125,2419125,"Columbia CDP, Maryland",87081,5380,51779,4567,24052,3308,286,302,7333,1691,73,123,769,587,2789,1197,83,141,2706,1192
1600000US2426000,2426000,"Ellicott City CDP, Maryland",65871,4743,46408,4013,6634,2273,57,100,11713,2664,0,285,132,159,927,494,172,230,755,468
1600000US2472450,2472450,"Silver Spring CDP, Maryland",76043,6685,33808,3223,19861,4367,1515,1645,7661,3218,0,285,11355,3619,1843,758,322,311,1521,718
1600000US2483837,2483837,"Wheaton-Glenmont CDP, Maryland",67215,7976,21106,3124,14698,4435,0,285,9451,2562,0,285,19781,6046,2179,1126,1130,825,1049,778
1600000US2507000,2507000,"Boston city, Massachusetts",645187,73,370918,6608,151348,4747,2050,1112,48391,2833,854,1117,50519,6560,21107,4445,3462,1661,17645,4110
1600000US2509000,2509000,"Brockton city, Massachusetts",93526,22,47335,2837,34545,2530,91,98,3030,1415,0,283,4941,2325,3584,1423,330,299,3254,1392
1600000US2511000,2511000,"Cambridge city, Massachusetts",108776,34,78060,3548,11042,2581,668,789,11629,2349,48,80,3239,1694,4090,1124,886,781,3204,934
1600000US2523000,2523000,"Fall River city, Massachusetts",90828,27,78481,3149,3058,1487,100,174,2722,1627,0,283,3898,2005,2569,1682,69,116,2500,1672
1600000US2524960,2524960,"Framingham CDP, Massachusetts",67202,42,47383,3796,4291,1755,175,173,4847,1655,0,283,9091,3460,1415,1029,117,197,1298,998
1600000US2534550,2534550,"Lawrence city, Massachusetts",70562,69,22442,3316,1885,1027,100,115,3536,1560,0,283,38942,3854,3657,1967,2082,1247,1575,1271
1600000US2537000,2537000,"Lowell city, Massachusetts",104385,37,64173,5025,7496,1979,36,67,20252,4772,432,362,8815,2621,3181,1368,972,648,2209,1296
1600000US2537490,2537490,"Lynn city, Massachusetts",87525,39,57910,4185,13802,2529,52,89,4091,1779,0,283,5172,2024,6498,3409,209,190,6289,3413
1600000US2545000,2545000,"New Bedford city, Massachusetts",91048,27,73970,2859,8244,2240,191,187,530,445,0,283,3982,1504,4131,1412,1802,842,2329,1166
1600000US2545560,2545560,"Newton city, Massachusetts",84596,29,68854,3208,1573,742,25,43,11459,2979,328,361,612,375,1745,673,46,79,1699,678
1600000US2555745,2555745,"Quincy city, Massachusetts",91025,28,67535,3150,3630,1837,37,61,17794,3219,0,283,821,718,1208,614,233,207,975,581
1600000US2562535,2562535,"Somerville city, Massachusetts",76489,24,59897,3524,4372,1749,89,149,8076,2750,0,283,3298,1926,757,499,0,283,757,499
1600000US2567000,2567000,"Springfield city, Massachusetts",155594,56,80107,5841,31230,2596,722,698,2145,922,0,283,33754,5536,7636,2381,2109,1555,5527,2043
1600000US2582000,2582000,"Worcester city, Massachusetts",182892,45,144544,3950,20333,2722,63,114,8157,1843,134,158,5253,1995,4408,1582,908,719,3500,1469
1600000US2603000,2603000,"Ann Arbor city, Michigan",112917,30,84485,2588,7959,1843,49,85,14811,1693,0,244,1048,792,4565,2141,206,258,4359,2139
1600000US2613110,2613110,"Canton CDP, Michigan",80435,25,64586,2910,3604,1104,0,244,10659,2528,0,244,473,392,1113,549,114,193,999,486
1600000US2616510,2616510,"Clinton CDP, Michigan",95983,29,81479,3252,10796,3020,522,540,1580,985,0,244,396,346,1210,574,40,70,1170,553
1600000US2621000,2621000,"Dearborn city, Michigan",84579,25,79802,1528,1204,811,134,99,1985,1066,27,44,431,319,996,654,161,194,835,611
1600000US2622000,2622000,"Detroit city, Michigan",910848,99,151984,9114,695092,7426,3046,1577,15184,4366,0,244,28929,6033,16613,4542,3792,1974,12821,4111
1600000US2627440,2627440,"Farmington Hills city, Michigan",78687,45,59136,3276,10621,2626,202,248,7329,1963,0,244,424,455,975,474,179,169,796,441
1600000US2629000,2629000,"Flint city, Michigan",111485,44,49142,3477,55875,3380,814,775,1126,823,270,323,968,684,3290,1528,62,105,3228,1532
1600000US2634000,2634000,"Grand Rapids city, Michigan",193707,36,136875,4314,37657,3881,971,751,3151,1239,0,244,8935,2839,6118,1875,918,480,5200,1721
1600000US2642160,2642160,"Kalamazoo city, Michigan",72836,41,52112,2789,14934,2155,402,379,1583,700,0,244,1643,1522,2162,935,201,354,1961,815
1600000US2646000,2646000,"Lansing city, Michigan",113389,1611,76905,2307,22798,2302,184,246,3681,1350,0,244,3081,1202,6740,2095,817,434,5923,1975
1600000US2649000,2649000,"Livonia city, Michigan",89291,26,81697,1893,3229,1282,28,49,2642,1110,0,244,324,427,1371,826,68,108,1303,821
1600000US2665440,2665440,"Pontiac city, Michigan",66267,69,27331,3162,33561,2834,138,180,1314,935,0,244,1707,1479,2216,1104,346,378,1870,1040
1600000US2669035,2669035,"Rochester Hills city, Michigan",69207,22,57350,2372,3778,1539,117,141,6809,2257,0,244,154,263,999,579,104,89,895,576
1600000US2674900,2674900,"Southfield city, Michigan",75532,24,21344,2478,49825,3083,51,85,1070,773,0,244,838,1064,2404,1301,0,244,2404,1301
1600000US2676460,2676460,"Sterling Heights city, Michigan",127181,31,108667,3850,6680,3195,80,88,10405,2163,0,244,97,118,1252,615,136,160,1116,568
1600000US2680700,2680700,"Troy city, Michigan",80542,59,60868,2566,1952,962,95,125,15893,2420,0,244,696,629,1038,580,0,244,1038,580
1600000US2684000,2684000,"Warren city, Michigan",133889,56,108879,4290,15274,4029,676,355,6489,2256,0,244,964,858,1607,913,180,297,1427,804
1600000US2684220,2684220,"Waterford CDP, Michigan",70775,24,65890,1944,2695,1511,340,324,301,265,0,244,908,1028,641,413,0,244,641,413
1600000US2686000,2686000,"Westland city, Michigan",77300,41,62626,4204,9329,4099,310,290,2263,1221,0,244,368,362,2404,916,278,179,2126,898
1600000US2688940,2688940,"Wyoming city, Michigan",70686,33,55412,3383,5290,2387,64,88,2184,1232,0,244,5995,2367,1741,878,528,583,1213,655
1600000US2706616,2706616,"Bloomington city, Minnesota",82929,30,64586,4305,6233,3289,671,661,3649,1099,0,213,3924,2537,3866,1524,541,439,3325,1544
1600000US2707966,2707966,"Brooklyn Park city, Minnesota",72184,39,40369,3719,12964,2715,770,750,11988,3336,0,213,2657,2351,3436,1292,495,530,2941,1328
1600000US2717000,2717000,"Duluth city, Minnesota",84415,25,75460,1126,2041,617,2587,1154,1680,345,0,213,945,589,1702,794,96,121,1606,765
1600000US2743000,2743000,"Minneapolis city, Minnesota",385384,41,268414,5990,62484,4818,6266,1715,21476,2799,0,213,15158,3604,11586,2581,501,425,11085,2465
1600000US2751730,2751730,"Plymouth city, Minnesota",72851,26,64373,2290,3568,1946,209,221,3120,1261,0,213,875,607,706,449,0,213,706,449
1600000US2754880,2754880,"Rochester city, Minnesota",103480,28,87307,618,5380,838,556,318,7543,565,0,213,999,544,1695,1010,55,91,1640,1003
1600000US2756896,2756896,"St. Cloud city, Minnesota",64126,3383,57429,3390,3014,765,297,225,1299,718,142,225,94,80,1851,833,58,75,1793,832
1600000US2758000,2758000,"St. Paul city, Minnesota",281244,43,187353,4061,40737,2414,3069,1053,38118,3056,397,553,5260,1609,6310,1477,731,490,5579,1426
1600000US2829700,2829700,"Gulfport city, Mississippi",70802,40,39034,2983,28597,3076,345,396,981,635,0,291,408,377,1437,809,0,291,1437,809
1600000US2836000,2836000,"Jackson city, Mississippi",175070,1277,36188,2846,134115,3073,144,202,910,674,0,291,2486,1682,1227,655,188,316,1039,511
1600000US2915670,2915670,"Columbia city, Missouri",102332,35,81276,1538,10033,1340,326,302,4176,462,182,201,2129,848,4210,1197,353,261,3857,1166
1600000US2935000,2935000,"Independence city, Missouri",121186,54,106261,3116,5445,1604,264,306,992,508,400,215,3724,2040,4100,1400,530,642,3570,1267
1600000US2938000,2938000,"Kansas City city, Missouri",482228,175,300063,5559,135968,4729,1980,870,10990,1513,269,421,15551,3770,17407,4175,1465,1100,15942,4283
1600000US2941348,2941348,"Lee's Summit city, Missouri",86125,451,72801,3076,6137,2040,256,337,2271,1049,33,83,2374,1819,2253,988,0,259,2253,988
1600000US2954074,2954074,"O'Fallon city, Missouri",78863,52,67864,2775,5187,1930,48,86,2677,970,0,259,1291,1609,1796,1096,472,419,1324,1003
1600000US2964550,2964550,"St. Joseph city, Missouri",77552,1726,70063,1935,2718,610,131,115,461,226,688,595,938,833,2553,633,396,396,2157,509
1600000US2965000,2965000,"St. Louis city, Missouri",356587,*****,166649,1583,169920,1313,917,587,7685,470,0,259,5108,1465,6308,1523,781,561,5527,1456
1600000US2970000,2970000,"Springfield city, Missouri",157647,84,143183,1497,5925,1145,647,351,2495,628,0,259,978,790,4419,1422,71,126,4348,1422
1600000US3006550,3006550,"Billings city, Montana",105850,32,93322,1908,256,263,4309,1050,1002,350,0,240,3713,1669,3248,1006,535,454,2713,985
1600000US3050200,3050200,"Missoula city, Montana",68875,23,63513,1055,135,216,2515,1047,671,330,0,240,282,359,1759,491,171,210,1588,425
1600000US3128000,3128000,"Lincoln city, Nebraska",254008,34,225629,1742,9621,1068,1863,457,8724,773,78,127,3170,1588,4923,1590,240,245,4683,1548
1600000US3137000,3137000,"Omaha city, Nebraska",454714,64,347291,4247,53721,2231,3168,1185,10393,1406,356,421,26697,4025,13088,2730,2341,935,10747,2326
1600000US3223770,3223770,"Enterprise CDP, Nevada",106328,8603,66703,6645,6112,2146,485,612,20841,4035,2384,1670,4016,2473,5787,2026,1771,1441,4016,1438
1600000US3231900,3231900,"Henderson city, Nevada",256424,78,197321,7286,10338,2848,2672,1811,19504,3936,1104,700,15037,5066,10448,2246,1686,608,8762,2177
1600000US3240000,3240000,"Las Vegas city, Nevada",567610,126,429091,9383,59778,6350,4905,1815,33264,5525,1897,1078,19958,3717,18717,3364,2752,1100,15965,3127
1600000US3251800,3251800,"North Las Vegas city, Nevada",224416,99,144931,8117,37068,5642,1095,673,10855,2517,1919,1200,19582,6139,8966,1725,2233,963,6733,1743
1600000US3254600,3254600,"Paradise CDP, Nevada",202987,11292,149575,10111,21628,3928,681,545,16101,3238,1036,548,7972,2561,5994,1827,554,404,5440,1733
1600000US3260600,3260600,"Reno city, Nevada",219649,58,176569,5108,6511,1588,2064,904,14487,2206,1116,794,11385,4501,7517,1547,1048,754,6469,1372
1600000US3268400,3268400,"Sparks city, Nevada",89337,46,68444,2866,2644,1347,1326,835,6000,1974,893,781,5534,2382,4496,1832,1103,658,3393,1708
1600000US3268585,3268585,"Spring Valley CDP, Nevada",160319,9043,110077,8720,15984,3547,687,470,24785,4060,749,580,2406,1094,5631,1910,1748,1081,3883,1481
1600000US3271400,3271400,"Sunrise Manor CDP, Nevada",189166,10556,137341,9673,24797,4713,1063,961,8604,2514,803,877,11879,3396,4679,1904,1811,1120,2868,1386
1600000US3345140,3345140,"Manchester city, New Hampshire",109263,56,95522,2025,4821,1533,130,163,3643,1567,63,88,3279,1240,1805,567,274,272,1531,602
1600000US3350260,3350260,"Nashua city, New Hampshire",87556,23,76067,2850,1027,798,542,717,5536,1931,0,255,3883,1973,501,338,0,255,501,338
1600000US3410000,3410000,"Camden city, New Jersey",78785,31,11083,2523,37969,3164,1271,1133,2008,1132,0,279,22463,3714,3991,1891,857,565,3134,1626
1600000US3413690,3413690,"Clifton city, New Jersey",78232,39,53270,4281,4680,1983,0,279,5984,1657,0,279,12143,4195,2155,1229,286,268,1869,1188
1600000US3420260,3420260,"Edison CDP, New Jersey",99724,57,44044,3937,6614,1685,637,520,42902,4322,0,279,2446,1656,3081,1320,399,484,2682,1208
1600000US3421000,3421000,"Elizabeth city, New Jersey",125299,54,66566,4913,26793,3706,127,215,1833,1011,82,140,28541,4326,1357,800,736,539,621,496
1600000US3436000,3436000,"Jersey City city, New Jersey",242513,53,95890,4665,65898,3803,2230,1367,47793,3034,32,54,24514,4236,6156,1975,1720,1010,4436,1496
1600000US3451000,3451000,"Newark city, New Jersey",278157,37,86865,6346,139942,6608,1052,745,3818,1457,332,368,22187,4003,23961,5352,4266,2450,19695,5174
1600000US3456550,3456550,"Passaic city, New Jersey",67015,29,24014,3506,6269,2264,398,551,2740,1108,0,279,32725,4056,869,559,607,437,262,352
1600000US3457000,3457000,"Paterson city, New Jersey",145836,31,60913,5798,44714,4240,65,109,5113,2233,88,150,33561,5086,1382,737,864,657,518,394
1600000US3473110,3473110,"Toms River CDP, New Jersey",94408,811,84423,2794,2693,1100,303,291,2522,1063,0,279,2345,1290,2122,1371,1033,1132,1089,671
1600000US3474000,3474000,"Trenton city, New Jersey",83232,42,34033,3832,40082,2907,316,354,1092,769,0,279,6363,2695,1346,730,122,154,1224,716
1600000US3474630,3474630,"Union City city, New Jersey",61947,39,51098,2498,2388,1409,404,380,1018,520,0,279,5716,1764,1323,591,694,443,629,494
1600000US3502000,3502000,"Albuquerque city, New Mexico",529216,39,361071,8741,18650,1696,27776,3192,14311,1100,258,321,86689,8261,20461,3629,7673,2099,12788,2755
1600000US3539380,3539380,"Las Cruces city, New Mexico",93449,32,82416,2073,2929,1042,1130,895,1167,556,0,283,3906,1186,1901,957,594,407,1307,875
1600000US3563460,3563460,"Rio Rancho city, New Mexico",82495,36,65284,2355,3406,365,3669,1405,1875,449,394,583,6556,2034,1311,657,133,168,1178,657
1600000US3570500,3570500,"Santa Fe city, New Mexico",73972,39,63279,3305,1134,1027,732,524,718,523,104,169,6668,3011,1337,714,316,289,1021,629
1600000US3601000,3601000,"Albany city, New York",93849,45,58365,2880,25380,2634,201,189,4129,1264,0,277,2342,1359,3432,1484,278,313,3154,1530
1600000US3611000,3611000,"Buffalo city, New York",270221,72,147050,4393,99636,3144,2290,868,5340,2289,0,277,8996,2510,6909,1778,738,427,6171,1620
1600000US3649121,3649121,"Mount Vernon city, New York",68813,26,20812,3568,40944,3710,0,277,1251,875,0,277,3433,2066,2373,1154,539,496,1834,948
1600000US3650617,3650617,"New Rochelle city, New York",74277,32,54530,3380,12229,2898,178,276,3044,1571,0,277,2780,1720,1516,848,699,550,817,662
1600000US3651000,3651000,"New York city, New York",8391881,*****,3912143,25157,2109738,13634,29850,3830,1004177,5507,3316,748,1134699,25347,197958,11711,65967,5803,131991,10048
1600000US3663000,3663000,"Rochester city, New York",207291,32,102634,4929,83852,4262,659,471,4783,1835,135,157,9169,2328,6059,1625,1248,670,4811,1442
1600000US3673000,3673000,"Syracuse city, New York",138562,25,84130,3054,41173,2677,1165,637,5732,1594,0,277,2441,1083,3921,1219,228,250,3693,1207
1600000US3684000,3684000,"Yonkers city, New York",201073,47,112287,6478,38973,5162,143,176,12251,2585,0,277,32052,5817,5367,2443,2833,1831,2534,1224
1600000US3702140,3702140,"Asheville city, North Carolina",76631,30,62946,2526,9620,2245,369,312,563,478,41,76,490,605,2602,1233,491,670,2111,725
1600000US3710740,3710740,"Cary town, North Carolina",137163,495,108706,4442,6677,2459,1301,1271,16316,2750,0,287,2280,1720,1883,920,0,287,1883,920
1600000US3712000,3712000,"Charlotte city, North Carolina",704417,46,388406,7922,232185,5831,2196,690,31078,2378,0,287,32991,6354,17561,3600,1708,927,15853,3450
1600000US3714100,3714100,"Concord city, North Carolina",67248,27,52471,2743,10767,2608,125,184,1604,636,0,287,1189,897,1092,637,34,60,1058,631
1600000US3719000,3719000,"Durham city, North Carolina",229147,51,102664,3982,88853,2938,213,223,10737,960,0,287,18854,3300,7826,1983,535,729,7291,1822
1600000US3722920,3722920,"Fayetteville city, North Carolina",198066,44,95091,4322,79249,4679,1022,628,5012,970,633,237,3299,1155,13760,2487,1715,855,12045,2472
1600000US3725580,3725580,"Gastonia city, North Carolina",72912,84,46622,2882,18217,2305,223,274,1773,955,0,287,5217,2079,860,599,0,287,860,599
1600000US3728000,3728000,"Greensboro city, North Carolina",255141,69,128503,4455,101592,4473,943,793,10647,2188,0,287,7975,3039,5481,2224,762,612,4719,2158
1600000US3728080,3728080,"Greenville city, North Carolina",81798,25,50326,2948,27990,2960,129,157,1506,516,0,287,304,327,1543,693,98,168,1445,709
1600000US3731400,3731400,"High Point city, North Carolina",103921,968,57605,4032,34556,4221,823,728,4660,1993,0,287,5733,2258,544,354,164,192,380,245
1600000US3734200,3734200,"Jacksonville city, North Carolina",80549,26,57175,2671,17251,2683,226,238,1345,449,157,254,1625,736,2770,1153,820,560,1950,938
1600000US3755000,3755000,"Raleigh city, North Carolina",405197,662,245460,6271,121238,5725,1091,558,15068,2647,0,287,16469,4607,5871,1649,298,371,5573,1590
1600000US3774440,3774440,"Wilmington city, North Carolina",101353,33,74153,2283,23461,2010,323,307,727,752,0,287,1319,1299,1370,695,60,125,1310,682
1600000US3775000,3775000,"Winston-Salem city, North Carolina",229826,35,120215,4222,78640,3054,144,214,4678,924,303,483,21104,4151,4742,1646,516,455,4226,1584
1600000US3825700,3825700,"Fargo city, North Dakota",95568,48,85610,1020,3103,791,2276,699,2561,508,0,208,789,487,1229,603,0,208,1229,603
1600000US3901000,3901000,"Akron city, Ohio",207208,27,133985,3598,61015,3255,411,412,5940,1797,0,267,1922,1365,3935,1405,170,155,3765,1406
1600000US3915000,3915000,"Cincinnati city, Ohio",333013,32,184257,5232,135011,5027,213,278,5123,1766,69,121,1859,1603,6481,1757,51,82,6430,1764
1600000US3916000,3916000,"Cleveland city, Ohio",431369,39,189446,6615,219227,6543,1131,598,6806,1774,116,141,6731,1825,7912,1966,1296,819,6616,1601
1600000US3918000,3918000,"Columbus city, Ohio",773021,2718,506488,6828,199356,5717,2394,1537,32219,2309,175,179,12598,3658,19791,2738,2404,1157,17387,2604
1600000US3921000,3921000,"Dayton city, Ohio",153832,51,85437,3275,62060,3355,53,89,1394,766,0,267,1729,1192,3159,912,82,144,3077,910
1600000US3944856,3944856,"Lorain city, Ohio",70263,22,48237,2748,10837,2333,1322,970,401,346,0,267,5372,1981,4094,1363,720,646,3374,1257
1600000US3961000,3961000,"Parma city, Ohio",77270,21,73512,1236,2189,1083,32,57,485,428,0,267,460,433,592,335,84,99,508,301
1600000US3977000,3977000,"Toledo city, Ohio",316164,61,220825,2511,79788,2292,1371,773,2748,1165,84,143,4003,1742,7345,1822,551,412,6794,1727
1600000US3988000,3988000,"Youngstown city, Ohio",72429,27,34920,1888,34005,1656,0,267,1025,481,0,267,1260,717,1219,634,175,193,1044,548
1600000US4009050,4009050,"Broken Arrow city, Oklahoma",101431,3003,83069,4225,6529,2908,3945,1515,2570,1048,0,251,1073,618,4245,1048,293,264,3952,1001
1600000US4023200,4023200,"Edmond city, Oklahoma",81092,27,68840,2950,4763,2236,1321,591,3325,1436,0,251,1034,1477,1809,605,67,112,1742,610
1600000US4041850,4041850,"Lawton city, Oklahoma",87407,3357,57368,2957,18425,1362,3239,755,2000,394,441,84,1521,625,4413,1423,829,511,3584,1215
1600000US4052500,4052500,"Norman city, Oklahoma",109056,30,89343,2225,5851,1556,4404,1212,3336,1049,618,838,1243,1267,4261,1397,226,266,4035,1363
1600000US4055000,4055000,"Oklahoma City city, Oklahoma",560226,100,373387,6654,82543,4371,14840,1896,21765,2828,110,131,30556,5441,37025,4030,2563,923,34462,4045
1600000US4075000,4075000,"Tulsa city, Oklahoma",389369,891,273808,6368,59488,3469,12805,1933,7361,1538,335,500,12475,3579,23097,3740,1311,822,21786,3543
1600000US4105350,4105350,"Beaverton city, Oregon",93425,50,67322,4488,1691,1025,254,296,8206,1795,254,259,11766,4238,3932,1188,537,578,3395,1034
1600000US4105800,4105800,"Bend city, Oregon",77291,20,72573,1410,383,480,338,333,1292,447,126,218,941,1045,1638,966,934,808,704,522
1600000US4123850,4123850,"Eugene city, Oregon",153275,33,130881,2354,3147,965,1274,643,6826,1452,600,361,2262,1398,8285,1746,424,405,7861,1730
1600000US4131250,4131250,"Gresham city, Oregon",102302,39,82229,4353,2356,1280,2382,1714,3156,1171,512,747,9456,3744,2211,930,235,243,1976,899
1600000US4134100,4134100,"Hillsboro city, Oregon",95545,37,65070,5115,1328,675,1376,1100,8959,2871,634,504,13324,4369,4854,1893,148,220,4706,1878
1600000US4147000,4147000,"Medford city, Oregon",73483,27,66772,1519,411,337,568,551,1363,470,997,944,827,605,2545,995,444,389,2101,947
1600000US4159000,4159000,"Portland city, Oregon",566606,1706,442980,6312,36917,3137,3706,1114,36839,2277,2494,1356,19221,4540,24449,3205,1836,790,22613,3128
1600000US4164900,4164900,"Salem city, Oregon",159292,2908,133463,4436,2963,719,2098,821,4082,1475,646,640,9290,3323,6750,1982,1629,1023,5121,1632
1600000US4202000,4202000,"Allentown city, Pennsylvania",107819,27,73786,3747,12582,2768,230,256,1616,890,0,246,17779,3480,1826,905,222,213,1604,921
1600000US4206088,4206088,"Bethlehem city, Pennsylvania",73338,2963,57851,3605,5823,2256,249,225,1164,706,0,246,6505,2188,1746,1054,493,399,1253,969
1600000US4224000,4224000,"Erie city, Pennsylvania",103573,20,83261,1915,14091,1728,86,148,1459,502,0,246,1719,1291,2957,1314,557,681,2400,1216
1600000US4260000,4260000,"Philadelphia city, Pennsylvania",1547297,*****,682914,7789,656275,5031,3261,1056,86919,1162,735,903,85875,7967,31318,4452,6590,2020,24728,4588
1600000US4261000,4261000,"Pittsburgh city, Pennsylvania",311640,47,206390,5201,82615,4574,530,679,11675,2051,113,134,2944,1423,7373,1996,688,460,6685,1936
1600000US4263624,4263624,"Reading city, Pennsylvania",80997,25,39501,4992,11348,2419,160,217,1170,727,0,246,25152,4407,3666,1457,1602,943,2064,937
1600000US4269000,4269000,"Scranton city, Pennsylvania",71941,20,65792,1122,3304,1041,89,106,983,279,0,246,886,583,887,576,0,246,887,576
1600000US4419180,4419180,"Cranston city, Rhode Island",80125,28,66366,2987,3810,1301,982,830,2312,1358,0,287,5557,2292,1098,672,512,544,586,375
1600000US4454640,4454640,"Pawtucket city, Rhode Island",71948,32,50839,3558,11001,2731,28,43,754,679,0,287,6498,2288,2828,1093,799,817,2029,796
1600000US4459000,4459000,"Providence city, Rhode Island",171904,41,80114,5837,29607,4027,1488,763,11819,2432,76,93,43973,4712,4827,1577,1439,865,3388,1469
1600000US4474300,4474300,"Warwick city, Rhode Island",84762,19,78784,1604,1249,604,0,287,2752,1167,0,287,799,905,1178,912,367,472,811,634
1600000US4513330,4513330,"Charleston city, South Carolina",115459,1455,80657,4726,29155,4173,183,285,3627,1422,96,162,822,711,919,556,110,177,809,546
1600000US4516000,4516000,"Columbia city, South Carolina",129539,592,68653,3758,54532,4012,199,222,3517,1492,205,173,290,197,2143,958,126,174,2017,928
1600000US4550875,4550875,"North Charleston city, South Carolina",105471,2685,47714,3997,50101,3640,621,410,2026,981,0,289,2551,1663,2458,811,0,289,2458,811
1600000US4652980,4652980,"Rapid City city, South Dakota",67097,39,55652,1432,387,305,6395,1271,1050,304,0,223,1326,727,2287,894,479,366,1808,801
1600000US4659020,4659020,"Sioux Falls city, South Dakota",167262,2442,146906,2906,5124,660,3442,1108,2930,836,0,223,4995,1849,3865,1338,647,562,3218,1094
1600000US4714000,4714000,"Chattanooga city, Tennessee",171351,37,104447,3557,57435,3595,310,305,3005,1106,50,80,3572,1768,2532,1273,484,628,2048,900
1600000US4715160,4715160,"Clarksville city, Tennessee",124572,31,85905,1068,29512,1237,541,368,2852,678,327,82,1331,556,4104,1210,543,338,3561,1138
1600000US4740000,4740000,"Knoxville city, Tennessee",185106,36,147760,3387,30034,3028,150,196,3072,1179,0,283,507,485,3583,1225,330,355,3253,1119
1600000US4748000,4748000,"Memphis city, Tennessee",676646,43,225605,6370,412656,5550,1292,812,11483,2546,185,179,13354,3694,12071,3410,942,833,11129,3219
1600000US4751560,4751560,"Murfreesboro city, Tennessee",105203,35,77987,2998,18892,2527,43,79,4055,1366,0,283,3191,1836,1035,458,332,293,703,367
1600000US4752006,4752006,"Nashville-Davidson metropolitan government (balance), Tennessee",605466,32,389233,4787,168994,3258,775,536,19008,809,0,283,17351,4802,10105,1719,515,305,9590,1691
1600000US4801000,4801000,"Abilene city, Texas",114860,3224,89514,3465,9164,1706,984,424,1753,697,286,373,11105,2765,2054,944,811,579,1243,723
1600000US4801924,4801924,"Allen city, Texas",84249,32,61381,4591,8111,3848,44,80,10204,2629,0,291,2057,1347,2452,1593,874,1380,1578,891
1600000US4803000,4803000,"Amarillo city, Texas",193311,2009,160290,2918,13953,1614,1622,674,4349,565,49,91,6896,1695,6152,1899,2847,1475,3305,1181
1600000US4804000,4804000,"Arlington city, Texas",380072,79,237928,8908,68936,7132,3727,1743,25720,4380,110,176,34905,7787,8746,2316,1319,860,7427,2161
1600000US4805000,4805000,"Austin city, Texas",790593,4586,546235,11190,67416,5031,4220,1382,43038,3333,491,487,112414,9816,16779,3431,4180,1863,12599,2719
1600000US4806128,4806128,"Baytown city, Texas",73083,1690,50324,3667,9488,2747,354,429,1293,810,0,291,9930,3081,1694,1189,919,811,775,663
1600000US4807000,4807000,"Beaumont city, Texas",110121,47,45700,3350,54482,2851,250,260,2817,1144,150,248,5091,2307,1631,807,214,159,1417,774
1600000US4810768,4810768,"Brownsville city, Texas",176862,34,161160,2953,1137,999,331,346,1257,550,0,291,10496,2518,2481,999,1837,806,644,437
1600000US4810912,4810912,"Bryan city, Texas",71885,3063,52083,3213,13609,1770,182,152,788,466,0,291,2962,1470,2261,952,597,417,1664,860
1600000US4813024,4813024,"Carrollton city, Texas",129184,38,92472,4439,10537,3605,1796,1584,15651,2937,0,291,4580,2075,4148,1619,1033,1072,3115,1291
1600000US4815976,4815976,"College Station city, Texas",86676,28,71184,1765,5672,1574,128,198,7317,592,0,291,1759,736,616,322,145,173,471,308
1600000US4817000,4817000,"Corpus Christi city, Texas",287231,61,246769,4529,13130,431,1165,630,4365,480,0,291,16864,4521,4938,1234,1175,509,3763,1182
1600000US4819000,4819000,"Dallas city, Texas",1299590,879,694238,15913,291621,9971,4577,1501,35895,5640,595,493,244518,16682,28146,4878,10098,3077,18048,3374
1600000US4819972,4819972,"Denton city, Texas",122833,31,96091,4051,12267,2529,149,158,3826,1344,0,291,2793,2020,7707,3230,991,1086,6716,3118
1600000US4822660,4822660,"Edinburg city, Texas",72419,33,64423,1911,294,365,251,253,1954,913,0,291,3828,1379,1669,732,608,397,1061,673
1600000US4824000,4824000,"El Paso city, Texas",620440,68,493386,9165,19123,2395,5375,1459,8562,639,343,201,78940,8185,14711,3171,9044,2559,5667,1785
1600000US4826232,4826232,"Flower Mound town, Texas",70195,29,64371,2093,1354,928,366,343,2308,1374,0,291,229,216,1567,901,125,157,1442,890
1600000US4827000,4827000,"Fort Worth city, Texas",731588,1810,456811,11916,135268,7770,3498,1367,21466,3475,327,431,99245,10614,14973,2674,4317,1314,10656,2308
1600000US4827684,4827684,"Frisco city, Texas",118864,3516,96715,5228,6743,2752,534,457,11239,2866,0,291,868,517,2765,1264,746,634,2019,1076
1600000US4829000,4829000,"Garland city, Texas",222013,52,99885,8306,29674,5011,853,637,19007,4083,0,291,56282,8399,16312,4174,3144,1528,13168,3831
1600000US4830464,4830464,"Grand Prairie city, Texas",162296,101,97276,7166,25858,4419,898,580,6931,1917,0,291,27672,6492,3661,1428,1405,893,2256,1061
1600000US4832372,4832372,"Harlingen city, Texas",65309,68,59803,1421,1038,546,180,277,824,574,0,291,2945,1192,519,427,244,271,275,334
1600000US4835000,4835000,"Houston city, Texas",2260918,1976,1370365,20346,513449,13811,12239,3832,134133,7427,1896,1319,198572,16452,30264,4591,7458,1764,22806,4048
1600000US4837000,4837000,"Irving city, Texas",205549,48,132210,6038,21064,3530,2439,1703,27242,3179,0,291,18048,4297,4546,1668,1514,848,3032,1409
1600000US4839148,4839148,"Killeen city, Texas",119509,32,62668,3820,37794,3660,860,648,4742,1213,1266,288,3241,1112,8938,2203,743,870,8195,2016
1600000US4841464,4841464,"Laredo city, Texas",226419,4177,207149,5463,1151,863,247,269,1634,483,0,291,13681,3174,2557,1190,2121,1212,436,276
1600000US4841980,4841980,"League City city, Texas",71069,190,57562,2846,6455,2417,77,93,3956,1299,0,291,2206,1236,813,581,70,121,743,563
1600000US4842508,4842508,"Lewisville city, Texas",105325,186,72239,5837,11176,2814,282,260,7040,3041,241,308,3511,2704,10836,4337,812,1077,10024,4585
1600000US4843888,4843888,"Longview city, Texas",77730,928,53422,2639,16900,1910,484,363,1331,136,167,262,3879,1483,1547,688,250,315,1297,664
1600000US4845000,4845000,"Lubbock city, Texas",225865,30,176748,4160,18325,1139,1272,447,3221,587,175,195,20242,4088,5882,1743,2994,1425,2888,1006
1600000US4845384,4845384,"McAllen city, Texas",132228,27,114704,3581,925,663,537,626,3051,1130,0,291,10071,2903,2940,1451,1941,1088,999,984
1600000US4845744,4845744,"McKinney city, Texas",127679,41,102837,3942,15151,3548,414,304,4968,1702,0,291,1945,1018,2364,936,547,427,1817,878
1600000US4847892,4847892,"Mesquite city, Texas",133356,56,87634,5900,23460,4164,167,187,6129,2529,226,364,13510,4279,2230,1184,892,975,1338,603
1600000US4848072,4848072,"Midland city, Texas",112005,4153,92616,4446,8386,751,1150,848,1424,387,0,291,6311,1890,2118,1136,751,594,1367,845
1600000US4848804,4848804,"Missouri City city, Texas",74886,2153,26542,3828,31391,4292,175,236,12526,3240,0,291,3848,1526,404,255,119,139,285,226
1600000US4852356,4852356,"North Richland Hills city, Texas",66004,31,60460,2363,2112,1444,87,143,725,699,0,291,1915,1801,705,410,59,99,646,425
1600000US4853388,4853388,"Odessa city, Texas",101037,471,82881,2869,5215,865,347,307,1340,377,0,291,6665,1881,4589,1916,1046,632,3543,1809
1600000US4856000,4856000,"Pasadena city, Texas",145783,41,105013,6555,4056,1885,821,820,1163,691,136,230,32411,6462,2183,988,1240,748,943,634
1600000US4856348,4856348,"Pearland city, Texas",84059,1083,55597,3762,12158,2804,0,291,10502,1605,0,291,3703,2445,2099,1124,716,643,1383,817
1600000US4858016,4858016,"Plano city, Texas",273381,970,199765,5285,16766,3439,1932,842,45134,4164,364,400,5078,2321,4342,1266,1090,696,3252,1021
1600000US4861796,4861796,"Richardson city, Texas",103204,41,71791,4641,5838,2056,840,695,13145,3524,320,442,8997,4428,2273,915,874,635,1399,630
1600000US4863500,4863500,"Round Rock city, Texas",104835,449,84492,3452,7841,2542,534,500,5356,2205,0,291,2883,1452,3729,1633,1653,1441,2076,924
1600000US4864472,4864472,"San Angelo city, Texas",91659,2868,76947,3107,4245,490,527,454,1216,175,59,102,5546,1689,3119,1164,1500,767,1619,943
1600000US4865000,4865000,"San Antonio city, Texas",1373677,92,1016284,14540,95226,4512,11688,3987,28782,2158,1221,897,186131,13866,34345,4565,13692,2568,20653,3785
1600000US4870808,4870808,"Sugar Land city, Texas",81740,60,46443,3957,5192,2167,372,349,25190,3304,0,291,2286,1195,2257,1554,1474,1555,783,462
1600000US4872656,4872656,"The Woodlands CDP, Texas",65792,4268,60301,4384,1172,648,276,295,2283,926,0,291,394,297,1366,714,0,291,1366,714
1600000US4874144,4874144,"Tyler city, Texas",98875,31,67604,3043,27229,2653,1180,1520,552,553,0,291,2015,1435,295,265,0,291,295,265
1600000US4876000,4876000,"Waco city, Texas",126218,37,87666,3980,25810,2450,542,498,1117,696,54,93,8909,2585,2120,1399,357,311,1763,1349
1600000US4879000,4879000,"Wichita Falls city, Texas",101311,24,76707,1593,12929,809,843,424,2694,488,0,291,4575,1410,3563,1337,479,486,3084,1291
1600000US4943660,4943660,"Layton city, Utah",66732,47,61341,1758,863,715,0,265,1795,1044,0,265,974,587,1759,1052,276,348,1483,968
1600000US4955980,4955980,"Ogden city, Utah",83297,30,64256,3136,633,537,706,593,1225,727,0,265,14733,3070,1744,1146,238,329,1506,1058
1600000US4957300,4957300,"Orem city, Utah",95248,22,85348,2242,342,502,920,689,1147,759,674,698,5417,2190,1400,798,426,433,974,653
1600000US4962470,4962470,"Provo city, Utah",119782,32,101519,3615,786,562,1555,1140,3401,816,1453,1015,7609,2872,3459,1186,492,351,2967,1148
1600000US4965330,4965330,"St. George city, Utah",72553,25,65585,1964,486,582,1452,929,912,601,628,358,2958,1545,532,418,0,265,532,418
1600000US4967000,4967000,"Salt Lake City city, Utah",183106,33,153478,4207,4540,1932,1694,663,5122,1360,2289,1674,11931,3000,4052,1449,798,494,3254,1362
1600000US4967440,4967440,"Sandy city, Utah",97196,40,90101,2447,2023,1935,291,443,2550,1138,709,769,484,421,1038,522,63,104,975,513
1600000US4982950,4982950,"West Jordan city, Utah",104993,90,97008,2378,1730,1381,830,686,1990,1217,316,243,1296,760,1823,838,319,328,1504,777
1600000US4983470,4983470,"West Valley City city, Utah",125089,43,98175,4300,916,1073,755,797,6691,2128,4244,2082,9535,3349,4773,2174,1767,1596,3006,1593
1600000US5101000,5101000,"Alexandria city, Virginia",150006,*****,94734,2556,31834,2505,550,412,7433,1016,85,147,8941,2794,6429,2123,791,572,5638,2038
1600000US5103000,5103000,"Arlington CDP, Virginia",217483,*****,153432,3446,16922,921,468,248,17237,1124,86,151,20251,3510,9087,2205,2776,1555,6311,1769
1600000US5116000,5116000,"Chesapeake city, Virginia",222455,*****,141382,2490,67748,1118,933,302,5132,832,0,287,3055,2526,4205,1101,437,376,3768,1105
1600000US5121088,5121088,"Dale City CDP, Virginia",65408,6036,29960,5035,21328,4553,0,287,4036,1422,71,110,7929,3800,2084,1093,332,339,1752,1002
1600000US5135000,5135000,"Hampton city, Virginia",144236,*****,65842,1209,69190,2285,891,1223,3423,249,504,756,1944,1425,2442,1076,48,84,2394,1057
1600000US5156000,5156000,"Newport News city, Virginia",193172,*****,99954,1439,78696,2313,373,637,5019,918,980,1367,1310,926,6840,2008,917,842,5923,2103
1600000US5157000,5157000,"Norfolk city, Virginia",233333,*****,114378,1203,100694,2578,839,366,7454,618,98,170,2985,1909,6885,1833,315,394,6570,1742
1600000US5164000,5164000,"Portsmouth city, Virginia",99321,*****,43372,588,51468,1398,374,402,901,271,0,287,525,464,2681,1326,27,58,2654,1335
1600000US5167000,5167000,"Richmond city, Virginia",204451,*****,89307,1796,101180,2239,928,835,3598,232,113,146,2700,1777,6625,2113,553,460,6072,2059
1600000US5168000,5168000,"Roanoke city, Virginia",94482,*****,64830,754,23659,1273,413,102,1029,369,0,287,1578,754,2973,1305,0,287,2973,1305
1600000US5176432,5176432,"Suffolk city, Virginia",83659,*****,44488,245,34953,1211,77,117,723,320,99,156,640,645,2679,1015,490,693,2189,878
1600000US5182000,5182000,"Virginia Beach city, Virginia",433575,*****,303125,2302,82647,3291,914,392,24322,1258,514,506,2840,1129,19213,3822,1835,1162,17378,3873
1600000US5305210,5305210,"Bellevue city, Washington",126630,34,82828,4042,3210,1670,154,172,31241,3834,501,426,3108,2016,5588,1562,165,268,5423,1522
1600000US5305280,5305280,"Bellingham city, Washington",80076,75,69319,2310,975,463,1348,651,3552,1466,181,302,2038,1636,2663,1091,480,783,2183,756
1600000US5322640,5322640,"Everett city, Washington",99400,63,77552,4095,2641,1103,1063,812,9642,2924,663,923,3432,1795,4407,1656,183,208,4224,1637
1600000US5323515,5323515,"Federal Way city, Washington",85822,29,57646,4075,8061,2850,899,800,11535,3048,1032,951,647,434,6002,2000,570,403,5432,1977
1600000US5335275,5335275,"Kennewick city, Washington",67805,39,54282,2545,227,324,1160,661,1641,703,201,313,7984,2572,2310,1487,148,249,2162,1478
1600000US5335415,5335415,"Kent city, Washington",85531,32,54044,4548,10880,3304,64,100,10343,2663,1548,1131,4739,2650,3913,1333,624,579,3289,1171
1600000US5363000,5363000,"Seattle city, Washington",616669,150,450670,7563,43577,5438,4439,1215,81154,6436,3519,1737,7236,2474,26074,3314,1980,793,24094,3167
1600000US5367000,5367000,"Spokane city, Washington",203268,31,179601,2798,4513,1957,2256,860,4368,1492,686,470,1977,950,9867,2081,680,569,9187,2135
1600000US5367167,5367167,"Spokane Valley city, Washington",87371,32,78618,2083,908,489,475,303,2123,926,178,252,1458,1073,3611,1338,85,102,3526,1326
1600000US5370000,5370000,"Tacoma city, Washington",199635,51,136114,4676,22349,3741,2314,805,15212,2734,1831,980,9029,3592,12786,2456,439,243,12347,2411
1600000US5374060,5374060,"Vancouver city, Washington",165733,45,141007,3740,5446,1566,910,498,5619,1638,723,618,4047,2601,7981,1912,256,282,7725,1881
1600000US5380010,5380010,"Yakima city, Washington",85828,30,54118,3715,1200,669,2030,1171,1281,739,0,273,22472,3591,4727,1487,1275,822,3452,1208
1600000US5502375,5502375,"Appleton city, Wisconsin",69895,2093,62252,2419,2174,353,588,588,3595,1157,0,216,493,414,793,471,0,216,793,471
1600000US5522300,5522300,"Eau Claire city, Wisconsin",66730,770,62103,892,863,474,231,231,2595,825,0,216,98,135,840,511,104,141,736,497
1600000US5531000,5531000,"Green Bay city, Wisconsin",101415,27,87540,2798,2676,897,4224,1274,3594,1339,0,216,1896,1569,1485,873,0,216,1485,873
1600000US5539225,5539225,"Kenosha city, Wisconsin",98196,36,81892,1882,10477,1147,227,282,1292,819,0,216,2479,1208,1829,847,498,431,1331,695
1600000US5548000,5548000,"Madison city, Wisconsin",235410,51,195269,3031,16103,2146,798,510,14700,1646,0,216,2327,1265,6213,1425,388,337,5825,1390
1600000US5553000,5553000,"Milwaukee city, Wisconsin",605027,57,318979,5597,225533,4022,2997,934,19891,2694,377,386,20727,4116,16523,3062,2404,1185,14119,2958
1600000US5566000,5566000,"Racine city, Wisconsin",82003,33,55894,2356,18074,1363,237,270,895,621,67,109,4586,1979,2250,864,214,308,2036,823
1600000US5584250,5584250,"Waukesha city, Wisconsin",68384,34,63070,1408,1862,1075,169,157,1783,843,0,216,331,240,1169,515,30,51,1139,515
