GEO.id,GEO.id2,GEO.display-label,HD01_VD01,HD02_VD01,HD01_VD02,HD02_VD02,HD01_VD03,HD02_VD03,HD01_VD04,HD02_VD04,HD01_VD05,HD02_VD05,HD01_VD06,HD02_VD06,HD01_VD07,HD02_VD07,HD01_VD08,HD02_VD08,HD01_VD09,HD02_VD09,HD01_VD10,HD02_VD10
Id,Id2,Geography,Estimate; Total:,Margin of Error; Total:,Estimate; Total: - White alone,Margin of Error; Total: - White alone,Estimate; Total: - Black or African American alone,Margin of Error; Total: - Black or African American alone,Estimate; Total: - American Indian and Alaska Native alone,Margin of Error; Total: - American Indian and Alaska Native alone,Estimate; Total: - Asian alone,Margin of Error; Total: - Asian alone,Estimate; Total: - Native Hawaiian and Other Pacific Islander alone,Margin of Error; Total: - Native Hawaiian and Other Pacific Islander alone,Estimate; Total: - Some other race alone,Margin of Error; Total: - Some other race alone,Estimate; Total: - Two or more races:,Margin of Error; Total: - Two or more races:,Estimate; Total: - Two or more races: - Two races including Some other race,Margin of Error; Total: - Two or more races: - Two races including Some other race,"Estimate; Total: - Two or more races: - Two races excluding Some other race, and three or more races","Margin of Error; Total: - Two or more races: - Two races excluding Some other race, and three or more races"
1600000US0107000,0107000,"Birmingham city, Alabama",211933,903,50047,3880,154377,3596,307,318,1704,720,0,192,3722,1428,1776,802,354,320,1422,744
1600000US0121184,0121184,"Dothan city, Alabama",67296,389,42739,1589,21638,1436,256,144,981,143,0,192,420,405,1262,457,83,71,1179,459
1600000US0135896,0135896,"Hoover city, Alabama",84128,36,59310,3491,16897,3273,590,725,4211,1496,0,192,1918,1495,1202,729,0,192,1202,729
1600000US0137000,0137000,"Huntsville city, Alabama",186416,1101,117148,3835,58720,3943,804,445,3813,1196,156,212,2061,1211,3714,1195,379,406,3335,1098
1600000US0150000,0150000,"Mobile city, Alabama",194879,67,88827,4503,99171,4241,144,139,2829,1482,0,192,970,719,2938,1405,335,370,2603,1320
1600000US0151000,0151000,"Montgomery city, Alabama",201335,22,72867,2629,118085,2197,123,161,3863,1273,0,192,3535,1473,2862,1334,1042,1159,1820,779
1600000US0177256,0177256,"Tuscaloosa city, Alabama",95334,27,46629,2989,43538,2709,130,141,2680,299,0,192,1362,1967,995,453,0,192,995,453
1600000US0203000,0203000,"Anchorage municipality, Alaska",300950,*****,197183,2477,17842,1425,22764,2262,24675,2387,6800,288,5114,2001,26572,4104,1570,1118,25002,4071
1600000US0404720,0404720,"Avondale city, Arizona",78817,40,57766,3565,9396,2595,994,606,2874,1133,89,145,5493,2295,2205,929,388,299,1817,864
1600000US0410670,0410670,"Casas Adobes CDP, Arizona",69653,6178,60364,5762,758,500,373,446,1885,1315,0,203,3681,1126,2592,1213,941,567,1651,1054
1600000US0412000,0412000,"Chandler city, Arizona",249139,59,190254,6212,13132,3232,2571,1596,23219,3669,778,615,8950,2482,10235,2895,1254,732,8981,2747
1600000US0423620,0423620,"Flagstaff city, Arizona",68661,32,49444,2916,2273,612,6560,2129,1236,538,277,355,5498,2081,3373,1123,501,325,2872,1061
1600000US0427400,0427400,"Gilbert town, Arizona",229989,73,195583,3974,5516,1292,883,548,17852,3936,180,153,2901,1171,7074,1468,1293,641,5781,1362
1600000US0427820,0427820,"Glendale city, Arizona",234618,73,188693,4990,12116,2854,6230,3033,7911,2419,300,281,10724,2803,8644,1897,2126,1061,6518,1591
1600000US0428380,0428380,"Goodyear city, Arizona",72862,30,52065,3741,7188,2637,1291,811,4692,1709,130,163,3921,1922,3575,1595,30,49,3545,1597
1600000US0446000,0446000,"Mesa city, Arizona",457595,72,391780,7000,15821,3304,10262,3299,8813,2312,1827,779,16768,4836,12324,2126,2176,719,10148,2150
1600000US0454050,0454050,"Peoria city, Arizona",162617,124,143391,3495,3241,1137,1132,642,5501,1853,413,538,3216,1486,5723,2353,392,283,5331,2370
1600000US0455000,0455000,"Phoenix city, Arizona",1513350,101,1134127,14963,104192,7103,31862,5559,44936,4434,2643,1265,145151,12329,50439,5779,12581,3160,37858,4659
1600000US0464210,0464210,"San Tan Valley CDP, Arizona",93346,5452,78427,5652,5297,2418,884,1169,918,439,1360,434,3854,2286,2606,1474,285,281,2321,1334
1600000US0465000,0465000,"Scottsdale city, Arizona",226909,41,200920,4044,5017,1896,2008,1155,9298,2330,44,76,4458,2196,5164,1818,1343,967,3821,1524
1600000US0471510,0471510,"Surprise city, Arizona",123569,86,105634,3081,6797,2335,738,529,2672,1596,183,243,3821,1664,3724,1314,223,220,3501,1300
1600000US0473000,0473000,"Tempe city, Arizona",168231,36,115657,6119,9080,2876,4476,2276,12949,2601,774,508,18535,5885,6760,1825,872,697,5888,1669
1600000US0477000,0477000,"Tucson city, Arizona",526141,91,379631,9152,27614,2384,15974,3320,16250,2127,1296,622,61572,7900,23804,3725,6916,2547,16888,2787
1600000US0485540,0485540,"Yuma city, Arizona",91915,46,63405,3862,4019,588,456,274,1825,486,0,203,18806,3723,3404,1115,1704,918,1700,575
1600000US0523290,0523290,"Fayetteville city, Arkansas",78967,38,61939,2639,8570,1900,520,345,2150,1086,0,192,3431,1897,2357,970,746,717,1611,598
1600000US0524550,0524550,"Fort Smith city, Arkansas",87654,25,68212,1287,7669,993,695,403,5219,885,0,192,970,777,4889,1193,155,200,4734,1165
1600000US0535710,0535710,"Jonesboro city, Arkansas",71547,26,54265,834,12844,1397,477,182,1083,296,0,192,1042,532,1836,1411,0,192,1836,1411
1600000US0541000,0541000,"Little Rock city, Arkansas",197357,33,102255,4862,81757,4595,641,425,5656,1265,182,300,2522,1913,4344,1589,0,192,4344,1589
1600000US0566080,0566080,"Springdale city, Arkansas",73795,2170,47016,4875,2434,1295,1257,786,1669,1166,292,472,19935,4351,1192,1271,69,123,1123,1272
1600000US0600562,0600562,"Alameda city, California",76413,34,35112,3128,6541,1776,130,118,23309,3583,614,497,5719,2872,4988,1381,632,523,4356,1343
1600000US0600884,0600884,"Alhambra city, California",84566,44,17806,2856,1068,704,316,343,41535,4727,64,105,21100,4778,2677,1014,1130,741,1547,769
1600000US0602000,0602000,"Anaheim city, California",345015,57,246909,8762,9707,2563,1114,720,54741,6597,1678,1752,20374,4381,10492,2362,1710,912,8782,2264
1600000US0602252,0602252,"Antioch city, California",107098,41,52108,4170,23652,4213,970,802,10961,2695,775,542,10173,3691,8459,2512,3058,1464,5401,2122
1600000US0602364,0602364,"Apple Valley town, California",70923,30,56546,3195,3822,1667,377,516,3080,1693,0,203,4252,1942,2846,1452,1108,985,1738,855
1600000US0602553,0602553,"Arden-Arcade CDP, California",92438,5867,61609,4963,11019,3176,1484,1025,5579,1564,243,258,6369,2099,6135,1692,957,626,5178,1641
1600000US0603526,0603526,"Bakersfield city, California",363630,51,247768,9105,29040,3895,3237,1298,27287,3386,536,639,44932,7000,10830,2408,3358,1448,7472,1882
1600000US0603666,0603666,"Baldwin Park city, California",76633,25,28450,4624,723,766,1561,1488,10951,2828,0,203,33751,4988,1197,749,939,675,258,292
1600000US0604982,0604982,"Bellflower city, California",77594,36,29263,3557,11308,3205,595,714,8392,2211,522,692,23725,3926,3789,1290,2022,958,1767,829
1600000US0606000,0606000,"Berkeley city, California",116774,35,70246,3848,10254,2556,499,245,23997,3239,487,437,3913,1827,7378,1706,1025,567,6353,1594
1600000US0608786,0608786,"Buena Park city, California",82885,37,50447,4991,4244,2089,99,171,22416,4107,289,382,4014,2149,1376,595,410,402,966,580
1600000US0608954,0608954,"Burbank city, California",104717,41,76706,3392,3018,1615,188,180,10348,2422,67,109,9712,3254,4678,1647,489,352,4189,1624
1600000US0610046,0610046,"Camarillo city, California",66076,42,47988,3610,464,337,0,203,9053,2799,0,203,5405,2533,3166,1328,493,653,2673,1238
1600000US0611194,0611194,"Carlsbad city, California",110977,45,94491,3354,2363,1515,0,203,7131,2231,467,665,2544,1521,3981,1257,271,316,3710,1218
1600000US0611390,0611390,"Carmichael CDP, California",66747,5533,54596,5121,3433,2419,291,175,2151,956,315,299,720,494,5241,2636,497,455,4744,2618
1600000US0611530,0611530,"Carson city, California",92597,41,27425,4221,21781,4032,698,794,25193,3722,1112,869,10600,3626,5788,2588,515,401,5273,2503
1600000US0613014,0613014,"Chico city, California",88075,26,73572,2412,1837,855,715,578,3397,1460,321,353,2786,1582,5447,1729,876,536,4571,1508
1600000US0613210,0613210,"Chino city, California",81001,59,52386,3579,3669,1232,177,146,8353,1799,56,79,8447,3014,7913,2287,1881,1191,6032,1809
1600000US0613214,0613214,"Chino Hills city, California",76575,40,37444,4481,1931,1066,56,93,28881,4101,423,706,4090,1895,3750,1487,752,739,2998,1250
1600000US0613392,0613392,"Chula Vista city, California",256765,64,183472,8394,10761,2699,1189,912,32162,6362,598,681,16004,2863,12579,3551,3746,1820,8833,3169
1600000US0613588,0613588,"Citrus Heights city, California",85288,30,70432,2986,2920,1423,2076,1137,3595,1597,46,79,2284,1363,3935,1248,547,337,3388,1178
1600000US0614218,0614218,"Clovis city, California",99758,49,70519,3602,3185,1300,638,431,11178,2606,501,672,9569,3014,4168,1394,1156,639,3012,1254
1600000US0615044,0615044,"Compton city, California",97872,41,37036,5426,30259,4682,571,940,503,516,0,203,27972,4893,1531,808,990,687,541,377
1600000US0616000,0616000,"Concord city, California",125892,55,87069,5411,4960,2023,842,522,9969,1808,0,203,14250,5047,8802,2407,1306,876,7496,2263
1600000US0616350,0616350,"Corona city, California",159507,48,113725,5054,9006,2950,970,687,19927,3890,364,383,10596,2383,4919,1501,1523,897,3396,1172
1600000US0616532,0616532,"Costa Mesa city, California",112184,49,76144,4238,1118,564,376,362,11754,2771,1071,768,17318,3900,4403,1339,1161,589,3242,1209
1600000US0617918,0617918,"Daly City city, California",104747,42,25447,4376,3714,1321,305,399,55900,4377,249,361,14147,5627,4985,2793,2395,2708,2590,850
1600000US0618100,0618100,"Davis city, California",66197,40,43798,2120,1765,997,38,61,13955,1650,127,123,2650,961,3864,1186,765,601,3099,976
1600000US0619766,0619766,"Downey city, California",113240,32,83815,4933,6280,3481,499,599,5990,2147,54,92,13592,3187,3010,1059,1653,976,1357,619
1600000US0620802,0620802,"East Los Angeles CDP, California",137967,10520,90389,9837,221,216,254,372,1609,604,0,203,43452,7019,2042,951,1095,765,947,609
1600000US0621712,0621712,"El Cajon city, California",102207,33,73696,4821,5855,2389,202,150,3061,1523,717,441,10561,3323,8115,2511,1472,908,6643,2174
1600000US0622020,0622020,"Elk Grove city, California",161029,81,76985,6354,18427,3896,392,269,43231,5773,2975,1860,8698,2935,10321,2075,1899,1023,8422,1887
1600000US0622230,0622230,"El Monte city, California",115685,91,66096,4885,1028,1071,253,264,35486,4401,0,203,10831,3097,1991,1071,1251,901,740,528
1600000US0622804,0622804,"Escondido city, California",148728,53,119407,4532,4063,1836,1199,975,8288,3062,310,269,10440,2691,5021,1631,938,628,4083,1456
1600000US0623182,0623182,"Fairfield city, California",109302,75,47581,4426,16492,3038,752,524,16242,3238,1789,798,17722,3958,8724,2081,988,713,7736,1872
1600000US0624638,0624638,"Folsom city, California",73099,29,49922,2971,4105,1297,108,129,12403,2426,204,203,1818,535,4539,1600,634,354,3905,1550
1600000US0624680,0624680,"Fontana city, California",203008,41,105540,8697,22012,5699,1169,1006,14667,4563,1157,1283,50190,7190,8273,2456,1705,654,6568,2283
1600000US0626000,0626000,"Fremont city, California",224904,70,62417,5579,7183,2388,1074,485,120731,7123,1311,729,15711,4647,16477,3916,4926,1994,11551,3244
1600000US0627000,0627000,"Fresno city, California",509965,156,268855,12635,42836,2264,6867,1942,68125,5261,961,624,98891,11332,23430,5398,9284,4525,14146,3041
1600000US0628000,0628000,"Fullerton city, California",138979,37,75660,5156,4014,1717,305,216,32258,5467,492,343,20162,5372,6088,2634,866,889,5222,2483
1600000US0629000,0629000,"Garden Grove city, California",175115,91,74672,6398,1752,955,767,525,61583,5833,1645,1045,30235,5815,4461,1277,1347,753,3114,1054
1600000US0630000,0630000,"Glendale city, California",196000,81,141375,5539,3339,1389,475,408,31805,4688,105,172,11058,3589,7843,1823,1480,697,6363,1725
1600000US0632548,0632548,"Hawthorne city, California",86204,42,36391,4015,18796,3026,159,264,5637,2206,931,1312,13865,3345,10425,3093,616,581,9809,3048
1600000US0633000,0633000,"Hayward city, California",151582,48,55033,5326,15394,3325,1379,1474,37828,4395,4158,1457,27073,5092,10717,2496,2732,1450,7985,2075
1600000US0633182,0633182,"Hemet city, California",81734,59,58863,3683,5150,2115,525,410,1791,959,0,203,11554,3517,3851,1449,1484,877,2367,1213
1600000US0633434,0633434,"Hesperia city, California",92159,52,76847,3067,4217,2423,478,375,809,583,138,163,5594,1644,4076,1521,1371,848,2705,1044
1600000US0636000,0636000,"Huntington Beach city, California",197577,39,155576,4623,1808,880,224,156,23476,3899,1065,878,8526,2665,6902,1951,707,470,6195,1910
1600000US0636448,0636448,"Indio city, California",83546,43,42321,4912,1845,1128,899,937,1635,717,777,1236,34123,4947,1946,966,497,393,1449,808
1600000US0636546,0636546,"Inglewood city, California",111544,29,31645,5378,45315,5127,123,132,762,439,0,203,30942,5262,2757,1083,860,658,1897,853
1600000US0636770,0636770,"Irvine city, California",236724,54,122292,8989,3932,1736,523,644,91945,8438,15,28,7229,2409,10788,2684,1253,533,9535,2560
1600000US0637692,0637692,"Jurupa Valley city, California",98036,35,55919,5124,3602,1607,980,1051,873,447,364,434,32202,5335,4096,1946,1449,1019,2647,1659
1600000US0639496,0639496,"Lake Forest city, California",79300,49,51266,4199,2155,1344,156,262,10850,2326,366,415,11065,4355,3442,1516,466,324,2976,1462
1600000US0639892,0639892,"Lakewood city, California",81136,60,44482,3951,5632,2020,620,435,13746,2784,2874,2255,7530,2099,6252,1774,1896,886,4356,1466
1600000US0640130,0640130,"Lancaster city, California",159521,37,104446,5249,31722,4804,898,681,6161,2075,284,301,9954,2728,6056,1812,352,233,5704,1768
1600000US0641992,0641992,"Livermore city, California",85169,54,68295,3781,153,178,94,100,9706,3264,0,203,2808,1697,4113,1647,543,497,3570,1539
1600000US0643000,0643000,"Long Beach city, California",469384,143,247260,9050,64295,6073,9999,3222,58532,6414,4057,1575,62448,7248,22793,3400,6726,1964,16067,2811
1600000US0644000,0644000,"Los Angeles city, California",3884340,142,1994140,27383,346154,9710,25381,4636,441638,13779,8217,2341,934798,24759,134012,8161,39091,4463,94921,6071
1600000US0644574,0644574,"Lynwood city, California",71387,61,46707,4838,5444,1806,296,485,1076,565,42,77,15849,4367,1973,1156,1035,991,938,777
1600000US0645484,0645484,"Manteca city, California",71949,35,50704,3983,2489,1544,337,369,6079,2205,210,252,8753,3718,3377,1221,634,560,2743,1061
1600000US0646842,0646842,"Menifee city, California",83459,52,59012,3402,6051,2190,324,383,4052,1572,43,70,8097,2599,5880,1982,1331,1058,4549,1818
1600000US0646898,0646898,"Merced city, California",81089,51,37125,3977,2956,1430,526,498,11151,1932,0,203,23506,3874,5825,2443,4049,2501,1776,731
1600000US0647766,0647766,"Milpitas city, California",69796,49,13466,3236,1762,867,539,465,46128,3564,771,1109,4438,2034,2692,1270,58,97,2634,1254
1600000US0648256,0648256,"Mission Viejo city, California",96350,37,77505,3136,2936,1550,177,226,8646,2156,75,129,2337,1188,4674,1577,255,251,4419,1519
1600000US0648354,0648354,"Modesto city, California",204925,44,136008,6513,8420,2055,1251,690,17706,3215,784,585,28790,5460,11966,2630,2028,1078,9938,2227
1600000US0649270,0649270,"Moreno Valley city, California",201187,57,101184,7963,33926,4765,1850,1100,10379,2727,1097,924,45037,7003,7714,2014,3699,1450,4015,1422
1600000US0649670,0649670,"Mountain View city, California",77839,34,47399,3697,1369,663,242,205,23796,3521,0,203,1317,685,3716,1135,282,296,3434,1108
1600000US0650076,0650076,"Murrieta city, California",107457,79,71238,5440,7976,3789,279,311,7308,2576,298,400,10708,4705,9650,2777,1797,1459,7853,2329
1600000US0650258,0650258,"Napa city, California",79059,38,59156,3409,1133,737,1065,876,1766,1033,54,92,12797,3507,3088,1237,1148,655,1940,941
1600000US0651182,0651182,"Newport Beach city, California",87265,39,75633,3541,696,672,78,130,6590,2516,351,472,2323,2320,1594,906,0,203,1594,906
1600000US0652526,0652526,"Norwalk city, California",106588,37,71659,4601,4473,1500,1570,1257,9819,2382,0,203,16484,3760,2583,1026,1119,669,1464,831
1600000US0653000,0653000,"Oakland city, California",406228,103,159842,8146,103294,5677,2923,1113,65753,6242,2291,1062,42528,6453,29597,3770,4697,1602,24900,3204
1600000US0653322,0653322,"Oceanside city, California",172795,43,118738,5045,10189,2716,1629,1081,11022,3147,2504,1490,18026,3772,10687,2653,4005,2279,6682,1733
1600000US0653896,0653896,"Ontario city, California",167496,37,82603,7712,10122,2802,746,701,8837,3007,1534,1420,57376,7543,6278,2114,1905,1126,4373,1772
1600000US0653980,0653980,"Orange city, California",139983,62,96897,6459,1542,782,809,456,14537,3500,77,112,22063,6704,4058,1279,807,481,3251,1129
1600000US0654652,0654652,"Oxnard city, California",203014,38,155944,5703,7686,1676,2119,933,13968,2770,196,318,15969,3892,7132,2364,1783,893,5349,2272
1600000US0655156,0655156,"Palmdale city, California",157146,53,68990,7343,19876,4374,1653,1405,8111,3347,0,203,52147,8034,6369,1961,2610,925,3759,1762
1600000US0655282,0655282,"Palo Alto city, California",66638,28,44516,3033,372,288,0,203,16876,2708,0,203,827,686,4047,1576,882,1137,3165,1138
1600000US0656000,0656000,"Pasadena city, California",139727,39,83946,4752,17158,2453,424,335,19061,2682,67,110,14039,3462,5032,1326,1117,678,3915,1112
1600000US0656700,0656700,"Perris city, California",72334,35,27190,5847,7992,4143,90,115,1772,1512,0,203,33526,6247,1764,975,262,322,1502,933
1600000US0657456,0657456,"Pittsburg city, California",66703,36,23203,3372,10321,2570,685,529,11485,2365,2051,1381,15291,3258,3667,1151,880,664,2787,1002
1600000US0657792,0657792,"Pleasanton city, California",74112,29,46761,3239,1699,1283,94,100,20642,3064,237,287,1430,1264,3249,1146,208,274,3041,1124
1600000US0658072,0658072,"Pomona city, California",151349,39,102192,5419,9248,2480,1757,1184,15971,2565,944,1316,16724,4419,4513,1476,1363,855,3150,1198
1600000US0659444,0659444,"Rancho Cordova city, California",67919,40,43829,2979,8171,2152,706,581,6732,1829,782,604,2317,1013,5382,1482,1419,1053,3963,1139
1600000US0659451,0659451,"Rancho Cucamonga city, California",171359,97,116339,5870,16354,4052,671,594,20491,4155,90,150,10903,3747,6511,2177,2893,1441,3618,1737
1600000US0659920,0659920,"Redding city, California",91124,29,74879,2448,1314,513,2396,917,3793,980,0,203,4059,1806,4683,1269,453,326,4230,1182
1600000US0659962,0659962,"Redlands city, California",70000,25,50774,4796,8116,3906,201,220,5853,2848,105,126,3142,1844,1809,1007,278,253,1531,987
1600000US0660018,0660018,"Redondo Beach city, California",67816,31,47468,3742,2725,2106,292,268,9784,2704,97,160,4353,1789,3097,1202,750,817,2347,1053
1600000US0660102,0660102,"Redwood City city, California",80875,36,54934,4143,2709,1720,168,281,11314,2405,147,186,8187,2989,3416,1161,690,410,2726,993
1600000US0660466,0660466,"Rialto city, California",101889,73,64188,4846,14498,3417,48,71,1178,1142,211,346,17402,3945,4364,1649,1159,674,3205,1442
1600000US0660620,0660620,"Richmond city, California",107580,50,44512,4931,22538,3578,275,302,15283,3020,588,768,18579,5498,5805,1976,1063,929,4742,1952
1600000US0662000,0662000,"Riverside city, California",316613,73,217849,7823,17135,3507,1879,936,23184,3884,816,611,39171,5924,16579,4134,7150,2829,9429,3047
1600000US0662938,0662938,"Roseville city, California",127039,38,99852,3566,1885,1234,601,415,11708,1909,214,313,5684,1954,7095,2151,1709,1323,5386,1765
1600000US0664000,0664000,"Sacramento city, California",479671,69,243460,8992,64174,5391,2116,829,88123,6756,7776,2260,41987,7013,32035,5030,3342,1605,28693,4779
1600000US0664224,0664224,"Salinas city, California",155649,54,121162,5427,2820,1530,1169,706,11394,2500,109,141,16024,3924,2971,938,1017,499,1954,753
1600000US0665000,0665000,"San Bernardino city, California",213700,54,127260,7751,30083,5110,1720,962,10264,2603,811,759,34878,5381,8684,3143,910,495,7774,3186
1600000US0665042,0665042,"San Buenaventura (Ventura) city, California",108811,30,91582,3450,766,495,725,452,4609,1670,288,416,5526,1952,5315,1546,1860,885,3455,1236
1600000US0665084,0665084,"San Clemente city, California",65021,70,49978,4171,1437,1196,11,25,1790,1083,0,203,8910,4239,2895,1555,1115,1082,1780,1001
1600000US0666000,0666000,"San Diego city, California",1355885,67,870219,14419,85305,6945,7268,2631,233507,11109,6017,1939,89632,8042,63937,5773,8713,2009,55224,5206
1600000US0667000,0667000,"San Francisco city, California",837442,*****,406041,6641,47985,1458,4079,1317,280667,3049,3481,773,57691,6590,37498,3246,6794,1709,30704,2600
1600000US0668000,0668000,"San Jose city, California",998514,108,429466,12038,32276,3562,5775,2211,331114,8808,1476,847,149034,10073,49373,4725,13888,3652,35485,3772
1600000US0668084,0668084,"San Leandro city, California",87967,29,38405,4151,11957,3040,747,427,28401,4586,326,302,4471,2071,3660,1436,953,1023,2707,1079
1600000US0668196,0668196,"San Marcos city, California",89375,53,65721,4882,1788,951,327,329,7347,2362,137,219,11693,4545,2362,1029,272,329,2090,971
1600000US0668252,0668252,"San Mateo city, California",101132,41,59487,4344,3452,1123,96,120,22742,3520,1726,1220,8408,2865,5221,1670,1351,694,3870,1365
1600000US0668378,0668378,"San Ramon city, California",74514,29,35711,3983,1973,2416,158,192,31592,3131,0,203,1165,622,3915,1601,917,932,2998,1334
1600000US0669000,0669000,"Santa Ana city, California",334241,56,147726,9265,3592,1646,524,317,34063,5614,1207,1328,142176,9097,4953,1670,1740,992,3213,1387
1600000US0669070,0669070,"Santa Barbara city, California",90431,69,66423,3995,1292,624,353,302,3496,997,91,148,16265,4025,2511,1031,362,327,2149,856
1600000US0669084,0669084,"Santa Clara city, California",120250,37,49138,4961,4929,1974,233,154,53333,5305,266,393,7810,3357,4541,1271,949,701,3592,1175
1600000US0669088,0669088,"Santa Clarita city, California",179582,46,131491,5087,6038,1919,888,591,17454,3537,112,161,13051,3125,10548,2291,1950,1142,8598,2198
1600000US0669196,0669196,"Santa Maria city, California",102205,44,42614,5236,818,479,242,277,4568,1502,314,403,51357,5442,2292,1217,1007,868,1285,915
1600000US0670000,0670000,"Santa Monica city, California",92484,56,74719,3426,3672,1727,0,203,8261,2056,0,203,1614,737,4218,1456,301,308,3917,1456
1600000US0670098,0670098,"Santa Rosa city, California",171996,33,122706,5968,5234,909,4279,2614,7252,2014,1151,859,22343,5517,9031,2235,1841,1287,7190,1796
1600000US0672016,0672016,"Simi Valley city, California",126177,37,102196,4528,1735,899,360,279,8700,2465,144,184,8129,3416,4913,1228,902,626,4011,1204
1600000US0673080,0673080,"South Gate city, California",95664,51,59138,4225,1247,859,165,183,747,364,162,225,32881,4132,1324,631,1032,589,292,251
1600000US0673262,0673262,"South San Francisco city, California",66174,23,19388,3276,1149,694,219,302,27426,3939,2000,1550,11150,3410,4842,1776,1649,1249,3193,1529
1600000US0673430,0673430,"South Whittier CDP, California",65365,6404,49465,5999,101,106,180,226,4174,1960,0,203,9271,3100,2174,1321,790,623,1384,1156
1600000US0675000,0675000,"Stockton city, California",298115,48,125699,7217,32577,3776,1481,750,64079,5988,1633,1187,51786,5533,20860,3974,2272,724,18588,3962
1600000US0677000,0677000,"Sunnyvale city, California",147559,40,68905,4884,3853,1714,428,475,62253,5303,1236,973,3936,1800,6948,1669,1268,889,5680,1449
1600000US0678120,0678120,"Temecula city, California",106783,34,73019,3844,5554,1619,1494,1581,11978,2650,663,784,4979,1746,9096,2366,2068,1020,7028,2236
1600000US0678582,0678582,"Thousand Oaks city, California",128739,47,98182,5373,971,554,432,294,13379,2645,0,203,10064,4488,5711,1859,816,843,4895,1683
1600000US0680000,0680000,"Torrance city, California",147485,42,77587,4890,3201,1722,625,440,50149,4816,72,87,5379,2200,10472,3015,1963,1407,8509,2765
1600000US0680238,0680238,"Tracy city, California",84683,49,48804,4910,5132,1968,55,93,11146,2746,1227,1038,7745,2855,10574,3363,2159,1327,8415,3139
1600000US0680812,0680812,"Turlock city, California",70358,31,59619,3022,1734,1270,405,457,3608,1775,93,151,2076,1243,2823,1480,747,838,2076,1102
1600000US0680854,0680854,"Tustin city, California",78326,37,31780,4153,2069,879,992,758,19166,3832,104,171,20711,4184,3504,1428,571,391,2933,1351
1600000US0681204,0681204,"Union City city, California",72540,46,14454,3218,3504,1552,807,429,38905,4694,1390,742,7707,3301,5773,1671,2169,1114,3604,1365
1600000US0681344,0681344,"Upland city, California",75420,39,46002,3672,3932,1481,215,303,9430,2749,93,121,13068,3219,2680,1368,922,1000,1758,911
1600000US0681554,0681554,"Vacaville city, California",94272,32,62668,3619,9301,2117,496,584,6153,2392,148,109,9112,2956,6394,1733,1068,763,5326,1579
1600000US0681666,0681666,"Vallejo city, California",118855,77,53917,4002,24482,2864,601,482,28420,3220,712,695,4148,2139,6575,1724,1372,1165,5203,1488
1600000US0682590,0682590,"Victorville city, California",121080,63,74986,6767,23316,5936,1188,1260,3859,1846,1151,1332,9376,3263,7204,3404,3682,2739,3522,2011
1600000US0682954,0682954,"Visalia city, California",127758,38,105139,4688,4080,1878,1746,1100,6857,2450,51,86,6185,3128,3700,1377,935,565,2765,1185
1600000US0682996,0682996,"Vista city, California",96919,53,82048,3272,3644,1475,344,246,4196,1951,460,704,3807,1285,2420,1093,497,406,1923,1027
1600000US0683346,0683346,"Walnut Creek city, California",66890,41,53256,2728,715,475,33,46,8944,2741,466,616,698,490,2778,1140,268,225,2510,1111
1600000US0684200,0684200,"West Covina city, California",107741,44,42095,4193,5818,2237,423,367,28993,3685,125,206,25586,4064,4701,2048,2267,966,2434,1580
1600000US0684550,0684550,"Westminster city, California",91750,47,37247,5196,370,294,849,694,46930,5591,42,67,3090,1395,3222,2040,243,262,2979,2024
1600000US0685292,0685292,"Whittier city, California",86618,61,51180,4893,1484,720,408,534,4939,1721,34,58,26697,4976,1876,984,1040,892,836,455
1600000US0686832,0686832,"Yorba Linda city, California",67042,46,48931,2786,358,397,288,336,13224,2381,251,292,1385,914,2605,1278,26,43,2579,1269
1600000US0686972,0686972,"Yuba City city, California",65410,26,44500,2294,2188,304,460,351,11995,1799,124,214,2093,1479,4050,1505,491,466,3559,1419
1600000US0803455,0803455,"Arvada city, Colorado",112028,1414,103428,2659,712,429,1095,1324,1652,670,31,44,3103,1756,2007,891,430,328,1577,834
1600000US0804000,0804000,"Aurora city, Colorado",345814,246,214760,6980,55731,3915,1619,654,17868,2049,1197,630,34207,5494,20432,3389,5574,2107,14858,2934
1600000US0807850,0807850,"Boulder city, Colorado",103163,25,92788,1452,959,475,406,375,5003,1042,42,75,1112,743,2853,929,180,193,2673,930
1600000US0812815,0812815,"Centennial city, Colorado",106101,64,92861,2940,1489,858,356,265,5382,1592,0,195,3032,2032,2981,1236,382,343,2599,1045
1600000US0816000,0816000,"Colorado Springs city, Colorado",439858,95,346461,6220,25014,3455,2786,1052,13750,2101,756,550,25214,4438,25877,3469,5256,1764,20621,2973
1600000US0820000,0820000,"Denver city, Colorado",649495,*****,504146,5936,64113,2298,5214,1407,21095,1631,897,805,31041,5593,22989,3065,2979,1273,20010,2619
1600000US0827425,0827425,"Fort Collins city, Colorado",152056,33,135911,2088,1743,594,927,341,4202,898,183,169,4127,1671,4963,1202,846,545,4117,1124
1600000US0832155,0832155,"Greeley city, Colorado",96549,42,66659,4080,2822,728,786,631,1114,426,93,129,21840,4198,3235,1288,2013,1077,1222,586
1600000US0836410,0836410,"Highlands Ranch CDP, Colorado",106264,4292,92910,4684,954,536,78,100,8032,1551,0,195,1576,915,2714,1047,152,196,2562,992
1600000US0843000,0843000,"Lakewood city, Colorado",147220,40,130283,2792,1790,907,1487,909,3852,1450,234,311,4485,1326,5089,1746,986,543,4103,1575
1600000US0845970,0845970,"Longmont city, Colorado",90075,331,70968,3528,1215,691,2148,1552,3013,1216,437,527,9617,3349,2677,1188,475,641,2202,987
1600000US0846465,0846465,"Loveland city, Colorado",71331,28,66156,1988,348,380,115,145,359,219,22,44,1282,695,3049,1866,1151,1345,1898,1255
1600000US0862000,0862000,"Pueblo city, Colorado",108247,29,73002,3787,3994,1595,4232,2008,763,346,122,137,20869,3580,5265,1537,2217,1039,3048,1285
1600000US0877290,0877290,"Thornton city, Colorado",127352,48,102986,3898,2823,1318,1282,630,7794,2492,0,195,7715,2110,4752,1567,732,563,4020,1462
1600000US0883835,0883835,"Westminster city, Colorado",110940,44,97182,2952,1355,617,1025,929,6181,2298,37,65,2515,1523,2645,1106,227,320,2418,1089
1600000US0908000,0908000,"Bridgeport city, Connecticut",147216,31,56541,4697,53488,5152,1153,950,4026,1509,236,385,26584,4131,5188,1534,1687,1037,3501,1258
1600000US0918430,0918430,"Danbury city, Connecticut",83690,33,54693,3682,4147,1898,110,161,4714,1948,0,201,17721,3887,2305,1309,1331,1086,974,670
1600000US0937000,0937000,"Hartford city, Connecticut",125035,74,36583,4388,52781,4406,71,96,2751,1037,0,201,22467,3946,10382,2886,7627,2483,2755,1127
1600000US0950370,0950370,"New Britain city, Connecticut",72941,29,48401,3796,8223,2307,100,128,3014,1489,0,201,10522,3672,2681,1154,1322,885,1359,840
1600000US0952000,0952000,"New Haven city, Connecticut",130654,37,53286,5047,44982,3963,438,471,6347,1391,0,201,21384,4257,4217,1506,1536,1123,2681,950
1600000US0955990,0955990,"Norwalk city, Connecticut",87775,30,64930,3442,14124,3064,89,114,3939,1751,0,201,3190,1805,1503,814,637,513,866,645
1600000US0973000,0973000,"Stamford city, Connecticut",126455,34,77047,5309,17831,3909,83,175,9640,2500,0,201,17487,4815,4367,1941,2900,1744,1467,760
1600000US0980000,0980000,"Waterbury city, Connecticut",109687,45,74229,4325,22577,4126,18,31,3021,1787,101,167,6992,1897,2749,1137,844,619,1905,865
1600000US1077580,1077580,"Wilmington city, Delaware",71520,34,25492,3306,39241,3771,133,170,1501,999,0,189,2054,1088,3099,1715,1595,1594,1504,613
1600000US1150000,1150000,"Washington city, District of Columbia",646449,*****,264080,4748,315504,3335,1272,709,22963,1409,104,120,21681,4483,20845,3333,3447,1466,17398,3185
1600000US1200410,1200410,"Alafaya CDP, Florida",76821,9846,58481,7359,6657,4861,0,218,4930,3214,0,218,4969,4384,1784,953,364,414,1420,853
1600000US1207300,1207300,"Boca Raton city, Florida",89409,31,78705,2859,3710,2073,145,191,1218,705,0,218,3296,1725,2335,1270,300,490,2035,1135
1600000US1208150,1208150,"Brandon CDP, Florida",115318,8335,84599,8113,19321,4291,546,551,3867,1570,0,218,2584,1445,4401,1535,555,620,3846,1468
1600000US1210275,1210275,"Cape Coral city, Florida",165849,77,151324,3966,3677,1858,725,710,2210,1151,37,61,5371,3210,2505,1241,609,581,1896,1024
1600000US1212875,1212875,"Clearwater city, Florida",109705,38,89479,3288,11053,2509,864,565,2873,1255,246,412,3050,1866,2140,945,320,377,1820,797
1600000US1214400,1214400,"Coral Springs city, Florida",126595,42,85499,4955,28214,5012,528,533,5114,1836,120,150,4984,2467,2136,773,669,393,1467,648
1600000US1216475,1216475,"Davie town, Florida",96818,52,73780,4826,9329,3307,543,539,4971,1866,63,103,5464,3534,2668,1235,464,438,2204,1132
1600000US1216725,1216725,"Deerfield Beach city, Florida",78045,34,51941,5013,19949,5303,411,654,2185,1485,0,218,1039,845,2520,1148,616,479,1904,1027
1600000US1217200,1217200,"Deltona city, Florida",86300,44,67226,4361,9773,2934,561,456,471,441,0,218,5663,2804,2606,1299,817,795,1789,1052
1600000US1224000,1224000,"Fort Lauderdale city, Florida",172374,59,112789,5637,50947,5721,368,374,2489,1223,0,218,3516,2774,2265,1152,463,493,1802,1002
1600000US1224125,1224125,"Fort Myers city, Florida",68184,41,40875,3426,21812,3215,133,183,1065,671,0,218,2827,1712,1472,831,310,452,1162,711
1600000US1225175,1225175,"Gainesville city, Florida",127493,32,83163,3150,30483,3319,222,198,6892,1263,1379,1275,1321,607,4033,935,564,335,3469,884
1600000US1230000,1230000,"Hialeah city, Florida",233394,38,222377,2881,4505,1782,139,233,119,212,0,218,4382,1770,1872,1368,432,373,1440,1308
1600000US1232000,1232000,"Hollywood city, Florida",146522,32,106834,5465,24400,4857,32,77,3077,1376,179,295,6748,2970,5252,1897,1824,952,3428,1814
1600000US1235000,1235000,"Jacksonville city, Florida",842588,25,508387,4085,258404,3203,2675,1376,37511,2373,892,292,7097,2040,27622,5241,5511,3754,22111,3754
1600000US1236100,1236100,"Kendall CDP, Florida",71373,6516,60916,6164,4090,2915,0,218,3330,1520,0,218,1262,998,1775,1208,652,491,1123,1116
1600000US1236950,1236950,"Kissimmee city, Florida",65186,50,52144,3544,5459,2192,0,218,1979,1453,0,218,2283,1535,3321,2293,2251,2041,1070,1132
1600000US1238250,1238250,"Lakeland city, Florida",100697,53,77699,3302,18234,2972,0,218,1417,939,0,218,271,198,3076,1738,0,218,3076,1738
1600000US1239425,1239425,"Largo city, Florida",78415,39,66870,3172,5674,2455,46,79,1267,817,0,218,675,515,3883,1533,298,250,3585,1509
1600000US1239925,1239925,"Lehigh Acres CDP, Florida",118806,6746,72020,6709,26787,4330,59,100,1634,1148,131,225,14707,4748,3468,1410,614,393,2854,1348
1600000US1243975,1243975,"Melbourne city, Florida",77490,62,65193,2675,6910,2325,330,243,2444,1048,0,218,110,140,2503,1132,140,140,2363,1108
1600000US1245000,1245000,"Miami city, Florida",417670,88,315219,7014,84724,6530,449,299,3142,1116,0,218,9767,2835,4369,1805,2648,1537,1721,902
1600000US1245025,1245025,"Miami Beach city, Florida",91019,34,76310,2775,3063,1015,184,246,1153,594,0,218,8625,2446,1684,704,540,482,1144,529
1600000US1245060,1245060,"Miami Gardens city, Florida",111381,32,33034,6397,75280,6382,43,75,1340,1425,0,218,973,834,711,560,84,144,627,535
1600000US1245975,1245975,"Miramar city, Florida",130281,55,45373,6423,69133,6887,138,229,4545,2337,46,77,7588,2695,3458,1878,1376,947,2082,1627
1600000US1253000,1253000,"Orlando city, Florida",255479,45,152592,7069,68191,6019,1177,861,9644,3567,12,26,15691,4622,8172,2914,1691,1219,6481,2725
1600000US1254000,1254000,"Palm Bay city, Florida",104894,32,74403,4489,24405,4008,723,666,919,536,0,218,1903,1657,2541,1031,370,556,2171,855
1600000US1254200,1254200,"Palm Coast city, Florida",79378,3284,64275,2863,8306,1690,179,287,2671,185,0,218,1526,1108,2421,898,129,176,2292,898
1600000US1255775,1255775,"Pembroke Pines city, Florida",162333,40,104082,6366,30420,5686,540,639,12419,3601,0,218,9214,3421,5658,1916,1428,644,4230,1767
1600000US1256825,1256825,"Pine Hills CDP, Florida",67295,7919,11875,3863,47838,6825,0,218,1365,1061,0,218,4653,2836,1564,782,970,707,594,405
1600000US1257425,1257425,"Plantation city, Florida",90280,49,67866,3919,15290,3738,0,218,4128,1795,58,107,1113,653,1825,968,58,102,1767,974
1600000US1258050,1258050,"Pompano Beach city, Florida",104406,36,72156,4535,28843,4390,0,218,1064,846,0,218,413,423,1930,1112,131,155,1799,1101
1600000US1258715,1258715,"Port St. Lucie city, Florida",170999,62,126801,5187,30176,3926,0,218,4120,916,0,218,4702,3173,5200,2162,112,186,5088,2116
1600000US1260950,1260950,"Riverview CDP, Florida",75934,7412,49494,5081,15468,5140,174,286,3546,1598,0,218,3652,2061,3600,2984,1760,2394,1840,1394
1600000US1263000,1263000,"St. Petersburg city, Florida",249702,56,172547,5749,58681,5054,514,359,8151,2212,201,241,2167,931,7441,2003,795,451,6646,1933
1600000US1268350,1268350,"Spring Hill CDP, Florida",101349,3974,87704,4198,7143,1498,321,309,1640,663,0,218,1776,1377,2765,1019,382,333,2383,956
1600000US1269700,1269700,"Sunrise city, Florida",90133,65,49936,4526,32071,4552,0,218,2944,1391,0,218,2497,1821,2685,1727,268,343,2417,1673
1600000US1270600,1270600,"Tallahassee city, Florida",186408,41,104567,3958,68652,3859,427,236,7341,1034,0,218,1100,485,4321,1318,430,368,3891,1230
1600000US1271000,1271000,"Tampa city, Florida",352981,93,229892,6968,85472,5653,664,338,14629,2357,50,82,12287,4404,9987,2650,1982,806,8005,2416
1600000US1272145,1272145,"Town 'n' Country CDP, Florida",77829,7295,66717,7328,5187,2632,230,252,2474,1252,0,218,1764,926,1457,922,444,481,1013,638
1600000US1276582,1276582,"Weston city, Florida",68386,26,59099,2680,3344,2042,106,171,2913,1412,0,218,1301,907,1623,891,776,663,847,680
1600000US1276600,1276600,"West Palm Beach city, Florida",102433,33,61692,3961,34976,3412,0,218,1788,747,0,218,3027,2161,950,597,127,213,823,517
1600000US1301052,1301052,"Albany city, Georgia",76151,2211,19950,1441,53445,2093,68,119,662,220,39,56,405,412,1582,818,381,423,1201,670
1600000US1303440,1303440,"Athens-Clarke County unified government (balance), Georgia",120212,360,78215,1673,31906,889,78,122,5118,452,0,214,2226,1626,2669,1063,310,359,2359,1057
1600000US1304000,1304000,"Atlanta city, Georgia",447848,50,181595,7104,233662,7026,701,463,18809,2780,77,137,4869,2098,8135,1595,730,451,7405,1602
1600000US1304204,1304204,"Augusta-Richmond County consolidated government (balance), Georgia",196711,1305,75931,1617,108310,2505,309,185,3042,424,499,214,1743,749,6877,2287,451,362,6426,2311
1600000US1319000,1319000,"Columbus city, Georgia",202824,*****,93310,2054,92316,1950,398,284,4360,830,0,214,6238,2041,6202,1758,318,285,5884,1730
1600000US1342425,1342425,"Johns Creek city, Georgia",82761,87,50996,3952,8228,3220,434,530,19366,3208,0,214,335,362,3402,1882,1018,1276,2384,1390
1600000US1349000,1349000,"Macon city, Georgia",90107,653,23917,2718,63595,2424,31,57,490,242,0,214,511,640,1563,985,204,296,1359,951
1600000US1367284,1367284,"Roswell city, Georgia",94029,33,69863,4233,14938,4052,532,539,4440,2218,0,214,1897,2235,2359,1218,0,214,2359,1218
1600000US1368516,1368516,"Sandy Springs city, Georgia",99769,25,65568,4266,25282,4171,375,399,3954,1345,0,214,1905,1239,2685,1377,68,113,2617,1343
1600000US1369000,1369000,"Savannah city, Georgia",142772,29,58739,3632,78078,4021,394,435,2026,865,48,84,1608,994,1879,856,308,248,1571,810
1600000US1380508,1380508,"Warner Robins city, Georgia",72321,202,37194,3414,29358,3214,135,213,3705,1114,0,214,918,733,1011,713,138,229,873,657
1600000US1571550,1571550,"Urban Honolulu CDP, Hawaii",347907,93,65619,3727,6846,1643,63,76,186103,6747,26625,3770,3650,1326,59001,5377,4099,1604,54902,4815
1600000US1608830,1608830,"Boise City city, Idaho",214235,30,189324,2660,2922,1452,2554,910,8388,1864,775,902,3038,1303,7234,2099,891,712,6343,1952
1600000US1656260,1656260,"Nampa city, Idaho",86514,25,76180,3024,1140,521,408,338,254,324,29,55,5275,2896,3228,1169,981,907,2247,805
1600000US1702154,1702154,"Arlington Heights village, Illinois",76069,2842,61977,3393,949,550,0,185,9801,2696,0,185,919,868,2423,1457,791,1190,1632,825
1600000US1703012,1703012,"Aurora city, Illinois",202665,5463,114029,7196,19537,3431,257,177,17441,3554,145,186,45580,5955,5676,1996,1890,1115,3786,1583
1600000US1706613,1706613,"Bloomington city, Illinois",78911,34,60613,2372,9625,1768,34,55,5859,1290,0,185,1002,1014,1778,841,91,153,1687,823
1600000US1707133,1707133,"Bolingbrook village, Illinois",74969,4701,36333,4528,14141,4534,142,156,8129,2252,0,185,12458,3842,3766,1622,319,362,3447,1586
1600000US1712385,1712385,"Champaign city, Illinois",83421,29,54129,2050,15373,2271,14,27,9551,1617,0,185,894,633,3460,1523,114,126,3346,1515
1600000US1714000,1714000,"Chicago city, Illinois",2718789,52,1326635,17250,863542,10235,6205,1664,163321,7862,1127,513,295661,14112,62298,5618,15111,2640,47187,4991
1600000US1714351,1714351,"Cicero town, Illinois",84107,26,49808,5012,2560,1431,1302,1147,439,486,0,185,28335,5460,1663,1046,808,600,855,785
1600000US1718823,1718823,"Decatur city, Illinois",72842,2677,52248,2554,13782,1385,315,311,979,373,0,185,681,517,4837,1149,0,185,4837,1149
1600000US1723074,1723074,"Elgin city, Illinois",108694,4493,66628,5486,7902,2562,144,213,7154,2606,0,185,25391,4689,1475,705,99,122,1376,714
1600000US1724582,1724582,"Evanston city, Illinois",75579,42,49237,3393,13549,3412,376,389,8077,1663,0,185,948,766,3392,1276,547,522,2845,1143
1600000US1738570,1738570,"Joliet city, Illinois",148411,4831,98775,6451,25095,4293,191,194,2644,1195,0,185,18365,4558,3341,1351,256,258,3085,1221
1600000US1751622,1751622,"Naperville city, Illinois",144736,1330,112634,4466,4601,1915,203,241,22523,3981,0,185,666,450,4109,1379,914,881,3195,1021
1600000US1757225,1757225,"Palatine village, Illinois",69304,32,44623,4300,2168,1153,87,148,8639,2809,0,185,11581,4212,2206,1449,1505,1446,701,398
1600000US1759000,1759000,"Peoria city, Illinois",116575,2066,72456,2702,30348,1754,216,228,6129,930,0,185,1941,832,5485,1635,607,477,4878,1573
1600000US1765000,1765000,"Rockford city, Illinois",152618,2529,102919,3868,31033,1992,297,302,4080,1385,0,185,6928,2776,7361,2485,2065,1962,5296,1403
1600000US1768003,1768003,"Schaumburg village, Illinois",75850,1836,49393,3750,2028,1048,0,185,19461,3754,0,185,2920,2359,2048,906,485,525,1563,733
1600000US1770122,1770122,"Skokie village, Illinois",65183,30,43064,3223,2197,993,412,565,15565,2716,0,185,1238,734,2707,1466,225,300,2482,1445
1600000US1772000,1772000,"Springfield city, Illinois",116858,42,87968,1751,21375,1673,0,185,3232,639,87,148,1145,1093,3051,1114,130,175,2921,1115
1600000US1779293,1779293,"Waukegan city, Illinois",90252,3295,57914,4366,15091,2590,503,508,4382,1644,0,185,8776,3333,3586,1733,404,586,3182,1656
1600000US1805860,1805860,"Bloomington city, Indiana",80693,2420,66466,2504,3408,994,79,149,7880,608,81,144,632,552,2147,735,70,134,2077,702
1600000US1810342,1810342,"Carmel city, Indiana",84542,2309,70514,3744,3074,1967,188,311,6845,2231,0,190,1252,1407,2669,1367,0,190,2669,1367
1600000US1822000,1822000,"Evansville city, Indiana",117439,3161,96340,3438,16163,1351,660,207,639,493,183,296,468,334,2986,1054,80,119,2906,1043
1600000US1823278,1823278,"Fishers town, Indiana",85588,1862,71156,3474,4991,1819,0,190,7560,3201,0,190,846,723,1035,806,189,296,846,680
1600000US1825000,1825000,"Fort Wayne city, Indiana",251340,4872,183670,5096,40317,2117,374,225,7519,1346,75,116,9831,2995,9554,1817,1072,683,8482,1825
1600000US1827000,1827000,"Gary city, Indiana",75375,3596,11315,2126,60039,3880,209,240,318,517,821,1198,1517,1220,1156,506,273,251,883,460
1600000US1831000,1831000,"Hammond city, Indiana",78958,45,37209,3572,19772,2934,523,485,1070,454,0,190,18006,3631,2378,1197,1414,1097,964,542
1600000US1836003,1836003,"Indianapolis city (balance), Indiana",838425,5111,509372,6908,235416,4703,1741,769,20418,1504,0,190,50323,5373,21155,3083,2255,997,18900,2845
1600000US1840788,1840788,"Lafayette city, Indiana",69720,3269,61946,3261,4398,1180,149,231,1505,1085,0,190,140,164,1582,893,25,53,1557,875
1600000US1851876,1851876,"Muncie city, Indiana",70107,1335,58449,1649,7541,942,33,55,987,642,0,190,842,693,2255,906,45,75,2210,906
1600000US1871000,1871000,"South Bend city, Indiana",101975,2804,65662,3437,26755,2418,465,207,1329,855,105,145,3896,1074,3763,1125,732,359,3031,1075
1600000US1912000,1912000,"Cedar Rapids city, Iowa",128422,38,110589,1833,9972,1351,41,71,1932,782,0,157,3603,1898,2285,841,212,378,2073,673
1600000US1919000,1919000,"Davenport city, Iowa",102165,33,82705,1911,12715,1185,123,139,2019,806,48,86,1849,953,2706,1117,229,203,2477,1133
1600000US1921000,1921000,"Des Moines city, Iowa",207293,31,161270,3607,22822,2294,638,424,9136,2226,48,67,6451,2748,6928,2247,1981,1444,4947,1617
1600000US1938595,1938595,"Iowa City city, Iowa",71598,33,58245,1800,4368,1499,81,168,6598,1121,243,371,1088,798,975,592,57,122,918,591
1600000US1973335,1973335,"Sioux City city, Iowa",81325,2916,68654,3565,3091,616,815,516,2077,489,0,157,3462,1950,3226,1309,942,818,2284,844
1600000US1982425,1982425,"Waterloo city, Iowa",68366,21,54166,874,12001,640,121,144,576,344,0,157,229,376,1273,495,0,157,1273,495
1600000US2036000,2036000,"Kansas City city, Kansas",148112,1662,89101,3108,38935,1108,915,718,5152,228,65,114,9652,2541,4292,1151,687,534,3605,937
1600000US2038900,2038900,"Lawrence city, Kansas",92730,2972,75666,3036,4363,1055,2225,939,4606,652,0,170,609,432,5261,1646,505,551,4756,1796
1600000US2052575,2052575,"Olathe city, Kansas",131903,73,110985,3078,6703,1757,205,220,6474,1930,46,61,2484,1370,5006,1487,300,309,4706,1469
1600000US2053775,2053775,"Overland Park city, Kansas",181273,69,152985,2630,10383,1812,757,645,12011,2016,108,103,833,468,4196,1246,370,377,3826,1157
1600000US2071000,2071000,"Topeka city, Kansas",127702,75,102351,2012,12417,1279,1034,438,1637,455,47,77,2921,1581,7295,1272,203,181,7092,1235
1600000US2079000,2079000,"Wichita city, Kansas",386558,48,298594,2899,45158,2213,3347,1692,19233,1767,0,170,4467,1750,15759,2518,1328,675,14431,2374
1600000US2146027,2146027,"Lexington-Fayette urban county, Kentucky",308428,*****,232749,2504,46201,1271,933,314,11551,581,115,137,10612,2710,6267,1558,930,600,5337,1461
1600000US2148006,2148006,"Louisville/Jefferson County metro government (balance), Kentucky",609908,68,435907,4211,139241,5111,500,428,13357,1704,350,529,3012,1400,17541,3209,1706,1253,15835,2911
1600000US2205000,2205000,"Baton Rouge city, Louisiana",229405,85,86004,5107,127266,5330,502,435,9512,1733,0,203,1631,1228,4490,1665,495,507,3995,1734
1600000US2208920,2208920,"Bossier City city, Louisiana",66334,22,42904,2456,17507,1660,1055,1019,1498,360,0,203,927,858,2443,990,278,449,2165,903
1600000US2239475,2239475,"Kenner city, Louisiana",66975,27,45890,3001,14611,2856,131,195,3102,1110,0,203,2658,1467,583,443,160,210,423,386
1600000US2240735,2240735,"Lafayette city, Louisiana",124282,38,76983,3987,40629,3816,552,409,2664,806,0,203,1190,978,2264,896,0,203,2264,896
1600000US2241155,2241155,"Lake Charles city, Louisiana",74032,38,31329,2387,38587,2158,0,203,1098,960,0,203,121,130,2897,1201,214,162,2683,1223
1600000US2250115,2250115,"Metairie CDP, Louisiana",143630,7345,121554,5984,11729,3259,640,432,4838,1935,25,41,2804,1944,2040,884,310,234,1730,970
1600000US2255000,2255000,"New Orleans city, Louisiana",378715,*****,130880,1627,224787,1198,681,442,11508,437,69,116,4437,1722,6353,1335,934,482,5419,1198
1600000US2270000,2270000,"Shreveport city, Louisiana",200191,890,79332,2614,112011,2546,1122,660,2771,1053,235,299,2527,1599,2193,918,304,248,1889,918
1600000US2360545,2360545,"Portland city, Maine",66316,24,55848,2014,4885,1430,71,108,2561,1004,0,165,843,1006,2108,954,38,63,2070,954
1600000US2404000,2404000,"Baltimore city, Maryland",622104,*****,187993,2343,391451,2187,2668,1200,14728,1220,356,489,11773,3029,13135,2581,1646,961,11489,2316
1600000US2407125,2407125,"Bethesda CDP, Maryland",66364,5428,53016,5046,1483,921,109,130,7575,1803,0,197,968,693,3213,1464,501,740,2712,1292
1600000US2419125,2419125,"Columbia CDP, Maryland",102907,6432,55539,5117,30745,3685,698,494,11951,2260,0,197,1024,659,2950,1001,0,197,2950,1001
1600000US2426000,2426000,"Ellicott City CDP, Maryland",69535,5196,45385,3869,4858,1613,0,197,16160,3050,0,197,996,1185,2136,960,117,192,2019,947
1600000US2430325,2430325,"Frederick city, Maryland",66910,64,47065,2677,9265,2094,333,235,5534,1450,68,112,1329,1042,3316,1267,520,487,2796,1151
1600000US2431175,2431175,"Gaithersburg city, Maryland",65689,32,32715,3624,12158,2780,160,168,9202,2362,0,197,8731,3654,2723,1154,843,738,1880,894
1600000US2432025,2432025,"Germantown CDP, Maryland",94958,8505,39336,5883,21075,5171,0,197,22032,3536,0,197,8570,4058,3945,1805,195,272,3750,1839
1600000US2432650,2432650,"Glen Burnie CDP, Maryland",66760,6552,39317,4668,19150,4393,67,86,2877,1110,390,284,2378,2576,2581,1342,95,165,2486,1320
1600000US2472450,2472450,"Silver Spring CDP, Maryland",76563,6739,32448,3631,18298,3433,137,133,5409,1318,0,197,17926,5696,2345,960,414,337,1931,933
1600000US2481175,2481175,"Waldorf CDP, Maryland",69685,4444,23796,3161,39863,3299,445,436,2725,894,0,197,280,273,2576,1116,0,197,2576,1116
1600000US2507000,2507000,"Boston city, Massachusetts",644710,3772,341007,6737,155619,5274,3161,1082,57743,2438,0,203,58095,4945,29085,3997,4854,1702,24231,4021
1600000US2509000,2509000,"Brockton city, Massachusetts",94101,47,45220,3330,38046,2684,395,322,1908,815,0,203,4870,1966,3662,1328,999,691,2663,1147
1600000US2511000,2511000,"Cambridge city, Massachusetts",107276,48,71166,3334,11936,2663,280,213,16141,2745,78,116,3103,1131,4572,1513,576,333,3996,1497
1600000US2523000,2523000,"Fall River city, Massachusetts",88686,45,75638,2731,3954,1512,0,203,1770,1222,221,344,2637,1566,4466,1444,703,542,3763,1349
1600000US2524960,2524960,"Framingham CDP, Massachusetts",70448,33,52142,4046,5823,2985,143,151,4248,1572,0,203,4089,1898,4003,1744,744,717,3259,1591
1600000US2534550,2534550,"Lawrence city, Massachusetts",77665,36,36041,5081,7887,2903,90,149,2328,1070,0,203,29819,5426,1500,712,629,432,871,603
1600000US2537000,2537000,"Lowell city, Massachusetts",108868,35,60912,6013,7124,2359,175,197,22296,5904,0,203,14510,4206,3851,1073,1026,550,2825,1032
1600000US2537490,2537490,"Lynn city, Massachusetts",91595,34,46199,3984,12519,2141,0,203,6333,1923,335,277,20228,4061,5981,2107,1722,1054,4259,2026
1600000US2545000,2545000,"New Bedford city, Massachusetts",95079,28,68959,3048,3364,907,361,402,1214,801,0,203,18395,3083,2786,787,1554,827,1232,485
1600000US2545560,2545560,"Newton city, Massachusetts",87977,36,68877,2920,3048,1507,71,100,11979,2839,0,203,553,286,3449,1281,423,407,3026,1234
1600000US2555745,2555745,"Quincy city, Massachusetts",93490,29,63629,3056,4686,1909,0,203,22330,2889,0,203,792,566,2053,792,294,347,1759,709
1600000US2562535,2562535,"Somerville city, Massachusetts",78814,36,64233,3107,3853,1489,201,212,5483,2062,42,84,1886,2016,3116,1023,356,315,2760,1014
1600000US2567000,2567000,"Springfield city, Massachusetts",153694,47,80788,4880,36120,3492,1266,811,3518,1690,52,107,27369,4785,4581,1561,468,283,4113,1564
1600000US2582000,2582000,"Worcester city, Massachusetts",182538,44,129201,4619,25562,3180,501,361,11456,2607,213,229,7014,2665,8591,2903,855,601,7736,2895
1600000US2603000,2603000,"Ann Arbor city, Michigan",117034,43,85137,3085,11131,2654,231,244,14840,1646,0,168,559,314,5136,1295,642,557,4494,1174
1600000US2621000,2621000,"Dearborn city, Michigan",95888,35,86788,2274,3922,1380,0,168,2154,1228,0,168,372,352,2652,1008,387,472,2265,863
1600000US2622000,2622000,"Detroit city, Michigan",688740,70,88347,6427,553258,5195,2436,880,9072,2990,116,149,23965,3921,11546,2221,1214,706,10332,1977
1600000US2627440,2627440,"Farmington Hills city, Michigan",81293,31,55308,3142,16453,2779,62,99,7272,1899,0,168,470,465,1728,1021,98,128,1630,1015
1600000US2629000,2629000,"Flint city, Michigan",99758,32,39170,3740,54234,3776,341,329,352,382,23,37,1272,836,4366,1659,745,881,3621,1220
1600000US2634000,2634000,"Grand Rapids city, Michigan",192285,46,134449,4201,39821,4382,794,498,2740,815,49,88,5955,2377,8477,2473,1411,781,7066,2400
1600000US2642160,2642160,"Kalamazoo city, Michigan",75542,36,48603,2576,17435,2610,388,386,2186,1128,0,168,848,596,6082,1887,125,192,5957,1888
1600000US2646000,2646000,"Lansing city, Michigan",114113,1644,71643,3297,22961,2793,516,335,4503,1615,70,88,3649,1236,10771,2830,822,616,9949,2788
1600000US2649000,2649000,"Livonia city, Michigan",95212,37,86390,1963,3489,1026,305,296,3372,1485,0,168,42,68,1614,598,0,168,1614,598
1600000US2669035,2669035,"Rochester Hills city, Michigan",72957,29,61440,2531,2302,1434,207,185,7178,2397,0,168,459,470,1371,741,0,168,1371,741
1600000US2674900,2674900,"Southfield city, Michigan",73012,34,17783,2949,52461,3066,30,51,406,338,0,168,75,85,2257,1034,113,144,2144,1023
1600000US2676460,2676460,"Sterling Heights city, Michigan",131204,73,112832,3309,5499,2023,0,168,8300,2354,301,479,122,120,4150,1483,170,281,3980,1446
1600000US2680700,2680700,"Troy city, Michigan",82822,34,60413,3032,2613,1005,27,44,18030,2819,0,168,705,891,1034,478,42,71,992,485
1600000US2684000,2684000,"Warren city, Michigan",134875,31,99806,4151,20694,3090,657,556,9960,2719,0,168,350,380,3408,1328,202,209,3206,1263
1600000US2686000,2686000,"Westland city, Michigan",82586,37,65526,2976,12514,2659,188,254,1989,1086,0,168,285,414,2084,749,0,168,2084,749
1600000US2688940,2688940,"Wyoming city, Michigan",74114,55,62486,2752,2991,1188,230,268,2103,1181,0,168,3229,2017,3075,1272,148,183,2927,1271
1600000US2706616,2706616,"Bloomington city, Minnesota",86321,30,68804,2988,8739,2462,189,236,3568,1197,0,145,1941,1230,3080,1057,623,565,2457,982
1600000US2707966,2707966,"Brooklyn Park city, Minnesota",78373,26,40382,3923,21184,4277,357,362,12445,3839,126,167,1723,1194,2156,1112,350,332,1806,964
1600000US2717000,2717000,"Duluth city, Minnesota",86125,22,77172,1124,2855,625,2017,858,1517,527,16,35,121,91,2427,699,39,76,2388,695
1600000US2717288,2717288,"Eagan city, Minnesota",65453,28,51203,2175,6500,1970,613,656,4524,1143,0,145,489,625,2124,922,230,278,1894,827
1600000US2740166,2740166,"Maple Grove city, Minnesota",65406,33,56878,2473,1611,981,0,145,5390,1891,0,145,809,622,718,468,0,145,718,468
1600000US2743000,2743000,"Minneapolis city, Minnesota",400079,50,256874,6783,72382,6040,4097,1162,24860,3868,104,93,19572,4195,22190,3797,2112,1111,20078,3663
1600000US2751730,2751730,"Plymouth city, Minnesota",73987,22,59808,3646,5131,2894,95,126,7128,2461,0,145,372,561,1453,558,169,275,1284,511
1600000US2754880,2754880,"Rochester city, Minnesota",110731,44,90673,1570,7429,1194,129,130,7508,938,0,145,1807,1346,3185,1000,313,389,2872,937
1600000US2756896,2756896,"St. Cloud city, Minnesota",67754,2938,57224,3136,5951,1575,759,397,1982,815,128,213,277,226,1433,671,10,21,1423,667
1600000US2758000,2758000,"St. Paul city, Minnesota",294873,30,173335,5062,47597,3354,3727,1959,49270,3847,58,95,8588,2459,12298,2468,746,553,11552,2385
1600000US2771428,2771428,"Woodbury city, Minnesota",65659,24,53479,2371,2863,1215,145,235,5977,1625,189,314,877,808,2129,1101,136,186,1993,1050
1600000US2829700,2829700,"Gulfport city, Mississippi",71022,43,41865,2933,25250,2410,288,397,1225,922,0,208,558,618,1836,1103,0,208,1836,1103
1600000US2915670,2915670,"Columbia city, Missouri",115287,42,93564,1775,8062,1655,557,460,7159,590,77,130,239,220,5629,1699,76,128,5553,1708
1600000US2935000,2935000,"Independence city, Missouri",117246,40,96025,4602,12532,4098,539,469,1070,870,340,500,3098,2458,3642,1056,496,545,3146,947
1600000US2938000,2938000,"Kansas City city, Missouri",467082,216,278765,6540,131562,5930,2137,1017,12142,1981,1440,833,25916,5034,15120,3159,2288,1204,12832,2905
1600000US2941348,2941348,"Lee's Summit city, Missouri",93669,702,81633,3417,6959,2440,459,714,2268,1451,352,467,404,299,1594,887,344,345,1250,790
1600000US2954074,2954074,"O'Fallon city, Missouri",82802,42,74227,1819,2269,1064,103,168,4081,1536,0,184,437,529,1685,857,81,138,1604,853
1600000US2964082,2964082,"St. Charles city, Missouri",67566,30,58581,1712,5353,1528,38,69,947,539,0,184,162,159,2485,1012,292,357,2193,947
1600000US2965000,2965000,"St. Louis city, Missouri",318416,*****,147036,1254,152570,1600,830,397,9272,812,90,112,1526,681,7092,1825,697,636,6395,1759
1600000US2970000,2970000,"Springfield city, Missouri",164133,49,143982,2085,7227,1166,1092,589,3180,810,177,292,2505,1299,5970,1799,1210,1007,4760,1592
1600000US3006550,3006550,"Billings city, Montana",109062,33,96902,1872,779,590,5940,1691,954,501,88,120,1349,939,3050,1412,0,165,3050,1412
1600000US3050200,3050200,"Missoula city, Montana",69116,27,62876,1642,75,139,1823,1105,1152,522,0,165,295,468,2895,1296,552,610,2343,1173
1600000US3128000,3128000,"Lincoln city, Nebraska",268743,29,228457,2418,12271,1191,1930,852,11326,763,63,109,6642,2425,8054,2291,3013,1829,5041,1157
1600000US3137000,3137000,"Omaha city, Nebraska",434353,42,343081,3420,54315,2910,1409,507,10674,1529,215,144,11303,2873,13356,2006,1153,463,12203,1904
1600000US3223770,3223770,"Enterprise CDP, Nevada",121164,8189,66439,6900,8923,2713,430,362,31409,5675,2408,1878,4625,1956,6930,2061,1684,933,5246,1834
1600000US3231900,3231900,"Henderson city, Nevada",270798,58,212627,5086,15885,3502,974,452,23842,3832,1369,933,6229,2348,9872,2146,1009,727,8863,2101
1600000US3240000,3240000,"Las Vegas city, Nevada",603525,130,376135,9940,73355,6977,3003,1224,41993,5333,3056,1099,78162,8463,27821,4057,4558,1722,23263,3482
1600000US3251800,3251800,"North Las Vegas city, Nevada",226872,38,107447,7216,40916,5117,1749,1225,12206,2882,3013,1687,51818,7310,9723,2636,1329,876,8394,2348
1600000US3254600,3254600,"Paradise CDP, Nevada",225861,11851,154353,11038,21683,4140,871,485,15933,3225,1081,605,20908,5155,11032,2574,1047,587,9985,2520
1600000US3260600,3260600,"Reno city, Nevada",233306,57,188632,4508,5792,1572,2199,819,15389,2687,1851,697,9975,3204,9468,2322,571,398,8897,2268
1600000US3268400,3268400,"Sparks city, Nevada",93281,36,74331,3593,3229,1520,1471,717,4821,1886,125,220,5856,2740,3448,1230,549,535,2899,1092
1600000US3268585,3268585,"Spring Valley CDP, Nevada",188025,11693,108212,8394,21887,4926,1613,991,35258,5049,1895,1229,11096,3815,8064,1986,1509,1266,6555,1673
1600000US3271400,3271400,"Sunrise Manor CDP, Nevada",181454,8987,102938,7197,22208,3798,711,508,9590,3226,1257,1121,36714,6578,8036,1824,2187,1098,5849,1484
1600000US3345140,3345140,"Manchester city, New Hampshire",110369,41,94904,2867,4420,1839,74,98,5583,1811,0,185,2418,1520,2970,1395,61,101,2909,1362
1600000US3350260,3350260,"Nashua city, New Hampshire",87138,24,71471,2743,2414,1847,85,103,7277,1513,0,185,1626,1002,4265,1545,452,464,3813,1536
1600000US3403580,3403580,"Bayonne city, New Jersey",65024,26,45606,2994,6327,1904,423,450,6438,2180,0,200,3726,1678,2504,1013,673,662,1831,764
1600000US3410000,3410000,"Camden city, New Jersey",76903,27,9927,2152,42232,3792,0,200,2875,1461,0,200,18892,3726,2977,1561,867,623,2110,1377
1600000US3413690,3413690,"Clifton city, New Jersey",85379,42,63554,3361,3903,1987,192,192,8540,1977,0,200,6686,2802,2504,1258,848,671,1656,1006
1600000US3419390,3419390,"East Orange city, New Jersey",64543,22,2127,827,59132,1592,275,290,679,611,0,200,1724,1038,606,628,59,99,547,607
1600000US3421000,3421000,"Elizabeth city, New Jersey",127552,37,63344,4657,22864,3906,583,517,1328,962,0,200,35302,4801,4131,2116,891,676,3240,2072
1600000US3436000,3436000,"Jersey City city, New Jersey",257345,37,95797,6182,64138,2871,349,254,62433,3925,0,200,25966,5243,8662,2418,2857,1165,5805,1960
1600000US3451000,3451000,"Newark city, New Jersey",278436,42,62772,5319,142789,4445,1688,936,2631,742,43,84,57990,5820,10523,3397,3688,1567,6835,3157
1600000US3456550,3456550,"Passaic city, New Jersey",70876,39,41508,3800,9800,2476,1619,1432,2201,1142,126,212,8879,2442,6743,2902,844,778,5899,2856
1600000US3457000,3457000,"Paterson city, New Jersey",145952,30,47426,5661,48455,3750,182,220,7770,1771,0,200,32623,4051,9496,3701,927,568,8569,3636
1600000US3473110,3473110,"Toms River CDP, New Jersey",89957,591,80641,3032,2654,1706,335,458,4691,2181,0,200,616,438,1020,803,0,200,1020,803
1600000US3474000,3474000,"Trenton city, New Jersey",84344,36,19730,3586,46257,2819,148,200,1693,1136,0,200,15240,3681,1276,745,712,632,564,374
1600000US3474630,3474630,"Union City city, New Jersey",68248,25,43541,3709,4532,1602,984,1375,1558,654,0,200,15985,3050,1648,788,872,648,776,444
1600000US3502000,3502000,"Albuquerque city, New Mexico",556489,45,434500,7869,19847,2190,21926,2204,15513,2076,642,445,43680,6256,20381,3255,4547,1245,15834,2902
1600000US3539380,3539380,"Las Cruces city, New Mexico",101317,32,87633,2650,2195,792,1904,646,961,783,0,195,3456,2029,5168,2054,1811,1392,3357,1619
1600000US3563460,3563460,"Rio Rancho city, New Mexico",91928,69,75931,2563,2121,536,1493,839,1698,434,44,72,4879,1607,5762,2198,1179,809,4583,2044
1600000US3570500,3570500,"Santa Fe city, New Mexico",69969,30,57433,2182,438,336,1570,680,1112,465,155,175,6698,2143,2563,899,543,659,2020,667
1600000US3601000,3601000,"Albany city, New York",98441,59,57073,3099,27932,2457,63,66,7270,1926,281,462,1499,855,4323,1548,226,233,4097,1541
1600000US3611000,3611000,"Buffalo city, New York",258945,66,123198,5186,96248,3683,829,422,10830,2527,17,37,17430,2718,10393,2602,2387,1161,8006,2333
1600000US3615000,3615000,"Cheektowaga CDP, New York",74338,2084,62765,2873,8312,2041,96,120,1313,862,0,193,340,302,1512,789,199,271,1313,835
1600000US3649121,3649121,"Mount Vernon city, New York",68218,32,16862,3375,44129,3612,193,235,1462,826,0,193,3612,1496,1960,861,581,535,1379,675
1600000US3650617,3650617,"New Rochelle city, New York",79453,39,52248,3865,14293,2657,0,193,3755,1587,0,193,7027,2623,2130,928,891,622,1239,601
1600000US3651000,3651000,"New York city, New York",8405837,*****,3659632,25254,2070401,14193,30380,4160,1133042,7969,5908,2086,1249233,25642,257241,14938,78841,7302,178400,12016
1600000US3663000,3663000,"Rochester city, New York",210345,54,95512,4514,86081,4540,1720,795,5119,1638,325,392,13284,2806,8304,2174,1910,1098,6394,1744
1600000US3665508,3665508,"Schenectady city, New York",65915,49,40144,2262,15653,1853,542,348,3764,1146,0,193,3846,1727,1966,800,771,643,1195,508
1600000US3673000,3673000,"Syracuse city, New York",144675,43,79566,3152,42312,2924,1861,977,9046,1310,30,50,4372,1738,7488,1857,833,478,6655,1676
1600000US3684000,3684000,"Yonkers city, New York",199764,38,119741,6200,32231,4581,28,49,11286,2598,0,193,31938,5609,4540,1576,2093,1200,2447,1094
1600000US3702140,3702140,"Asheville city, North Carolina",87251,61,72333,2143,11097,2106,134,167,1136,774,0,201,373,401,2178,1124,17,36,2161,1122
1600000US3710740,3710740,"Cary town, North Carolina",151560,520,110441,4484,11618,2899,695,382,21610,2610,41,67,3334,2545,3821,1434,1174,928,2647,1002
1600000US3712000,3712000,"Charlotte city, North Carolina",792849,67,394713,9158,284328,4971,3098,1363,43223,2364,73,125,47389,7884,20025,3264,2668,1480,17357,2875
1600000US3714100,3714100,"Concord city, North Carolina",83507,28,59023,3049,15774,2314,204,227,3033,932,44,77,3443,2296,1986,936,431,490,1555,811
1600000US3719000,3719000,"Durham city, North Carolina",245466,48,118676,4020,98160,2849,471,537,11527,1207,0,201,6949,2933,9683,2302,3256,1642,6427,1974
1600000US3722920,3722920,"Fayetteville city, North Carolina",204401,44,96999,3861,85379,3927,952,419,5148,1289,358,284,3700,1141,11865,2360,555,390,11310,2298
1600000US3725580,3725580,"Gastonia city, North Carolina",73205,33,44100,2379,19960,2248,202,143,934,525,0,201,4797,1748,3212,1142,840,710,2372,1195
1600000US3728000,3728000,"Greensboro city, North Carolina",279651,57,140880,5114,114751,5089,910,822,9431,2394,410,545,7215,2630,6054,1778,1073,883,4981,1566
1600000US3728080,3728080,"Greenville city, North Carolina",89142,47,49884,2783,33517,2856,78,109,2809,467,53,90,1376,1152,1425,740,56,95,1369,731
1600000US3731400,3731400,"High Point city, North Carolina",107229,1449,53325,4201,35504,3988,740,994,10942,2588,47,78,4502,2711,2169,1131,440,517,1729,1013
1600000US3734200,3734200,"Jacksonville city, North Carolina",69075,31,45195,3138,15402,2726,231,215,2812,1085,403,383,2149,1286,2883,1192,523,472,2360,1053
1600000US3755000,3755000,"Raleigh city, North Carolina",431897,737,255147,6635,126279,7316,1644,788,20173,2757,500,462,17361,4807,10793,3065,700,592,10093,2924
1600000US3774440,3774440,"Wilmington city, North Carolina",112072,31,85947,4033,20637,3631,563,709,1922,1073,0,201,1945,1214,1058,581,141,233,917,554
1600000US3775000,3775000,"Winston-Salem city, North Carolina",236457,66,134141,3992,81199,2777,981,482,2873,971,884,1353,11967,3057,4412,1814,511,471,3901,1807
1600000US3807200,3807200,"Bismarck city, North Dakota",66063,2626,60831,2367,565,402,2454,1201,637,171,0,149,303,233,1273,643,121,157,1152,613
1600000US3825700,3825700,"Fargo city, North Dakota",112510,2141,100838,2251,4457,1156,1287,635,3339,957,28,59,374,360,2187,1109,161,275,2026,1049
1600000US3901000,3901000,"Akron city, Ohio",198095,34,118338,3324,63736,3509,952,736,5252,1395,146,227,1358,995,8313,2314,232,250,8081,2275
1600000US3915000,3915000,"Cincinnati city, Ohio",297498,78,155675,5373,123578,6030,517,364,5499,965,347,283,3095,1629,8787,2366,576,532,8211,2193
1600000US3916000,3916000,"Cleveland city, Ohio",390106,42,156131,5805,202393,4768,2080,1164,5531,1367,0,190,10593,2543,13378,2360,1756,792,11622,2254
1600000US3918000,3918000,"Columbus city, Ohio",822762,3388,508169,7555,224394,6767,1585,612,37879,3874,349,341,18533,4468,31853,3972,2847,1194,29006,3797
1600000US3921000,3921000,"Dayton city, Ohio",143355,35,78149,4232,57086,4123,339,291,2100,918,58,96,1007,1145,4616,1235,187,156,4429,1200
1600000US3944856,3944856,"Lorain city, Ohio",63706,36,46427,2561,9286,2040,196,302,618,537,37,75,1753,1202,5389,1946,255,258,5134,1947
1600000US3961000,3961000,"Parma city, Ohio",80427,25,75034,1963,2833,1448,44,54,808,534,0,190,201,175,1507,1112,0,190,1507,1112
1600000US3977000,3977000,"Toledo city, Ohio",282313,36,181978,3359,74982,3016,1000,326,3496,1005,33,59,8615,1753,12209,2356,3101,1468,9108,1942
1600000US3988000,3988000,"Youngstown city, Ohio",65174,27,32036,2033,27488,2289,328,297,232,225,0,190,2217,1112,2873,1202,36,68,2837,1207
1600000US4009050,4009050,"Broken Arrow city, Oklahoma",105013,1672,82787,2800,4484,1339,3130,787,2764,931,68,126,2104,1195,9676,1681,496,398,9180,1547
1600000US4023200,4023200,"Edmond city, Oklahoma",87002,34,73376,2818,5486,1957,1727,634,2257,940,412,480,441,271,3303,1056,89,105,3214,1030
1600000US4041850,4041850,"Lawton city, Oklahoma",97142,38,58982,2081,20510,1559,4031,975,2224,829,607,191,2932,1109,7856,1805,1016,686,6840,1701
1600000US4052500,4052500,"Norman city, Oklahoma",118200,28,92309,3411,5097,2398,5087,1544,7239,2079,358,411,1354,745,6756,1876,380,465,6376,1805
1600000US4055000,4055000,"Oklahoma City city, Oklahoma",610617,139,419802,6202,86352,4243,17516,2388,25328,2122,0,157,23796,4561,37823,4144,2227,930,35596,3966
1600000US4075000,4075000,"Tulsa city, Oklahoma",398724,806,261172,3540,60285,2081,15455,1688,10598,1290,277,243,16895,2024,34042,2444,2261,789,31781,2369
1600000US4105350,4105350,"Beaverton city, Oregon",93525,65,69847,4109,2014,926,1439,1551,11443,2717,712,958,4023,2462,4047,1251,360,315,3687,1213
1600000US4105800,4105800,"Bend city, Oregon",81236,19,74156,1828,456,469,558,467,1931,741,185,305,1864,1541,2086,903,474,611,1612,647
1600000US4123850,4123850,"Eugene city, Oregon",159161,93,132965,3469,2938,938,1738,794,7242,1130,1067,405,6831,3325,6380,1526,511,421,5869,1545
1600000US4131250,4131250,"Gresham city, Oregon",109410,49,85340,4146,5075,1989,876,587,3448,1437,1800,1533,6325,2780,6546,1870,498,430,6048,1914
1600000US4134100,4134100,"Hillsboro city, Oregon",97371,34,79797,3047,546,341,96,104,8607,1888,547,616,3619,1903,4159,1327,241,263,3918,1289
1600000US4147000,4147000,"Medford city, Oregon",77680,24,70335,1910,859,621,261,217,1034,698,0,200,2596,1774,2595,1072,88,157,2507,1061
1600000US4159000,4159000,"Portland city, Oregon",611134,1681,474549,6372,35745,2993,5639,1578,45933,2703,2386,1430,15836,3786,31046,3853,3081,1116,27965,3545
1600000US4164900,4164900,"Salem city, Oregon",160618,36,132125,4077,1833,571,829,414,5592,1165,728,493,8371,3153,11140,2368,1704,1342,9436,1832
1600000US4202000,4202000,"Allentown city, Pennsylvania",118577,25,68390,5741,16274,3423,338,361,2427,1248,0,172,26182,5016,4966,1974,783,525,4183,1886
1600000US4206088,4206088,"Bethlehem city, Pennsylvania",74241,2232,56823,3303,4314,1763,450,464,2265,1007,0,172,7925,2487,2464,1126,868,714,1596,665
1600000US4224000,4224000,"Erie city, Pennsylvania",100676,30,76294,1838,15993,1977,208,173,2407,671,40,71,2003,832,3731,1373,646,622,3085,1202
1600000US4260000,4260000,"Philadelphia city, Pennsylvania",1553165,*****,646435,7366,670482,6185,3322,1177,106286,2218,375,311,88241,8025,38024,5753,6286,2468,31738,5238
1600000US4261000,4261000,"Pittsburgh city, Pennsylvania",305838,35,207899,4612,72398,4618,560,317,14628,1922,0,172,788,419,9565,2199,359,486,9206,2197
1600000US4263624,4263624,"Reading city, Pennsylvania",87894,26,46494,3965,9617,2400,2405,1851,301,240,417,664,18616,3402,10044,2869,2276,1231,7768,2429
1600000US4269000,4269000,"Scranton city, Pennsylvania",75814,38,65569,1463,5135,923,184,183,2768,1031,0,172,483,404,1675,736,0,172,1675,736
1600000US4419180,4419180,"Cranston city, Rhode Island",80575,37,68746,2826,2967,1236,65,71,1734,1152,0,210,3871,1946,3192,1699,337,319,2855,1661
1600000US4454640,4454640,"Pawtucket city, Rhode Island",71178,32,42453,3469,13769,2823,273,383,286,211,264,418,11489,2757,2644,886,584,432,2060,799
1600000US4459000,4459000,"Providence city, Rhode Island",177995,29,89225,6358,28410,4750,1699,772,12653,2504,31,62,40578,5335,5399,1856,1086,894,4313,1709
1600000US4474300,4474300,"Warwick city, Rhode Island",81983,44,74942,1745,619,373,17,31,2474,1322,0,210,2189,1051,1742,867,180,183,1562,835
1600000US4513330,4513330,"Charleston city, South Carolina",130428,2188,96793,4248,29593,3257,226,184,1251,551,35,38,439,277,2091,948,140,200,1951,860
1600000US4516000,4516000,"Columbia city, South Carolina",133377,464,67338,4017,55072,3698,317,201,3275,1135,80,121,3865,2212,3430,1240,794,1022,2636,773
1600000US4550875,4550875,"North Charleston city, South Carolina",101838,3182,44550,4476,49555,4488,140,147,1479,874,94,95,2552,1736,3468,1361,735,780,2733,1199
1600000US4561405,4561405,"Rock Hill city, South Carolina",69104,30,36980,2898,27015,2975,64,101,2566,1099,0,204,593,497,1886,1234,0,204,1886,1234
1600000US4652980,4652980,"Rapid City city, South Dakota",70810,23,55323,1336,802,525,8446,1432,770,355,0,155,348,272,5121,1575,130,140,4991,1573
1600000US4659020,4659020,"Sioux Falls city, South Dakota",163629,2282,141676,2689,6710,1300,4261,1133,2739,511,267,335,2928,1361,5048,1766,735,703,4313,1629
1600000US4714000,4714000,"Chattanooga city, Tennessee",173375,46,103813,2325,61264,1917,338,465,3320,1047,412,684,1736,1099,2492,1287,135,232,2357,1263
1600000US4715160,4715160,"Clarksville city, Tennessee",142355,23,95372,2290,30729,2688,953,550,2957,755,87,113,3431,1431,8826,2260,363,269,8463,2229
1600000US4727740,4727740,"Franklin city, Tennessee",68872,54,58920,2703,3730,1743,208,335,3068,1543,0,203,875,1007,2071,1282,142,228,1929,1239
1600000US4738320,4738320,"Johnson City city, Tennessee",65796,1115,57714,1607,4502,1035,0,203,1918,87,0,203,473,643,1189,706,124,210,1065,681
1600000US4740000,4740000,"Knoxville city, Tennessee",183261,47,142222,4377,29541,3140,514,576,4401,1453,247,410,1208,840,5128,2204,504,438,4624,2114
1600000US4748000,4748000,"Memphis city, Tennessee",653450,44,197962,7086,411962,6408,1057,569,10959,2011,0,203,20563,3712,10947,2429,1702,922,9245,2176
1600000US4751560,4751560,"Murfreesboro city, Tennessee",117039,29,89151,3281,19225,2838,484,562,3906,1568,0,203,782,663,3491,1476,249,238,3242,1418
1600000US4752006,4752006,"Nashville-Davidson metropolitan government (balance), Tennessee",634465,26,391895,5570,176670,3758,2279,696,21073,1321,350,152,28316,4862,13882,3341,1343,744,12539,3207
1600000US4801000,4801000,"Abilene city, Texas",119036,4043,93231,4159,11453,1025,493,339,2248,585,123,197,7446,2125,4042,1492,455,329,3587,1423
1600000US4801924,4801924,"Allen city, Texas",92025,34,70743,3683,6221,2637,183,209,10496,2499,280,361,1312,1095,2790,1541,0,213,2790,1541
1600000US4803000,4803000,"Amarillo city, Texas",196691,2495,164749,3764,12391,1388,1428,649,7385,951,79,139,4123,1287,6536,1920,978,589,5558,1845
1600000US4804000,4804000,"Arlington city, Texas",379565,71,258264,8855,66741,6872,1815,846,27701,4271,0,213,13421,3573,11623,3061,2436,2056,9187,2483
1600000US4804462,4804462,"Atascocita CDP, Texas",65166,9019,43931,7891,10928,3248,0,213,3263,1944,595,585,5592,2959,857,566,221,236,636,521
1600000US4805000,4805000,"Austin city, Texas",885415,84,688286,9570,65314,3947,2560,1112,54535,3998,666,435,43279,7030,30775,3651,4847,1734,25928,3345
1600000US4806128,4806128,"Baytown city, Texas",76327,1768,52870,4648,11440,3764,505,557,431,386,142,249,9692,3414,1247,777,247,297,1000,716
1600000US4807000,4807000,"Beaumont city, Texas",117808,48,53857,3317,56669,3169,73,123,4450,1428,0,213,1615,1024,1144,843,296,472,848,688
1600000US4810768,4810768,"Brownsville city, Texas",181850,43,170101,2122,361,364,228,376,2972,1520,0,213,5988,1608,2200,1475,926,733,1274,1324
1600000US4810912,4810912,"Bryan city, Texas",78718,41,47484,3982,10675,2153,453,643,3531,1312,101,198,12582,3848,3892,2370,188,155,3704,2373
1600000US4813024,4813024,"Carrollton city, Texas",126695,46,80188,5227,10501,2358,397,279,21624,3720,0,213,11361,3931,2624,913,385,422,2239,802
1600000US4815976,4815976,"College Station city, Texas",100036,53,79275,2511,7605,1882,146,110,7885,1365,50,85,2046,1131,3029,1044,594,391,2435,968
1600000US4817000,4817000,"Corpus Christi city, Texas",316389,34,264567,4838,13646,1405,1546,786,5923,605,402,471,24970,4770,5335,1677,1281,912,4054,1165
1600000US4819000,4819000,"Dallas city, Texas",1257676,80,747660,15977,305645,11631,2272,796,43327,5545,467,310,127765,12460,30540,4969,7288,2008,23252,4472
1600000US4819972,4819972,"Denton city, Texas",123105,46,94701,3618,15151,2875,495,286,4903,1328,135,181,3324,1655,4396,2224,528,546,3868,2114
1600000US4822660,4822660,"Edinburg city, Texas",80830,30,67557,3653,2006,756,189,324,3421,1973,0,213,6826,2986,831,607,569,454,262,331
1600000US4824000,4824000,"El Paso city, Texas",674438,38,570340,7535,24351,2291,3202,1128,7822,1171,1148,638,53979,8033,13596,2158,4395,1293,9201,1768
1600000US4826232,4826232,"Flower Mound town, Texas",68397,47,57879,2306,2404,1454,404,306,5723,1698,0,213,436,346,1551,575,204,237,1347,584
1600000US4827000,4827000,"Fort Worth city, Texas",794189,2712,492980,13310,146387,8661,4767,2425,26809,5967,1188,1066,92396,10658,29662,6529,6681,2367,22981,6267
1600000US4827684,4827684,"Frisco city, Texas",136783,52,103493,4180,10160,3319,138,138,16144,3161,125,195,2451,1115,4272,1509,726,603,3546,1509
1600000US4829000,4829000,"Garland city, Texas",234694,670,100582,7487,31486,4782,1827,1087,19632,4212,92,141,68931,9119,12144,3496,2552,1177,9592,2987
1600000US4830464,4830464,"Grand Prairie city, Texas",183324,46,111205,7118,47438,6502,262,201,9179,3496,0,213,11207,3808,4033,1364,948,655,3085,1247
1600000US4835000,4835000,"Houston city, Texas",2197374,2865,1289328,18750,508643,15961,8801,3022,138809,8783,752,464,203678,14732,47363,5467,9317,3028,38046,4703
1600000US4837000,4837000,"Irving city, Texas",228652,40,133190,6531,29180,4222,454,321,38709,4524,286,305,21467,5550,5366,1465,1306,618,4060,1350
1600000US4839148,4839148,"Killeen city, Texas",137160,57,63674,5662,47082,4222,1782,1676,5931,1926,1462,1050,10155,3686,7074,2550,722,494,6352,2612
1600000US4841464,4841464,"Laredo city, Texas",249085,3088,237387,4113,1317,728,977,654,1098,569,0,213,7320,2103,986,401,677,352,309,296
1600000US4841980,4841980,"League City city, Texas",92163,1287,73623,2711,5908,2139,91,134,7347,1842,0,213,711,477,4483,1571,147,246,4336,1578
1600000US4842508,4842508,"Lewisville city, Texas",101154,636,75244,3690,10470,2850,71,76,7720,2098,0,213,2987,1395,4662,1607,510,473,4152,1556
1600000US4843888,4843888,"Longview city, Texas",81683,1004,58218,2547,19020,1878,280,461,899,664,0,213,1718,1224,1548,781,164,297,1384,742
1600000US4845000,4845000,"Lubbock city, Texas",239544,32,183737,4802,20194,1007,1770,932,5647,830,16,28,21197,3997,6983,1701,2158,1040,4825,1509
1600000US4845384,4845384,"McAllen city, Texas",136631,39,120782,4073,802,619,536,629,3464,1506,0,213,9514,3595,1533,726,612,460,921,568
1600000US4845744,4845744,"McKinney city, Texas",148544,65,120430,4624,17442,3878,378,431,5768,1744,51,85,1470,779,3005,1177,288,306,2717,1085
1600000US4847892,4847892,"Mesquite city, Texas",143341,51,92594,6358,37272,6298,924,910,4032,1885,0,213,6930,2540,1589,793,449,321,1140,733
1600000US4848072,4848072,"Midland city, Texas",123935,20,89865,5140,8031,1576,487,561,1616,558,864,1301,19295,5156,3777,1431,544,420,3233,1422
1600000US4848804,4848804,"Missouri City city, Texas",69521,2123,23107,3748,32563,4686,0,213,10377,2556,0,213,2463,1665,1011,661,144,173,867,603
1600000US4852356,4852356,"North Richland Hills city, Texas",67319,30,55999,3280,2152,1717,491,524,4035,2076,388,643,2074,2517,2180,1096,192,158,1988,1076
1600000US4853388,4853388,"Odessa city, Texas",110406,990,90079,3194,6142,937,881,648,1399,77,0,213,8207,2759,3698,1564,397,330,3301,1516
1600000US4856000,4856000,"Pasadena city, Texas",152734,43,126078,4640,3361,1987,2338,1565,3052,1217,0,213,14687,3923,3218,1903,320,246,2898,1948
1600000US4856348,4856348,"Pearland city, Texas",102491,4621,60242,4929,21561,3883,219,383,15633,2108,0,213,3715,2412,1121,737,237,248,884,683
1600000US4858016,4858016,"Plano city, Texas",273519,1224,188898,5990,21946,4399,1822,1037,50081,4440,24,53,3636,1805,7112,1865,1435,702,5677,1799
1600000US4861796,4861796,"Richardson city, Texas",104477,40,68811,4358,10089,2876,65,76,17651,2783,0,213,1282,992,6579,2709,1133,612,5446,2557
1600000US4863500,4863500,"Round Rock city, Texas",109835,1558,82855,3834,11064,2900,198,326,6235,1898,0,213,5372,2312,4111,1451,795,564,3316,1300
1600000US4864472,4864472,"San Angelo city, Texas",100111,2406,81385,3787,5256,807,272,280,1308,287,0,213,9126,2605,2764,1239,1456,1145,1308,692
1600000US4865000,4865000,"San Antonio city, Texas",1409000,87,1115376,12651,100363,5324,7593,2344,37803,3264,1137,828,111230,10511,35498,4417,10358,2201,25140,4274
1600000US4870808,4870808,"Sugar Land city, Texas",83851,46,40489,4731,7844,3503,0,213,30890,4251,0,213,2266,2273,2362,1128,234,385,2128,1046
1600000US4872176,4872176,"Temple city, Texas",70182,43,50209,3815,13850,3218,136,149,2001,1448,266,491,1415,1065,2305,1045,0,213,2305,1045
1600000US4872656,4872656,"The Woodlands CDP, Texas",100843,9378,88379,8782,2482,2065,0,213,7153,2588,60,103,1126,1072,1643,947,278,383,1365,850
1600000US4874144,4874144,"Tyler city, Texas",100217,34,71637,3455,23255,3097,103,117,1673,1080,0,213,1601,1056,1948,1382,1332,1369,616,455
1600000US4875428,4875428,"Victoria city, Texas",65097,20,55568,1692,5095,1240,94,159,819,686,0,213,2488,1157,1033,730,398,373,635,541
1600000US4876000,4876000,"Waco city, Texas",129031,36,83488,3949,25576,2639,442,347,3321,1025,34,57,12337,3467,3833,1731,474,446,3359,1813
1600000US4879000,4879000,"Wichita Falls city, Texas",104900,21,81388,1590,13437,808,749,603,2701,549,0,213,3525,1231,3100,1004,608,467,2492,877
1600000US4943660,4943660,"Layton city, Utah",70798,38,62459,2530,654,580,312,253,1534,793,482,719,2859,1903,2498,1063,835,754,1663,875
1600000US4955980,4955980,"Ogden city, Utah",84239,43,74874,2115,1694,539,1421,779,939,515,233,246,2617,1331,2461,1073,662,598,1799,897
1600000US4957300,4957300,"Orem city, Utah",91650,32,79586,3320,497,456,794,664,2866,1247,1661,1500,3898,2207,2348,1092,33,55,2315,1089
1600000US4962470,4962470,"Provo city, Utah",116289,28,100000,3608,1293,1284,1020,686,2874,897,1554,895,5117,2668,4431,1340,615,493,3816,1203
1600000US4965330,4965330,"St. George city, Utah",76824,35,69773,2865,476,391,239,371,151,181,868,639,2910,2515,2407,1435,498,885,1909,1053
1600000US4967000,4967000,"Salt Lake City city, Utah",191160,68,139809,6750,5637,2134,2093,1067,9855,2250,5388,2624,23935,6514,4443,1347,640,365,3803,1261
1600000US4967440,4967440,"Sandy city, Utah",90215,59,78346,3828,946,683,161,200,3539,1615,558,869,4918,3620,1747,827,169,191,1578,796
1600000US4982950,4982950,"West Jordan city, Utah",110064,61,93782,3798,773,854,2024,1728,3472,1756,1829,1249,6694,2538,1490,829,220,227,1270,773
1600000US4983470,4983470,"West Valley City city, Utah",133597,65,77798,5123,4143,2010,1596,1137,4450,1766,8286,2940,31554,4827,5770,2510,1465,881,4305,2317
1600000US5101000,5101000,"Alexandria city, Virginia",148892,*****,96307,2458,33626,902,237,256,9913,887,0,198,4180,2146,4629,1431,1390,1148,3239,943
1600000US5103000,5103000,"Arlington CDP, Virginia",224906,*****,160325,3880,19607,761,1858,1511,21316,1261,146,187,15374,3772,6280,1627,553,581,5727,1474
1600000US5114440,5114440,"Centreville CDP, Virginia",72622,6656,42228,4999,5449,2607,299,461,18039,3863,43,54,1849,1162,4715,1635,1072,893,3643,1444
1600000US5116000,5116000,"Chesapeake city, Virginia",230571,*****,144713,1273,68899,1638,375,264,7393,736,163,210,1147,635,7881,2086,317,403,7564,2068
1600000US5121088,5121088,"Dale City CDP, Virginia",66259,6334,37647,4630,18483,3973,356,438,5841,2410,65,201,821,630,3046,1172,434,380,2612,1088
1600000US5135000,5135000,"Hampton city, Virginia",136699,*****,58817,1192,69903,1752,39,71,2494,1370,24,40,1368,850,4054,1956,90,137,3964,1957
1600000US5147672,5147672,"Lynchburg city, Virginia",78014,*****,50278,1045,21916,756,0,198,2166,346,60,69,1418,1001,2176,854,33,53,2143,852
1600000US5156000,5156000,"Newport News city, Virginia",182020,*****,93041,1361,73712,1438,465,285,6320,1028,362,198,1899,948,6221,1233,794,574,5427,1160
1600000US5157000,5157000,"Norfolk city, Virginia",246139,*****,119451,1522,102683,2314,1322,845,8565,740,36,70,4248,1346,9834,2098,1249,759,8585,1933
1600000US5164000,5164000,"Portsmouth city, Virginia",96205,*****,39532,678,50229,1360,282,232,1312,654,0,198,1126,864,3724,1211,476,421,3248,1194
1600000US5167000,5167000,"Richmond city, Virginia",214114,*****,94420,1585,102491,2472,905,948,4329,607,64,107,3146,1299,8759,2434,209,202,8550,2415
1600000US5168000,5168000,"Roanoke city, Virginia",98465,*****,64840,837,26127,1881,378,356,2042,376,511,732,269,414,4298,1763,131,245,4167,1753
1600000US5176432,5176432,"Suffolk city, Virginia",85728,*****,44893,606,35914,1028,58,73,612,469,102,129,271,212,3878,1230,433,404,3445,1134
1600000US5182000,5182000,"Virginia Beach city, Virginia",448479,*****,306569,2173,84836,2839,1415,594,29786,1355,747,289,4779,1726,20347,2895,941,576,19406,2893
1600000US5303180,5303180,"Auburn city, Washington",73882,2041,51513,4446,3421,1329,1846,1195,7990,2837,2120,1606,862,538,6130,2553,125,131,6005,2535
1600000US5305210,5305210,"Bellevue city, Washington",133990,37,78855,4670,3949,1585,344,321,41754,4600,75,121,2468,1713,6545,1595,488,353,6057,1585
1600000US5305280,5305280,"Bellingham city, Washington",82635,30,69177,2304,988,438,1446,675,4947,1350,86,81,1195,1003,4796,1684,0,198,4796,1684
1600000US5322640,5322640,"Everett city, Washington",105355,55,83349,3788,3876,1764,552,377,8716,2656,2041,2082,1363,973,5458,1855,386,348,5072,1854
1600000US5323515,5323515,"Federal Way city, Washington",92717,73,58043,4882,8618,3109,981,610,15545,4396,929,771,2026,1221,6575,1911,179,232,6396,1906
1600000US5335275,5335275,"Kennewick city, Washington",76760,26,54186,3395,1814,1053,582,446,1619,1231,21,38,14388,3418,4150,1390,1076,774,3074,1162
1600000US5335415,5335415,"Kent city, Washington",124410,91,74881,5920,12418,4007,951,727,23208,5107,5129,3107,1212,668,6611,2690,702,440,5909,2718
1600000US5335940,5335940,"Kirkland city, Washington",84434,34,65812,2757,439,296,524,571,11213,2317,0,198,1612,1460,4834,1845,0,198,4834,1845
1600000US5353545,5353545,"Pasco city, Washington",70345,3198,53100,4828,1417,781,371,237,1852,801,0,198,11087,4104,2518,1423,934,881,1584,1019
1600000US5357745,5357745,"Renton city, Washington",96987,56,57196,4786,8403,2375,1256,1324,19475,3669,227,276,3771,2156,6659,2211,0,198,6659,2211
1600000US5363000,5363000,"Seattle city, Washington",652429,97,459360,7473,46431,5595,3177,1401,87331,6629,2904,1390,12868,3467,40358,4425,2251,1098,38107,4240
1600000US5367000,5367000,"Spokane city, Washington",210722,30,183945,2788,6141,1913,2398,1105,6433,1347,963,705,737,500,10105,2705,575,431,9530,2642
1600000US5367167,5367167,"Spokane Valley city, Washington",91111,24,82801,2169,1184,1081,889,664,1901,929,544,593,1110,909,2682,1041,175,206,2507,1024
1600000US5370000,5370000,"Tacoma city, Washington",203451,43,139048,5200,16976,2669,1680,705,18767,2968,4038,2295,7875,2761,15067,3205,1915,1972,13152,2699
1600000US5374060,5374060,"Vancouver city, Washington",167410,41,133065,3908,5745,1749,1124,890,7969,1618,1548,920,9366,2772,8593,1735,926,523,7667,1718
1600000US5380010,5380010,"Yakima city, Washington",93260,35,62853,4614,1361,848,1612,817,731,537,130,154,24860,4435,1713,782,270,357,1443,597
1600000US5502375,5502375,"Appleton city, Wisconsin",74124,1625,62205,2445,1017,658,697,529,6390,1002,0,149,2348,1272,1467,711,303,257,1164,684
1600000US5522300,5522300,"Eau Claire city, Wisconsin",67155,496,61802,814,466,304,254,240,2830,700,0,149,287,344,1516,447,0,149,1516,447
1600000US5531000,5531000,"Green Bay city, Wisconsin",104773,31,82682,3188,4288,1103,3498,1137,4354,1523,61,106,4293,2425,5597,1816,1520,1177,4077,1432
1600000US5539225,5539225,"Kenosha city, Wisconsin",99887,26,82478,1968,10295,1526,554,493,1199,722,52,84,2574,1065,2735,1119,272,352,2463,1029
1600000US5548000,5548000,"Madison city, Wisconsin",243337,38,194764,3467,17257,2783,782,380,19169,2032,0,149,4087,1478,7278,1868,753,391,6525,1807
1600000US5553000,5553000,"Milwaukee city, Wisconsin",599168,36,287529,5859,233739,3640,3325,857,21205,2392,58,85,31011,4426,22301,3070,3112,1204,19189,3036
1600000US5560500,5560500,"Oshkosh city, Wisconsin",66771,34,61457,1279,2015,412,111,103,1845,1019,0,149,155,170,1188,564,86,153,1102,581
1600000US5566000,5566000,"Racine city, Wisconsin",78204,30,49253,3291,17475,1669,717,469,1062,764,0,149,6768,3183,2929,1370,496,439,2433,1341
1600000US5584250,5584250,"Waukesha city, Wisconsin",71026,44,62030,2128,1896,1032,40,66,2420,1179,0,149,3443,1656,1197,619,51,85,1146,615
