GEO.id,GEO.id2,GEO.display-label,HD01_VD01,HD02_VD01,HD01_VD02,HD02_VD02,HD01_VD03,HD02_VD03,HD01_VD04,HD02_VD04,HD01_VD05,HD02_VD05,HD01_VD06,HD02_VD06,HD01_VD07,HD02_VD07,HD01_VD08,HD02_VD08,HD01_VD09,HD02_VD09,HD01_VD10,HD02_VD10
Id,Id2,Geography,Estimate; Total:,Margin of Error; Total:,Estimate; White alone,Margin of Error; White alone,Estimate; Black or African American alone,Margin of Error; Black or African American alone,Estimate; American Indian and Alaska Native alone,Margin of Error; American Indian and Alaska Native alone,Estimate; Asian alone,Margin of Error; Asian alone,Estimate; Native Hawaiian and Other Pacific Islander alone,Margin of Error; Native Hawaiian and Other Pacific Islander alone,Estimate; Some other race alone,Margin of Error; Some other race alone,Estimate; Two or more races:,Margin of Error; Two or more races:,Estimate; Two or more races: - Two races including Some other race,Margin of Error; Two or more races: - Two races including Some other race,"Estimate; Two or more races: - Two races excluding Some other race, and three or more races","Margin of Error; Two or more races: - Two races excluding Some other race, and three or more races"
1600000US0107000,0107000,"Birmingham city, Alabama",222154,9045,48852,4608,167975,7658,114,140,2630,895,0,270,1287,783,1296,697,34,58,1262,697
1600000US0135896,0135896,"Hoover city, Alabama",74473,6152,59739,5353,10790,3227,0,270,2547,1085,0,270,1001,943,396,276,87,129,309,253
1600000US0137000,0137000,"Huntsville city, Alabama",158618,5913,101915,5029,46581,3088,2251,1169,4285,825,217,357,1751,1453,1618,784,294,298,1324,700
1600000US0150000,0150000,"Mobile city, Alabama",193332,8455,95172,5683,90230,5845,422,375,3953,1197,0,270,1714,1110,1841,828,118,153,1723,846
1600000US0151000,0151000,"Montgomery city, Alabama",193042,3074,85229,1980,102292,2557,316,232,2589,389,0,270,650,465,1966,899,461,381,1505,819
1600000US0177256,0177256,"Tuscaloosa city, Alabama",68006,4295,35136,3251,30364,2902,265,222,719,566,0,270,709,930,813,582,223,253,590,522
1600000US0203000,0203000,"Anchorage municipality, Alaska",266281,*****,185780,1743,16547,674,15903,2447,18514,1707,2297,437,5377,1648,21863,3173,1154,732,20709,3201
1600000US0404720,0404720,"Avondale city, Arizona",61666,7985,37270,7477,3132,1102,213,206,976,601,0,291,18949,5654,1126,624,279,292,847,559
1600000US0412000,0412000,"Chandler city, Arizona",225725,12895,171596,10554,10991,4513,2695,1092,15653,2992,672,576,17116,4830,7002,2001,1337,803,5665,1851
1600000US0427400,0427400,"Gilbert town, Arizona",178539,10630,151198,10535,5873,3848,765,580,8574,2971,182,323,7922,2096,4025,1316,1470,641,2555,1191
1600000US0427820,0427820,"Glendale city, Arizona",229913,15332,175472,13674,10378,2930,3365,1481,4817,1483,1178,1044,27678,5766,7025,3772,1293,811,5732,3524
1600000US0446000,0446000,"Mesa city, Arizona",442445,17998,361116,15134,10830,3511,9817,3719,8845,2453,371,306,41250,8552,10216,2289,4688,1721,5528,1799
1600000US0454050,0454050,"Peoria city, Arizona",141941,12397,118889,11832,6486,3773,521,533,5600,2033,50,89,8001,2632,2394,967,757,426,1637,836
1600000US0455000,0455000,"Phoenix city, Arizona",1377980,26483,1015038,28078,69687,6345,29049,4351,27724,3952,872,582,206728,14297,28882,4075,12495,2781,16387,2791
1600000US0465000,0465000,"Scottsdale city, Arizona",215933,11086,197519,10786,3397,1589,1481,1391,6176,2637,0,291,3417,1494,3943,1539,1373,708,2570,1294
1600000US0471510,0471510,"Surprise city, Arizona",91411,9573,75043,8168,3003,1654,47,80,1490,807,0,291,9275,3164,2553,1176,879,701,1674,906
1600000US0473000,0473000,"Tempe city, Arizona",166171,13068,138057,12826,4910,1976,3837,1841,7595,2498,0,291,8690,3526,3082,1689,472,490,2610,1561
1600000US0477000,0477000,"Tucson city, Arizona",507362,10053,331181,9750,19129,1951,14848,3300,12782,1912,759,618,113147,7440,15516,3440,7991,2594,7525,1789
1600000US0485540,0485540,"Yuma city, Arizona",91433,5918,63849,5005,2181,937,2777,1741,1233,358,0,291,19732,4600,1661,970,639,581,1022,689
1600000US0523290,0523290,"Fayetteville city, Arkansas",58839,4451,50292,3940,2751,862,1010,418,1857,1035,0,260,1728,1053,1201,820,258,413,943,617
1600000US0524550,0524550,"Fort Smith city, Arkansas",81054,2989,59532,3259,7466,587,2260,1203,3970,746,0,260,6328,1741,1498,706,355,446,1143,724
1600000US0541000,0541000,"Little Rock city, Arkansas",176924,8246,92043,4798,77171,6031,558,417,2220,1094,0,260,2174,1950,2758,997,314,338,2444,926
1600000US0600562,0600562,"Alameda city, California",77058,7456,42022,5008,3256,1675,575,459,21624,5134,0,293,5129,3161,4452,1184,756,445,3696,1117
1600000US0600884,0600884,"Alhambra city, California",76309,8380,21150,4273,1344,977,116,128,40717,5972,0,293,10647,3092,2335,1105,879,579,1456,981
1600000US0602000,0602000,"Anaheim city, California",329483,18477,199851,12398,8542,2762,1787,1265,41438,6527,829,825,70983,14996,6053,1489,2391,1118,3662,1080
1600000US0602252,0602252,"Antioch city, California",103339,8668,49114,5431,16981,3792,140,238,7108,2569,124,126,24895,6278,4977,2010,1912,1249,3065,1483
1600000US0602364,0602364,"Apple Valley town, California",65229,7901,47553,7173,6421,3118,1361,1098,1254,619,181,307,6894,2495,1565,963,499,459,1066,868
1600000US0602553,0602553,"Arden-Arcade CDP, California",94284,6652,71721,6499,4238,1651,1537,878,6106,2260,541,574,6610,2729,3531,1387,1043,756,2488,1121
1600000US0603526,0603526,"Bakersfield city, California",286316,13835,168271,10718,23958,3052,3137,1298,13132,2920,543,583,67160,8628,10115,2438,4662,1773,5453,1743
1600000US0603666,0603666,"Baldwin Park city, California",84812,13151,32968,9278,776,471,3098,3773,9540,3897,178,171,35261,6690,2991,1612,1708,1002,1283,1304
1600000US0604982,0604982,"Bellflower city, California",78198,7534,32904,6563,8141,3114,245,275,11332,3819,405,478,22728,5391,2443,1056,1212,737,1231,727
1600000US0606000,0606000,"Berkeley city, California",90432,6031,57873,4659,10874,2471,122,140,12641,2611,51,84,4961,2307,3910,1058,431,401,3479,996
1600000US0608786,0608786,"Buena Park city, California",76062,8118,30763,4309,3257,2200,368,327,17659,4143,0,293,21309,6215,2706,1426,1347,1199,1359,816
1600000US0608954,0608954,"Burbank city, California",100053,8394,71161,7484,2553,1412,566,525,9003,2789,113,189,12964,3785,3693,1317,1261,632,2432,1106
1600000US0611194,0611194,"Carlsbad city, California",92998,6860,78856,6204,978,593,624,755,6579,1843,0,293,3852,1854,2109,1115,363,363,1746,1049
1600000US0611530,0611530,"Carson city, California",92156,9579,18255,3567,22665,4564,395,320,20807,5246,2661,3341,24452,6684,2921,1466,1540,1130,1381,859
1600000US0613014,0613014,"Chico city, California",71298,5295,57636,4795,1037,832,563,366,3797,1358,311,257,2946,1294,5008,1719,441,456,4567,1662
1600000US0613210,0613210,"Chino city, California",69732,9916,41503,8282,1186,811,318,323,3645,1756,139,235,19569,6011,3372,1549,1567,912,1805,1200
1600000US0613214,0613214,"Chino Hills city, California",80897,8741,36570,6434,2231,1293,382,353,31853,6452,0,293,8207,2796,1654,905,967,757,687,458
1600000US0613392,0613392,"Chula Vista city, California",212954,12826,124095,9413,7396,2219,1113,852,29289,5095,814,627,42169,8657,8078,1724,3455,1333,4623,1310
1600000US0613588,0613588,"Citrus Heights city, California",81824,7428,66701,6110,1828,1489,413,353,3150,1726,53,95,7297,2525,2382,1914,369,385,2013,1825
1600000US0614218,0614218,"Clovis city, California",80529,8690,59866,7188,2081,1318,554,414,6481,2472,544,710,5075,1795,5928,2667,2336,1825,3592,1864
1600000US0615044,0615044,"Compton city, California",97833,11755,11062,4133,39243,7917,636,688,251,266,1905,2298,43251,7862,1485,951,1038,874,447,350
1600000US0616000,0616000,"Concord city, California",116782,9227,74604,6572,3061,1551,171,193,13984,3426,950,844,17966,7390,6046,2222,1674,1374,4372,1868
1600000US0616350,0616350,"Corona city, California",162410,15586,116817,13689,7596,3022,551,462,17163,5130,112,182,17113,5543,3058,1696,1468,925,1590,1000
1600000US0616532,0616532,"Costa Mesa city, California",105333,10745,71256,8013,1316,781,926,828,6451,2041,151,257,23333,8411,1900,901,297,267,1603,837
1600000US0617918,0617918,"Daly City city, California",93513,7062,23751,4217,2875,1036,66,111,52883,5105,365,550,11680,3488,1893,790,324,263,1569,731
1600000US0619766,0619766,"Downey city, California",111391,12481,70906,11261,2778,1318,140,164,9791,4589,751,1305,24107,4617,2918,1993,798,482,2120,1901
1600000US0620802,0620802,"East Los Angeles CDP, California",130766,15773,69687,14656,225,267,863,716,1269,1067,0,293,57013,8295,1709,1031,1519,1017,190,183
1600000US0621712,0621712,"El Cajon city, California",92507,13186,74024,12201,7763,3304,769,861,3604,1722,345,365,3555,1435,2447,855,787,440,1660,719
1600000US0622020,0622020,"Elk Grove city, California",127371,12138,61804,7069,15195,4945,1488,1346,32043,5901,0,293,10856,4072,5985,1732,1323,938,4662,1488
1600000US0622230,0622230,"El Monte city, California",108913,13663,50344,8068,1422,1149,781,1038,29433,10567,0,293,25191,4825,1742,969,1285,866,457,448
1600000US0622804,0622804,"Escondido city, California",133017,11512,90904,9411,2468,1388,1659,781,7424,2711,50,84,27920,7353,2592,1033,746,429,1846,935
1600000US0623182,0623182,"Fairfield city, California",102642,8172,47720,4631,15756,3625,673,524,16052,3678,246,226,17266,4728,4929,1353,1238,649,3691,1099
1600000US0624638,0624638,"Folsom city, California",61408,7351,49446,6627,1522,971,71,119,5306,2383,49,93,3069,1756,1945,940,831,651,1114,817
1600000US0624680,0624680,"Fontana city, California",158235,14343,103581,12400,18662,4791,880,804,9075,3768,452,598,21595,5444,3990,1858,1607,1093,2383,1369
1600000US0626000,0626000,"Fremont city, California",210387,11836,71227,5519,4416,1952,925,1001,104800,9248,1607,1235,22116,7075,5296,1795,1185,589,4111,1790
1600000US0627000,0627000,"Fresno city, California",477251,17586,255981,14037,39396,2053,4858,1751,58771,4898,961,727,105448,11767,11836,2468,5902,1852,5934,1525
1600000US0628000,0628000,"Fullerton city, California",142064,11603,70074,6041,3582,2082,191,186,32030,5512,405,388,31798,7606,3984,1896,911,567,3073,1787
1600000US0629000,0629000,"Garden Grove city, California",192345,15039,64400,7487,4923,2301,1361,907,64910,8899,1539,1270,52410,10640,2802,980,913,762,1889,772
1600000US0630000,0630000,"Glendale city, California",194620,12575,136773,11510,3633,1688,1087,853,28894,5265,183,296,21295,5043,2755,1184,1179,682,1576,917
1600000US0632548,0632548,"Hawthorne city, California",100754,12482,51795,9120,27703,8326,509,438,5895,2101,54,90,13864,3867,934,617,528,472,406,393
1600000US0633000,0633000,"Hayward city, California",135474,11506,50863,6670,23045,6980,1166,1023,29461,5480,2074,1523,23245,6017,5620,1994,1213,635,4407,1749
1600000US0633182,0633182,"Hemet city, California",77076,10443,56512,8249,2316,1355,548,477,1574,954,0,293,13689,6262,2437,995,1350,776,1087,635
1600000US0633434,0633434,"Hesperia city, California",79714,9907,48352,6969,4106,2597,885,505,613,576,0,293,22350,5351,3408,1836,1853,1310,1555,1210
1600000US0636000,0636000,"Huntington Beach city, California",189451,12932,142770,7362,1268,653,1111,969,20604,4257,1318,1276,14150,8334,8230,2560,2120,1322,6110,2187
1600000US0636448,0636448,"Indio city, California",65091,12815,28924,9896,1199,1130,139,173,521,449,146,247,33203,8539,959,544,636,426,323,345
1600000US0636546,0636546,"Inglewood city, California",120204,11460,27156,7601,47184,5924,0,293,322,273,668,635,43353,7634,1521,872,698,668,823,560
1600000US0636770,0636770,"Irvine city, California",172182,10281,97112,7384,1422,1015,420,346,63111,5956,271,218,5232,1877,4614,1234,1725,695,2889,927
1600000US0639496,0639496,"Lake Forest city, California",69305,7093,51775,5238,2240,1284,314,343,6028,2362,222,353,7118,3386,1608,828,564,435,1044,664
1600000US0639892,0639892,"Lakewood city, California",88253,11866,55477,10052,5236,1977,619,611,13436,3665,1175,1244,8891,3349,3419,1303,773,585,2646,1173
1600000US0640130,0640130,"Lancaster city, California",135225,11419,75258,7911,27298,6606,1106,868,4330,1364,834,978,18431,6306,7968,2498,2942,1408,5026,2014
1600000US0641992,0641992,"Livermore city, California",87054,7810,62815,6387,527,481,0,293,10099,3731,288,351,6498,3385,6827,2418,772,508,6055,2300
1600000US0643000,0643000,"Long Beach city, California",463956,19043,202592,14045,60695,7430,2206,1056,65816,8493,2378,1952,112566,13419,17703,3030,6661,1908,11042,2340
1600000US0644000,0644000,"Los Angeles city, California",3731437,52529,1831467,44807,368711,16979,15082,2583,415652,25199,9732,2907,1002868,37441,87925,7767,35149,5442,52776,6194
1600000US0646898,0646898,"Merced city, California",65391,5269,37748,4675,4384,1591,382,437,7004,2500,73,122,12910,3602,2890,1259,1213,831,1677,953
1600000US0648256,0648256,"Mission Viejo city, California",90136,7450,72774,6576,783,566,601,432,6912,2152,319,323,5565,2225,3182,1193,318,310,2864,1153
1600000US0648354,0648354,"Modesto city, California",202971,8829,148690,9415,10141,2500,2293,998,14618,2569,740,683,20743,4422,5746,1414,2134,1005,3612,1068
1600000US0649270,0649270,"Moreno Valley city, California",162987,13193,65250,7172,28564,5939,1346,856,9528,2462,203,252,52798,9398,5298,1642,2239,961,3059,1187
1600000US0649670,0649670,"Mountain View city, California",69427,6225,36179,3893,1610,899,923,677,19224,3331,308,401,8061,3139,3122,1396,308,290,2814,1319
1600000US0650076,0650076,"Murrieta city, California",98146,10779,65450,7913,6412,2457,637,462,7744,2439,0,293,10556,5021,7347,3166,1854,1144,5493,3030
1600000US0650258,0650258,"Napa city, California",73085,4025,60638,4367,1111,629,571,408,616,350,0,293,7985,2936,2164,931,332,307,1832,831
1600000US0651182,0651182,"Newport Beach city, California",82381,6437,72303,5807,368,576,286,271,4245,1773,57,104,2892,2247,2230,1198,218,362,2012,1150
1600000US0652526,0652526,"Norwalk city, California",103844,9999,43268,7972,5675,3196,222,299,15790,5386,115,211,34418,6644,4356,1989,2671,1642,1685,1282
1600000US0653000,0653000,"Oakland city, California",373910,16114,121075,8239,115952,8315,2072,1414,61358,6897,3426,2105,52243,8146,17784,4778,8029,3719,9755,2369
1600000US0653322,0653322,"Oceanside city, California",162259,15577,97018,9919,6437,1982,767,595,10831,2683,2392,1165,36296,10786,8518,2980,3773,2472,4745,1579
1600000US0653896,0653896,"Ontario city, California",156679,12726,90834,11336,8222,3493,1879,1073,5147,1851,298,518,45705,7576,4594,1878,2949,1414,1645,999
1600000US0653980,0653980,"Orange city, California",137994,11992,91486,6842,955,745,938,539,12768,3205,152,172,28694,9849,3001,1102,990,597,2011,936
1600000US0654652,0654652,"Oxnard city, California",178871,11665,108451,11270,10646,8279,1453,682,12260,2764,673,529,40715,6165,4673,1690,1848,1082,2825,1190
1600000US0655156,0655156,"Palmdale city, California",145800,18687,92008,18249,17827,4870,793,641,5175,2347,134,161,26277,6399,3586,1196,1086,675,2500,896
1600000US0656000,0656000,"Pasadena city, California",129400,9141,72385,7766,16885,3845,463,450,17423,3886,0,293,18068,4956,4176,1391,1336,1224,2840,905
1600000US0657792,0657792,"Pleasanton city, California",67018,5068,48023,4244,1318,748,511,418,12247,2569,0,293,2442,1318,2477,1047,1089,838,1388,708
1600000US0658072,0658072,"Pomona city, California",161257,14442,82468,10741,11538,4016,624,585,16517,6030,57,96,44890,8038,5163,2689,2264,1498,2899,2163
1600000US0659451,0659451,"Rancho Cucamonga city, California",144958,11871,101196,11260,8043,3657,431,469,12114,3818,221,370,16482,4184,6471,2008,3303,1756,3168,1219
1600000US0659920,0659920,"Redding city, California",89362,5475,78627,5130,1102,338,2049,1419,2966,878,84,150,2064,760,2470,1213,372,281,2098,1199
1600000US0659962,0659962,"Redlands city, California",73548,8222,53452,5942,4705,4307,446,502,4036,1944,109,179,8822,2864,1978,1190,1226,1049,752,585
1600000US0660018,0660018,"Redondo Beach city, California",61473,5276,46991,4336,1091,923,96,164,7896,2593,495,604,2169,807,2735,1208,877,776,1858,913
1600000US0660102,0660102,"Redwood City city, California",81195,8480,59866,8998,284,374,275,293,8354,3348,1007,785,9649,5418,1760,684,498,416,1262,559
1600000US0660466,0660466,"Rialto city, California",93284,10060,56043,9108,16272,4896,739,915,1341,959,540,661,16720,3967,1629,996,601,588,1028,832
1600000US0660620,0660620,"Richmond city, California",96648,9881,33691,8077,27805,4884,116,205,14073,3336,0,293,18357,5510,2606,1034,516,394,2090,939
1600000US0662000,0662000,"Riverside city, California",294059,15986,160725,12661,21346,4841,2981,1282,16853,2926,2614,1829,76529,12253,13011,3168,4670,1655,8341,2883
1600000US0662938,0662938,"Roseville city, California",108848,7498,90820,7091,1330,773,399,333,7083,1705,0,293,5688,2031,3528,1211,1160,795,2368,1056
1600000US0664000,0664000,"Sacramento city, California",445287,18143,203456,10679,72501,7718,5739,1722,81944,6904,3867,1850,59073,7296,18707,3671,5767,1938,12940,2723
1600000US0664224,0664224,"Salinas city, California",156950,8501,88283,11575,2090,935,411,376,13133,2425,458,631,49807,7288,2768,975,1245,779,1523,602
1600000US0665000,0665000,"San Bernardino city, California",204552,14464,122104,11757,39923,7641,1897,1270,7746,2356,599,934,29276,6530,3007,1201,1686,902,1321,711
1600000US0665042,0665042,"San Buenaventura (Ventura) city, California",100154,7107,74575,5439,1261,631,1599,966,4389,1378,139,169,13349,4606,4842,1708,3294,1583,1548,638
1600000US0666000,0666000,"San Diego city, California",1208331,26756,763661,22460,81630,7485,6046,1950,190893,10193,6281,2611,117263,13613,42557,6424,9616,2011,32941,6108
1600000US0667000,0667000,"San Francisco city, California",719077,*****,382220,4704,46779,1335,2098,622,238133,2315,2726,404,27558,4668,19563,3327,3241,1006,16322,3172
1600000US0668000,0668000,"San Jose city, California",887330,17662,447079,17792,29295,3461,3530,1143,271900,12004,3099,1415,107507,9541,24920,3156,5504,1525,19416,2918
1600000US0668084,0668084,"San Leandro city, California",77631,7262,37638,5080,9493,2705,140,232,20105,4541,369,321,6746,2350,3140,1186,1087,835,2053,926
1600000US0668196,0668196,"San Marcos city, California",77445,8307,50207,9561,2089,1467,926,855,5297,1815,0,293,16322,6762,2604,1231,256,272,2348,1233
1600000US0668252,0668252,"San Mateo city, California",93481,6719,60711,4833,2367,1356,54,99,20324,3361,1323,1038,5104,1786,3598,1346,375,300,3223,1347
1600000US0669000,0669000,"Santa Ana city, California",302302,21400,155335,14860,2905,1354,945,857,25370,4741,546,566,112617,18681,4584,1426,3202,1298,1382,537
1600000US0669070,0669070,"Santa Barbara city, California",90708,7868,65040,6013,2189,1091,39,74,2571,1299,0,293,17060,4756,3809,2295,819,793,2990,2133
1600000US0669084,0669084,"Santa Clara city, California",102204,8907,44254,6031,1786,773,65,109,40408,5545,494,695,12630,5603,2567,1013,647,520,1920,860
1600000US0669088,0669088,"Santa Clarita city, California",167047,9658,115505,7721,4140,1919,868,765,11197,2549,0,293,29222,7225,6115,2160,3598,1801,2517,838
1600000US0669196,0669196,"Santa Maria city, California",88817,8180,70790,8373,1692,1084,314,280,3744,1377,65,118,10658,2701,1554,828,513,319,1041,631
1600000US0670000,0670000,"Santa Monica city, California",82777,6003,67635,5524,2094,939,77,135,6041,1531,0,293,4243,1708,2687,833,543,506,2144,810
1600000US0670098,0670098,"Santa Rosa city, California",146500,9245,110302,7568,3532,1463,1358,1041,7536,1811,807,708,17984,4641,4981,2028,1277,769,3704,1585
1600000US0672016,0672016,"Simi Valley city, California",116722,10360,91190,9189,1202,602,665,532,10294,2712,0,293,10653,3300,2718,1254,786,750,1932,889
1600000US0675000,0675000,"Stockton city, California",278515,12891,148535,11519,31744,3449,1471,719,63633,5417,817,936,20763,4630,11552,2542,2458,826,9094,2488
1600000US0677000,0677000,"Sunnyvale city, California",132725,8334,57803,4587,4093,2512,259,242,50479,5683,1053,1275,14807,5937,4231,1397,1439,807,2792,1073
1600000US0678120,0678120,"Temecula city, California",87878,8555,57995,6868,2819,1335,1193,1112,5655,2376,184,297,16754,6129,3278,1611,847,834,2431,1332
1600000US0678582,0678582,"Thousand Oaks city, California",127895,9572,101881,8210,2203,1256,144,138,10606,2267,1524,1941,8321,3039,3216,1161,953,821,2263,833
1600000US0680000,0680000,"Torrance city, California",138618,9016,76805,6520,1763,919,971,698,45566,5322,253,241,8515,3701,4745,1897,1912,1252,2833,1236
1600000US0680238,0680238,"Tracy city, California",82218,9020,48807,6780,8154,4355,466,332,12626,3846,0,293,8520,2340,3645,1252,1342,677,2303,1033
1600000US0680812,0680812,"Turlock city, California",74883,9354,60669,8762,1599,1656,285,321,3318,1515,1297,739,5702,2317,2013,1052,1025,783,988,808
1600000US0680854,0680854,"Tustin city, California",79811,10350,42675,7598,1105,675,478,428,15201,4198,0,293,18173,4471,2179,932,859,593,1320,638
1600000US0681204,0681204,"Union City city, California",65239,7839,16082,2941,5568,3587,52,112,30147,5740,526,774,11295,5312,1569,871,275,287,1294,843
1600000US0681344,0681344,"Upland city, California",74420,8248,48782,6878,8282,4382,0,293,6382,2437,0,293,8433,2830,2541,1613,1135,1430,1406,696
1600000US0681554,0681554,"Vacaville city, California",81117,5551,59345,4766,4656,2033,252,352,5156,1599,309,339,5623,2192,5776,2255,115,151,5661,2265
1600000US0681666,0681666,"Vallejo city, California",115657,8074,37607,4308,30954,4042,1119,928,26057,3854,2164,697,13946,3825,3810,1543,670,486,3140,1408
1600000US0682590,0682590,"Victorville city, California",93042,11032,47400,9463,14892,5412,1002,598,5688,2081,870,1147,19696,5202,3494,1207,1054,546,2440,1088
1600000US0682954,0682954,"Visalia city, California",108467,7697,85880,7203,1981,1611,896,418,6733,1804,165,151,9877,2324,2935,878,1258,655,1677,695
1600000US0682996,0682996,"Vista city, California",83228,8713,47571,5829,1941,1344,738,566,3283,1422,702,789,26892,7089,2101,873,632,474,1469,770
1600000US0684200,0684200,"West Covina city, California",116371,12521,49476,10561,8136,3369,256,419,24236,5443,0,293,29187,5520,5080,2359,2062,1401,3018,1717
1600000US0684550,0684550,"Westminster city, California",97946,12325,38518,8490,1614,1248,1070,1459,39155,6211,0,293,12618,5853,4971,4617,1211,1083,3760,3614
1600000US0685292,0685292,"Whittier city, California",80554,8110,49227,6131,978,668,1085,807,1762,1021,183,222,24889,5871,2430,1001,1670,908,760,593
1600000US0803455,0803455,"Arvada city, Colorado",104766,6100,94123,6549,1025,558,608,466,1726,1082,0,274,3443,1298,3841,1361,1020,1090,2821,1218
1600000US0804000,0804000,"Aurora city, Colorado",291317,9266,202340,9911,44235,3380,3162,1503,12459,2549,252,399,20471,4382,8398,1618,2335,878,6063,1373
1600000US0807850,0807850,"Boulder city, Colorado",83432,4641,71736,4225,1243,569,299,310,3868,981,0,274,3744,1920,2542,919,227,321,2315,867
1600000US0812815,0812815,"Centennial city, Colorado",103482,6488,91788,6177,2268,1135,852,714,4705,2251,372,354,1843,816,1654,725,496,392,1158,648
1600000US0816000,0816000,"Colorado Springs city, Colorado",376985,9298,302784,8712,23831,3698,3322,1192,9856,1582,935,450,22192,3648,14065,3047,3457,1348,10608,2259
1600000US0820000,0820000,"Denver city, Colorado",545198,*****,392164,11538,54693,1456,6627,2701,15905,1282,108,126,61464,11076,14237,2659,4088,1444,10149,2140
1600000US0827425,0827425,"Fort Collins city, Colorado",122297,5195,110626,5481,1314,722,855,426,3193,820,201,307,3035,1480,3073,1056,549,582,2524,836
1600000US0832155,0832155,"Greeley city, Colorado",82836,5728,71763,5837,0,274,428,442,1058,638,0,274,8051,2434,1536,1076,773,927,763,582
1600000US0836410,0836410,"Highlands Ranch CDP, Colorado",88450,5826,79730,5683,2346,895,54,88,3174,1122,114,121,1300,690,1732,897,720,716,1012,529
1600000US0843000,0843000,"Lakewood city, Colorado",142434,7429,116165,6792,1640,1073,894,652,6293,2102,65,109,13805,3151,3572,1193,815,490,2757,1108
1600000US0845970,0845970,"Longmont city, Colorado",76181,5301,65621,5184,276,252,926,607,1819,800,0,274,5801,2794,1738,901,676,533,1062,842
1600000US0862000,0862000,"Pueblo city, Colorado",101302,3671,78922,4277,1894,445,1245,516,651,383,202,225,14038,2403,4350,991,1263,649,3087,669
1600000US0877290,0877290,"Thornton city, Colorado",102331,5812,76595,5268,2798,1601,1506,797,3424,1550,0,274,14153,3590,3855,1174,2530,1160,1325,629
1600000US0883835,0883835,"Westminster city, Colorado",99305,6726,86170,6734,1625,1088,731,591,4823,1568,0,274,4334,1479,1622,769,443,348,1179,691
1600000US0908000,0908000,"Bridgeport city, Connecticut",132011,8212,58780,5204,47041,5635,288,317,2717,1535,0,274,20513,5075,2672,1249,1044,714,1628,1045
1600000US0918430,0918430,"Danbury city, Connecticut",72312,7931,50549,5687,4465,1930,0,274,7652,2841,0,274,8836,3661,810,684,241,284,569,619
1600000US0937000,0937000,"Hartford city, Connecticut",111103,8556,30511,3968,44403,6227,1410,1296,2512,1118,0,274,29296,4525,2971,1404,1111,693,1860,1247
1600000US0950370,0950370,"New Britain city, Connecticut",70193,7406,53211,6370,8588,2900,199,324,1931,1241,0,274,5361,1834,903,563,248,295,655,446
1600000US0952000,0952000,"New Haven city, Connecticut",108412,7745,44498,5806,39673,4526,596,626,5863,1958,0,274,15016,3420,2766,1307,494,542,2272,1136
1600000US0955990,0955990,"Norwalk city, Connecticut",86354,8510,64101,8416,11770,3685,784,814,2063,931,108,181,6521,2608,1007,671,208,202,799,632
1600000US0973000,0973000,"Stamford city, Connecticut",118568,8210,84493,6674,14896,3670,0,274,7364,1938,0,274,10113,4445,1702,715,409,411,1293,626
1600000US0980000,0980000,"Waterbury city, Connecticut",104539,7842,75509,7293,14655,3206,287,382,2708,1306,0,274,3939,1253,7441,2828,267,324,7174,2828
1600000US1077580,1077580,"Wilmington city, Delaware",62380,5182,23339,3356,36221,4140,25,51,183,195,0,262,1655,1268,957,568,235,402,722,423
1600000US1150000,1150000,"Washington city, District of Columbia",515118,*****,166813,2891,292445,2327,1386,454,15566,1303,242,208,30893,3026,7773,1901,1058,622,6715,1883
1600000US1207300,1207300,"Boca Raton city, Florida",74361,5071,65857,4996,2195,1340,260,303,1834,988,296,432,3555,1581,364,310,151,217,213,263
1600000US1207875,1207875,"Boynton Beach city, Florida",58611,7641,35931,3630,19358,6641,455,648,330,350,0,301,1740,1436,797,565,503,521,294,271
1600000US1208150,1208150,"Brandon CDP, Florida",89929,7708,71641,7224,11302,3554,261,226,2576,1235,0,301,3203,1558,946,584,228,376,718,484
1600000US1210275,1210275,"Cape Coral city, Florida",134388,8324,122003,8199,2038,983,574,410,3464,1398,0,301,4907,2347,1402,753,414,325,988,677
1600000US1212875,1212875,"Clearwater city, Florida",108382,7675,90852,6382,10954,3034,276,258,621,423,0,301,2648,1459,3031,2727,131,177,2900,2716
1600000US1214400,1214400,"Coral Springs city, Florida",127654,8413,101208,7569,12740,3036,407,445,6117,2276,0,301,3735,1779,3447,1502,1155,737,2292,1111
1600000US1216475,1216475,"Davie town, Florida",88683,7902,69235,6138,4901,1916,441,418,4451,1616,0,301,4599,2484,5056,3704,1387,930,3669,3518
1600000US1216725,1216725,"Deerfield Beach city, Florida",71599,5862,51686,4863,16063,3663,0,301,509,377,0,301,1653,1137,1688,1744,210,206,1478,1742
1600000US1217200,1217200,"Deltona city, Florida",85979,7459,67027,6552,6657,2817,240,301,1521,1167,0,301,8396,3238,2138,1146,548,662,1590,940
1600000US1224000,1224000,"Fort Lauderdale city, Florida",141307,9246,91463,6846,42764,6495,0,301,3207,1193,96,175,2167,1286,1610,768,593,437,1017,702
1600000US1225175,1225175,"Gainesville city, Florida",100879,5131,63931,3531,25707,3437,225,371,6468,1178,0,301,1851,841,2697,1039,581,498,2116,963
1600000US1230000,1230000,"Hialeah city, Florida",213791,13911,195932,14546,6160,2928,246,331,1340,1026,0,301,8047,2169,2066,1114,1077,724,989,857
1600000US1232000,1232000,"Hollywood city, Florida",138412,8582,108270,7037,19382,5374,191,169,2379,1125,288,315,4554,1549,3348,1527,1344,942,2004,1051
1600000US1235000,1235000,"Jacksonville city, Florida",768537,5441,471521,5078,235582,4305,2486,674,28485,1027,264,265,18353,2917,11846,2711,2446,1394,9400,2541
1600000US1236100,1236100,"Kendall CDP, Florida",88442,9419,70271,8202,2453,1405,100,124,5631,3450,0,301,8909,4518,1078,777,538,528,540,586
1600000US1238250,1238250,"Lakeland city, Florida",89586,6717,63264,6265,17461,3489,50,108,1803,1103,0,301,4504,1795,2504,1620,929,895,1575,1386
1600000US1239425,1239425,"Largo city, Florida",71269,6497,63265,5699,3802,2670,257,385,1541,1188,0,301,1456,1045,948,547,46,78,902,548
1600000US1243975,1243975,"Melbourne city, Florida",76373,7532,63887,7306,7944,2943,164,282,1842,844,0,301,1315,1005,1221,738,115,195,1106,699
1600000US1245000,1245000,"Miami city, Florida",361701,17424,247882,14111,79173,9993,750,584,2371,1340,113,187,22843,4559,8569,4536,2854,1506,5715,4336
1600000US1245025,1245025,"Miami Beach city, Florida",84086,7190,72016,6330,2547,1327,76,126,1206,597,0,301,6205,1908,2036,1113,1410,855,626,520
1600000US1245060,1245060,"Miami Gardens city, Florida",91694,9138,11910,3236,73913,8199,206,182,562,765,226,374,3749,1986,1128,732,373,358,755,621
1600000US1245975,1245975,"Miramar city, Florida",115444,8393,45375,6269,48685,6602,0,301,8627,2746,44,79,7542,2757,5171,1839,2494,1164,2677,1318
1600000US1253000,1253000,"Orlando city, Florida",221299,12746,118002,9322,75436,8767,1294,737,5691,2268,0,301,16191,4345,4685,1764,1541,970,3144,1404
1600000US1254000,1254000,"Palm Bay city, Florida",90102,7099,68097,7144,14709,3315,349,297,1382,572,0,301,3214,1677,2351,985,188,213,2163,929
1600000US1255775,1255775,"Pembroke Pines city, Florida",159422,9394,111720,7898,27103,5790,73,124,8508,2937,0,301,8102,2175,3916,1344,1769,938,2147,1035
1600000US1257425,1257425,"Plantation city, Florida",88859,7003,68090,6218,12424,4211,202,325,1988,1059,48,86,4624,2589,1483,735,489,373,994,639
1600000US1258050,1258050,"Pompano Beach city, Florida",94892,7710,63292,5552,25950,4740,612,662,872,654,0,301,2246,990,1920,1019,544,568,1376,866
1600000US1258715,1258715,"Port St. Lucie city, Florida",122554,6365,102682,5697,12642,3172,0,301,1901,806,0,301,3950,1901,1379,675,386,283,993,637
1600000US1263000,1263000,"St. Petersburg city, Florida",232960,9365,160202,8100,59352,4495,541,533,7058,1788,0,301,1709,837,4098,1274,625,570,3473,1225
1600000US1268350,1268350,"Spring Hill CDP, Florida",85894,4582,77373,4214,4853,2030,131,158,292,284,0,301,1503,736,1742,915,805,593,937,699
1600000US1269700,1269700,"Sunrise city, Florida",86586,7540,54582,5170,23091,4000,150,219,2217,1208,369,448,4422,1898,1755,881,451,497,1304,633
1600000US1270600,1270600,"Tallahassee city, Florida",141148,5734,87343,3720,46310,4779,550,348,4048,852,72,129,1226,648,1599,685,506,538,1093,599
1600000US1271000,1271000,"Tampa city, Florida",312855,13156,196058,11018,89562,7235,2224,893,7789,2492,1013,492,11409,3347,4800,1344,1554,738,3246,1197
1600000US1272145,1272145,"Town 'n' Country CDP, Florida",77622,7694,60506,6560,5975,4165,142,175,3133,1509,0,301,6046,2195,1820,946,844,689,976,688
1600000US1276582,1276582,"Weston city, Florida",70557,6965,60978,5877,3969,2426,0,301,2568,1735,0,301,2054,1854,988,693,364,432,624,473
1600000US1276600,1276600,"West Palm Beach city, Florida",86804,7858,42617,4535,30612,5732,232,252,2021,1186,0,301,9807,3710,1515,721,620,464,895,547
1600000US1303440,1303440,"Athens-Clarke County (balance), Georgia",94125,422,60531,1462,25449,513,192,238,3313,161,37,65,3222,1452,1381,650,747,608,634,356
1600000US1304000,1304000,"Atlanta city, Georgia",394929,14138,143112,7591,231609,11215,502,506,7980,1741,83,138,7470,2887,4173,1119,885,460,3288,999
1600000US1304204,1304204,"Augusta-Richmond County (balance), Georgia",181019,1641,76302,1262,96145,1915,706,620,2729,444,280,471,1808,976,3049,1335,190,254,2859,1319
1600000US1319000,1319000,"Columbus city, Georgia",175930,*****,82678,816,80252,1231,514,203,3453,530,384,297,3978,809,4671,1409,437,266,4234,1336
1600000US1367284,1367284,"Roswell city, Georgia",98137,6886,75323,6414,12184,4367,869,957,3193,1666,0,297,5563,3032,1005,672,177,307,828,584
1600000US1368516,1368516,"Sandy Springs CDP, Georgia",99577,9048,66054,6407,19821,4942,177,211,3947,1984,0,297,8017,4045,1561,993,406,459,1155,917
1600000US1369000,1369000,"Savannah city, Georgia",117478,6736,41913,5001,70628,4425,406,442,1749,834,0,297,665,461,2117,1259,843,852,1274,923
1600000US1517000,1517000,"Honolulu CDP, Hawaii",362252,11111,66702,4955,6787,2343,456,323,212346,9309,22804,4201,2912,1107,50245,5305,1830,676,48415,5220
1600000US1608830,1608830,"Boise City city, Idaho",191667,5772,177851,5736,1995,713,1050,702,3801,1472,43,77,2101,1141,4826,1581,836,569,3990,1497
1600000US1656260,1656260,"Nampa city, Idaho",67112,5816,53525,5132,505,337,387,261,978,464,346,480,10127,3196,1244,631,420,446,824,469
1600000US1702154,1702154,"Arlington Heights village, Illinois",78001,5087,69929,4612,422,398,295,303,6126,2279,0,266,393,348,836,756,299,390,537,539
1600000US1703012,1703012,"Aurora city, Illinois",170490,9888,122200,8174,17465,4046,0,266,10945,2855,0,266,16921,3990,2959,1061,1343,773,1616,842
1600000US1706613,1706613,"Bloomington city, Illinois",60822,4242,49662,3766,4745,1587,76,91,3325,615,0,266,1095,809,1919,909,198,322,1721,856
1600000US1707133,1707133,"Bolingbrook village, Illinois",69944,6646,39154,5004,16907,4123,93,103,5039,1667,0,266,7689,3714,1062,499,533,375,529,396
1600000US1712385,1712385,"Champaign city, Illinois",65600,4105,44067,3290,11730,1983,258,183,5000,1594,75,140,1369,1253,3101,1325,374,530,2727,1152
1600000US1714000,1714000,"Chicago city, Illinois",2701926,35660,1042025,26673,943752,19812,4583,959,128650,8561,1940,1495,537199,23270,43777,4908,17345,4438,26432,4128
1600000US1718823,1718823,"Decatur city, Illinois",71437,3044,53627,2961,14835,895,54,94,743,256,0,266,109,174,2069,922,402,359,1667,739
1600000US1723074,1723074,"Elgin city, Illinois",93412,7693,74062,7451,8075,2649,68,112,2461,1596,0,266,7090,2484,1656,848,397,484,1259,709
1600000US1724582,1724582,"Evanston city, Illinois",62258,4787,41291,3477,11917,2650,183,165,3628,1477,0,266,2609,1655,2630,2025,56,92,2574,2022
1600000US1738570,1738570,"Joliet city, Illinois",128090,8843,84457,7062,18069,3293,644,396,2176,1430,39,64,21139,4599,1566,853,496,426,1070,638
1600000US1751622,1751622,"Naperville city, Illinois",147779,9244,121181,8364,3747,1552,106,141,18688,3478,0,266,1868,1435,2189,1039,392,368,1797,901
1600000US1757225,1757225,"Palatine village, Illinois",68799,6841,56815,6751,1893,1192,256,383,7527,2737,0,266,1854,1468,454,336,51,86,403,324
1600000US1759000,1759000,"Peoria city, Illinois",102136,3122,66466,3036,29270,1210,59,101,3842,318,46,78,1279,865,1174,694,0,266,1174,694
1600000US1765000,1765000,"Rockford city, Illinois",139173,5266,93959,4975,26740,1970,679,402,2470,1250,50,86,12799,2673,2476,883,619,399,1857,798
1600000US1768003,1768003,"Schaumburg village, Illinois",77817,6884,53995,5033,3993,2900,164,267,17491,5001,0,266,875,791,1299,708,217,353,1082,617
1600000US1772000,1772000,"Springfield city, Illinois",110262,4448,88300,4236,16894,1425,34,66,1613,526,0,266,530,403,2891,971,338,243,2553,964
1600000US1779293,1779293,"Waukegan city, Illinois",82355,6555,55052,6329,13476,2349,0,266,3333,1313,0,266,8586,2092,1908,962,708,580,1200,767
1600000US1805860,1805860,"Bloomington city, Indiana",55406,3389,46815,3463,2107,618,0,264,4574,485,0,264,408,450,1502,716,104,187,1398,681
1600000US1822000,1822000,"Evansville city, Indiana",110708,3699,93260,3863,12197,1050,245,193,1287,628,0,264,1396,593,2323,922,0,264,2323,922
1600000US1825000,1825000,"Fort Wayne city, Indiana",219346,5684,161971,5397,35858,2507,404,348,4798,1298,481,539,8689,2247,7145,2178,2072,1040,5073,1917
1600000US1827000,1827000,"Gary city, Indiana",97057,5854,9864,3286,80205,5018,0,264,142,170,0,264,3645,1808,3201,1399,1163,752,2038,1226
1600000US1831000,1831000,"Hammond city, Indiana",72507,5795,41424,3415,14726,3056,872,830,798,596,0,264,11869,3323,2818,1168,1734,1017,1084,554
1600000US1836003,1836003,"Indianapolis city (balance), Indiana",765310,6258,507520,5949,195044,5068,2514,629,12557,1005,279,458,29218,4071,18178,2898,2411,985,15767,2733
1600000US1851876,1851876,"Muncie city, Indiana",56843,3196,47913,3105,6656,1051,154,208,395,330,33,57,688,540,1004,552,0,264,1004,552
1600000US1871000,1871000,"South Bend city, Indiana",97070,5389,61762,4258,22974,2978,1117,663,843,539,0,264,7713,1921,2661,1456,239,187,2422,1406
1600000US1912000,1912000,"Cedar Rapids city, Iowa",119670,5729,108961,5449,5917,1045,0,221,2068,386,0,221,912,687,1812,960,130,229,1682,928
1600000US1919000,1919000,"Davenport city, Iowa",95382,4019,77267,4221,9794,779,280,250,2856,423,0,221,3782,1016,1403,718,347,291,1056,680
1600000US1921000,1921000,"Des Moines city, Iowa",196917,7368,160212,7552,16709,1446,564,372,9071,1566,44,80,7701,2752,2616,922,644,453,1972,821
1600000US1973335,1973335,"Sioux City city, Iowa",78395,3731,66234,4025,1968,583,1065,518,1881,962,0,221,5770,1871,1477,749,0,221,1477,749
1600000US1982425,1982425,"Waterloo city, Iowa",68971,2916,58460,2886,8584,1004,106,190,589,342,0,221,155,175,1077,564,155,218,922,519
1600000US2036000,2036000,"Kansas City city, Kansas",142341,2285,79060,3864,44620,3748,1064,274,2446,614,0,240,13261,3074,1890,808,399,335,1491,671
1600000US2038900,2038900,"Lawrence city, Kansas",74951,2552,63200,2617,4166,429,1668,435,3454,547,0,240,1284,456,1179,523,173,223,1006,474
1600000US2052575,2052575,"Olathe city, Kansas",107710,6830,93341,6678,7400,1805,410,445,2606,1089,0,240,2771,1231,1182,548,212,249,970,494
1600000US2053775,2053775,"Overland Park city, Kansas",161901,7291,139556,6875,5347,1420,155,170,11080,1567,95,156,2218,1194,3450,1470,1249,1163,2201,829
1600000US2071000,2071000,"Topeka city, Kansas",117326,3306,89722,3162,12953,1443,2022,622,1569,432,185,282,7264,1759,3611,1358,881,843,2730,1060
1600000US2079000,2079000,"Wichita city, Kansas",354582,6517,261634,7485,39470,2331,5314,2331,15673,1377,52,88,22209,3870,10230,2187,2170,974,8060,1803
1600000US2146027,2146027,"Lexington-Fayette, Kentucky",255389,*****,205623,1684,33879,1245,501,427,7392,347,249,295,3887,1714,3858,1227,42,76,3816,1219
1600000US2148006,2148006,"Louisville/Jefferson County (balance), Kentucky",547839,6246,400504,6179,120011,3795,1214,477,8499,1281,471,67,7851,2997,9289,1907,800,617,8489,1734
1600000US2205000,2205000,"Baton Rouge city, Louisiana",205442,8633,84625,5245,110849,7295,239,192,5364,1571,0,278,1373,757,2992,1129,377,319,2615,1081
1600000US2239475,2239475,"Kenner city, Louisiana",72874,8211,45786,4992,18208,6267,0,278,4334,2107,0,278,3052,1463,1494,1016,861,784,633,661
1600000US2240735,2240735,"Lafayette city, Louisiana",108175,5954,70800,4628,33126,3475,243,244,2273,721,0,278,1106,645,627,473,228,373,399,321
1600000US2250115,2250115,"Metairie CDP, Louisiana",132944,7217,110977,5270,14825,4813,439,523,3196,1534,0,278,2204,1335,1303,766,498,432,805,653
1600000US2255000,2255000,"New Orleans city, Louisiana",437186,*****,122622,1841,295259,2211,1022,352,10655,602,0,278,3391,1841,4237,1816,382,339,3855,1795
1600000US2270000,2270000,"Shreveport city, Louisiana",192531,5230,83139,3235,104553,3872,359,247,2262,376,0,278,735,749,1483,893,39,69,1444,888
1600000US2404000,2404000,"Baltimore city, Maryland",608481,*****,183974,1288,396495,1806,2507,598,9816,727,136,230,9716,1728,5837,1584,143,180,5694,1561
1600000US2419125,2419125,"Columbia CDP, Maryland",93637,5165,56453,4580,19895,3358,718,659,10465,1956,0,282,3848,1776,2258,1036,183,218,2075,1032
1600000US2472450,2472450,"Silver Spring CDP, Maryland",73624,6588,34039,4231,17725,3934,44,77,6630,3438,0,282,12879,3757,2307,875,544,496,1763,785
1600000US2507000,2507000,"Boston city, Massachusetts",520702,9262,287992,9096,128036,10279,2048,970,45410,2182,0,282,46908,10565,10308,2535,2941,1071,7367,2226
1600000US2509000,2509000,"Brockton city, Massachusetts",91938,5037,42758,4342,29537,2956,276,265,3070,1076,0,282,13333,4354,2964,1612,1676,956,1288,1140
1600000US2511000,2511000,"Cambridge city, Massachusetts",81260,6821,56201,5799,9184,2575,83,140,10989,2148,54,89,2596,1633,2153,1053,580,569,1573,843
1600000US2523000,2523000,"Fall River city, Massachusetts",97612,8755,83499,7984,3452,2566,247,301,5655,1772,0,282,3238,2152,1521,693,235,250,1286,685
1600000US2534550,2534550,"Lawrence city, Massachusetts",82191,6839,22508,3034,5284,2413,0,282,1894,1069,0,282,51030,7264,1475,809,1049,661,426,494
1600000US2537000,2537000,"Lowell city, Massachusetts",96876,7857,63691,6337,4405,1772,47,78,20604,6120,0,282,7447,3005,682,408,304,285,378,279
1600000US2537490,2537490,"Lynn city, Massachusetts",83419,7778,62686,6907,9576,2741,229,265,4875,1631,0,282,4195,1843,1858,1046,273,198,1585,1027
1600000US2545000,2545000,"New Bedford city, Massachusetts",84898,6614,65592,5596,5883,2310,626,432,960,820,0,282,8738,2667,3099,1205,1441,830,1658,946
1600000US2545560,2545560,"Newton city, Massachusetts",82383,7446,72583,6961,1160,829,125,152,7030,2602,0,282,355,579,1130,735,248,414,882,610
1600000US2555745,2555745,"Quincy city, Massachusetts",84080,6410,66572,6211,2131,1121,112,168,14025,2947,0,282,542,378,698,535,142,177,556,436
1600000US2562535,2562535,"Somerville city, Massachusetts",74869,7946,57895,6797,6416,2391,90,142,3100,1188,105,170,5557,3627,1706,1187,533,576,1173,1031
1600000US2567000,2567000,"Springfield city, Massachusetts",146948,5655,70402,4903,33582,2342,338,470,3101,1401,59,97,35436,4048,4030,1383,1902,965,2128,1005
1600000US2582000,2582000,"Worcester city, Massachusetts",154398,9939,118987,8600,16382,3047,792,651,8480,2283,51,86,7363,2617,2343,1161,805,559,1538,998
1600000US2603000,2603000,"Ann Arbor city, Michigan",98743,4603,73568,3988,6907,2124,48,78,14699,1422,34,58,1586,870,1901,802,270,282,1631,754
1600000US2613110,2613110,"Canton CDP, Michigan",90501,7758,69147,7182,6653,2612,156,201,13162,2669,107,181,760,590,516,296,0,238,516,296
1600000US2616510,2616510,"Clinton CDP, Michigan",98968,7448,86589,7351,6970,2151,323,284,2175,1186,52,86,1153,707,1706,1052,199,199,1507,1017
1600000US2621000,2621000,"Dearborn city, Michigan",94511,6716,85957,6276,3850,1769,0,238,2258,1182,0,238,1497,1481,949,548,558,432,391,384
1600000US2622000,2622000,"Detroit city, Michigan",836056,15946,92796,9149,686241,12223,3223,1236,9577,2582,271,240,31212,5815,12736,6138,3796,4904,8940,2116
1600000US2627440,2627440,"Farmington Hills city, Michigan",78803,7555,60136,7393,9578,2838,0,238,8136,1860,0,238,509,466,444,368,0,238,444,368
1600000US2629000,2629000,"Flint city, Michigan",111948,7075,43942,4805,62433,4037,193,147,208,198,0,238,1601,952,3571,1423,120,151,3451,1411
1600000US2634000,2634000,"Grand Rapids city, Michigan",193568,7271,130745,7078,40743,2900,1105,1152,2997,1122,0,238,12414,3355,5564,2580,1860,2017,3704,1387
1600000US2642160,2642160,"Kalamazoo city, Michigan",61550,4805,44473,4048,10971,2571,177,172,2884,963,103,185,1545,1317,1397,893,236,253,1161,759
1600000US2646000,2646000,"Lansing city, Michigan",119675,5716,80686,4972,28016,2858,520,384,4164,1687,85,139,3497,1173,2707,1238,503,605,2204,1006
1600000US2649000,2649000,"Livonia city, Michigan",103497,7877,95941,7372,1738,1433,212,188,3103,1213,0,238,812,519,1691,992,201,259,1490,890
1600000US2665440,2665440,"Pontiac city, Michigan",59472,6299,19126,3485,31872,4532,282,279,2401,1020,0,238,4365,2222,1426,739,400,374,1026,674
1600000US2669035,2669035,"Rochester Hills city, Michigan",70126,4613,59743,4079,1713,993,199,298,6678,2907,0,238,689,497,1104,607,54,85,1050,625
1600000US2676460,2676460,"Sterling Heights city, Michigan",123368,6962,108815,7126,4349,1774,648,670,7198,2145,0,238,556,489,1802,731,484,490,1318,608
1600000US2680700,2680700,"Troy city, Michigan",83958,5012,65242,4605,4998,2234,455,366,11092,2135,0,238,821,765,1350,819,292,355,1058,789
1600000US2684000,2684000,"Warren city, Michigan",134901,6680,114066,5978,9800,2144,305,263,6907,2029,0,238,101,118,3722,1509,126,145,3596,1520
1600000US2684220,2684220,"Waterford CDP, Michigan",72444,5119,66179,4717,1671,1100,0,238,952,653,0,238,2809,1775,833,497,264,253,569,431
1600000US2686000,2686000,"Westland city, Michigan",80284,7477,62405,6162,11547,3076,324,304,2958,1476,161,250,569,380,2320,1305,207,246,2113,1287
1600000US2688940,2688940,"Wyoming city, Michigan",68960,5297,54113,4964,3762,1708,210,210,1996,1190,0,238,6844,2476,2035,996,447,463,1588,871
1600000US2706616,2706616,"Bloomington city, Minnesota",80055,4519,67015,4230,3895,1575,637,753,3478,1596,0,209,3045,1698,1985,1182,241,204,1744,1066
1600000US2707966,2707966,"Brooklyn Park city, Minnesota",66408,4893,41978,3778,13330,2876,1274,718,7088,3036,0,209,1240,789,1498,841,46,76,1452,830
1600000US2717000,2717000,"Duluth city, Minnesota",76918,3832,70811,3754,1716,518,2072,648,940,339,0,209,258,257,1121,606,0,209,1121,606
1600000US2743000,2743000,"Minneapolis city, Minnesota",350260,11740,228305,8873,58260,5864,4510,1250,20306,4014,196,321,28122,5540,10561,2066,567,359,9994,2046
1600000US2751730,2751730,"Plymouth city, Minnesota",68978,5201,59347,4993,3556,1636,302,318,4172,1603,259,422,287,244,1055,675,112,188,943,657
1600000US2754880,2754880,"Rochester city, Minnesota",88338,2754,77065,2551,3984,665,79,141,5672,770,198,250,265,344,1075,585,54,87,1021,582
1600000US2758000,2758000,"St. Paul city, Minnesota",261559,7219,172922,7116,35836,3336,1897,683,35324,2391,87,140,9065,2523,6428,1851,488,351,5940,1762
1600000US2829700,2829700,"Gulfport city, Mississippi",66388,6494,34798,5070,25830,4032,454,379,2294,1054,0,288,1177,897,1835,1117,0,288,1835,1117
1600000US2836000,2836000,"Jackson city, Mississippi",163928,5698,34003,3873,126908,4670,220,189,428,597,149,245,1180,757,1040,954,0,288,1040,954
1600000US2915670,2915670,"Columbia city, Missouri",82103,3688,68397,3288,7376,1825,280,176,2959,832,81,136,1334,665,1676,730,73,136,1603,731
1600000US2935000,2935000,"Independence city, Missouri",111842,7882,99498,6847,4218,2304,129,155,689,447,54,83,4095,1770,3159,1335,510,417,2649,1233
1600000US2938000,2938000,"Kansas City city, Missouri",440885,9193,271210,8655,132187,4816,1988,886,10878,1549,1054,533,13387,2748,10181,3068,911,454,9270,3057
1600000US2941348,2941348,"Lee's Summit city, Missouri",86357,6129,78574,5603,4712,1936,268,313,821,508,116,264,266,267,1600,686,89,112,1511,665
1600000US2954074,2954074,"O'Fallon city, Missouri",67875,5397,62989,5153,3406,1555,0,256,682,516,0,256,168,201,630,461,209,368,421,309
1600000US2964550,2964550,"St. Joseph city, Missouri",68971,1511,64150,1589,3038,568,395,339,457,142,0,256,265,225,666,442,298,325,368,292
1600000US2965000,2965000,"St. Louis city, Missouri",333730,*****,147955,1338,168909,1927,1603,721,7199,396,0,256,3403,1668,4661,1762,613,403,4048,1733
1600000US2970000,2970000,"Springfield city, Missouri",139600,4341,129115,4338,4151,1040,755,367,2108,663,107,199,593,533,2771,601,117,134,2654,609
1600000US3006550,3006550,"Billings city, Montana",92844,2915,86136,2929,840,222,3908,1156,665,341,0,231,178,236,1117,642,0,231,1117,642
1600000US3128000,3128000,"Lincoln city, Nebraska",226062,2646,202867,2770,7184,625,1668,472,7572,922,0,216,3627,1344,3144,997,216,283,2928,1007
1600000US3137000,3137000,"Omaha city, Nebraska",373215,5505,288708,5423,50452,2326,1944,1133,6971,1278,125,158,17352,3005,7663,2434,987,443,6676,2388
1600000US3231900,3231900,"Henderson city, Nevada",223776,10950,181638,9066,11017,3602,1850,971,9476,2840,2560,1177,10042,2833,7193,1820,1805,976,5388,1510
1600000US3240000,3240000,"Las Vegas city, Nevada",538653,18262,400007,16072,60602,7030,3845,1524,25779,4149,2206,1328,29916,4641,16298,3749,3311,1100,12987,3672
1600000US3251800,3251800,"North Las Vegas city, Nevada",165061,12940,110391,9990,26766,5220,1738,1225,8471,2359,1061,1101,11133,2401,5501,1856,1135,551,4366,1743
1600000US3254600,3254600,"Paradise CDP, Nevada",211509,12818,147709,11862,19914,4671,2017,1098,17625,3500,909,525,14019,4387,9316,4863,3478,4321,5838,1995
1600000US3260600,3260600,"Reno city, Nevada",204478,8335,155991,7479,6025,1218,2997,1096,12067,1654,1783,422,20696,5519,4919,1683,867,776,4052,1507
1600000US3268400,3268400,"Sparks city, Nevada",76405,5963,63540,5930,1649,895,382,454,4885,1537,0,297,4169,1949,1780,918,478,545,1302,705
1600000US3268585,3268585,"Spring Valley CDP, Nevada",140723,9304,97382,7501,10035,4053,686,647,21573,3693,296,373,7223,2421,3528,1076,1065,588,2463,885
1600000US3271400,3271400,"Sunrise Manor CDP, Nevada",195609,11908,124246,11683,21927,5304,2425,1610,15947,4680,1792,1522,22064,5722,7208,2349,1331,726,5877,2223
1600000US3345140,3345140,"Manchester city, New Hampshire",109308,5861,99760,5845,3667,1368,271,300,2695,1498,0,253,2201,1497,714,586,109,177,605,473
1600000US3350260,3350260,"Nashua city, New Hampshire",84632,5563,73255,5608,1215,980,1170,1579,7370,1726,0,253,809,892,813,472,102,184,711,390
1600000US3410000,3410000,"Camden city, New Jersey",73305,5938,8663,2613,36359,4297,191,170,1170,641,0,278,24988,3996,1934,1646,764,775,1170,1079
1600000US3413690,3413690,"Clifton city, New Jersey",72667,6121,53072,4354,2951,2103,0,278,5121,2020,0,278,10470,4441,1053,705,174,209,879,668
1600000US3420260,3420260,"Edison CDP, New Jersey",99612,6736,50324,4408,7376,3021,74,154,35838,5096,0,278,4351,2530,1649,1105,450,407,1199,911
1600000US3421000,3421000,"Elizabeth city, New Jersey",121137,8949,58593,6030,26462,7354,2037,2075,3204,1367,0,278,29973,5313,868,653,480,441,388,378
1600000US3434440,3434440,"Irvington CDP, New Jersey",65908,7710,4603,1829,56229,7155,0,278,44,74,0,278,3303,1607,1729,818,204,259,1525,777
1600000US3436000,3436000,"Jersey City city, New Jersey",246335,11226,86556,7114,67721,2882,725,385,44601,3570,51,88,41076,7909,5605,2158,3356,1797,2249,1108
1600000US3451000,3451000,"Newark city, New Jersey",254217,12509,55620,6884,133867,11440,1016,684,3228,1570,197,244,57656,8660,2633,912,1273,791,1360,674
1600000US3456550,3456550,"Passaic city, New Jersey",68422,8461,18467,3077,6389,1745,262,360,2580,1178,0,278,37833,8946,2891,1979,2661,2025,230,210
1600000US3457000,3457000,"Paterson city, New Jersey",148353,10076,44344,6276,44428,3231,450,578,3199,2186,0,278,53798,8980,2134,1191,1224,937,910,677
1600000US3474000,3474000,"Trenton city, New Jersey",77471,5934,24377,3699,36809,3507,502,367,764,618,142,229,13350,3247,1527,950,185,243,1342,938
1600000US3474630,3474630,"Union City city, New Jersey",64842,5690,38952,4462,1610,771,350,513,683,679,0,278,22221,5139,1026,762,638,556,388,500
1600000US3502000,3502000,"Albuquerque city, New Mexico",488133,7886,352257,8778,15368,1997,21327,2393,10976,1195,873,896,70604,5965,16728,3369,6543,1801,10185,2499
1600000US3539380,3539380,"Las Cruces city, New Mexico",84029,5912,70412,6026,1555,657,1240,426,1413,239,0,282,7843,1609,1566,663,136,138,1430,655
1600000US3563460,3563460,"Rio Rancho city, New Mexico",63116,2917,51555,2963,2096,412,1675,962,961,373,0,282,4612,1535,2217,1141,851,706,1366,785
1600000US3570500,3570500,"Santa Fe city, New Mexico",66453,4305,52090,4256,503,526,1572,1095,1008,665,34,63,9074,2745,2172,902,1056,675,1116,664
1600000US3601000,3601000,"Albany city, New York",78402,4044,47047,3748,25699,2841,57,107,2310,1010,163,239,678,508,2448,1024,323,340,2125,943
1600000US3611000,3611000,"Buffalo city, New York",256492,9824,128912,9642,105285,3384,1008,537,6820,1864,0,274,10666,2416,3801,1550,1075,1103,2726,1138
1600000US3649121,3649121,"Mount Vernon city, New York",65354,6857,18676,4604,39514,4918,71,166,561,590,49,80,5949,4439,534,342,53,89,481,335
1600000US3650617,3650617,"New Rochelle city, New York",75961,8953,50888,6259,14912,3965,352,467,2335,1262,0,274,5825,3392,1649,930,602,580,1047,697
1600000US3651000,3651000,"New York city, New York",7956113,*****,3499212,27218,2011962,12504,33088,3973,922978,5338,3105,956,1355266,32219,130502,9176,50654,5388,79848,7132
1600000US3663000,3663000,"Rochester city, New York",189312,7790,86392,6061,80548,4830,418,277,6467,2472,0,274,10330,2493,5157,1835,433,327,4724,1810
1600000US3673000,3673000,"Syracuse city, New York",132495,5367,80718,5262,37768,1892,1687,741,5777,1660,0,274,2298,1387,4247,1383,397,387,3850,1350
1600000US3684000,3684000,"Yonkers city, New York",193327,12397,110407,10057,37311,6670,1212,1142,12086,3404,0,274,30519,5731,1792,838,176,234,1616,786
1600000US3702140,3702140,"Asheville city, North Carolina",74889,5277,62234,5015,10398,1720,513,519,681,474,0,284,449,488,614,419,0,284,614,419
1600000US3710740,3710740,"Cary town, North Carolina",107446,6806,82635,5492,7477,2967,0,284,11999,2242,71,127,1318,974,3946,2305,66,113,3880,2294
1600000US3712000,3712000,"Charlotte city, North Carolina",601598,8467,342761,7457,206259,5444,2452,1305,23560,2318,64,111,16217,4018,10285,3791,783,478,9502,3702
1600000US3719000,3719000,"Durham city, North Carolina",191731,4425,82489,4114,77775,2800,454,254,8402,796,161,267,19339,2966,3111,1158,689,603,2422,1183
1600000US3722920,3722920,"Fayetteville city, North Carolina",128777,6954,62190,4921,52099,4943,1077,573,2587,834,216,267,3522,1369,7086,2427,446,338,6640,2389
1600000US3725580,3725580,"Gastonia city, North Carolina",72183,5065,46642,4443,17025,2413,382,375,1916,506,0,284,5720,1466,498,379,0,284,498,379
1600000US3728000,3728000,"Greensboro city, North Carolina",208552,7539,107701,5280,80937,5841,867,532,8754,2064,77,128,6444,2624,3772,1853,567,619,3205,1741
1600000US3731400,3731400,"High Point city, North Carolina",101852,8054,57300,4833,35712,5565,234,323,3248,1547,0,284,3666,1860,1692,1138,943,1038,749,422
1600000US3755000,3755000,"Raleigh city, North Carolina",315249,8938,195579,8355,85116,5854,598,464,11954,2486,117,193,16547,4176,5338,1604,1024,898,4314,1337
1600000US3774440,3774440,"Wilmington city, North Carolina",91207,4317,68728,3500,17302,2927,346,441,1118,472,0,284,2957,930,756,391,36,61,720,399
1600000US3775000,3775000,"Winston-Salem city, North Carolina",183467,6191,102573,7179,64948,3364,868,604,3315,709,0,284,10397,4074,1366,1068,573,719,793,727
1600000US3825700,3825700,"Fargo city, North Dakota",88809,2760,83542,2503,1306,660,1326,468,1133,358,178,231,332,267,992,416,149,158,843,401
1600000US3901000,3901000,"Akron city, Ohio",200181,7678,131244,6675,60590,3590,369,376,3497,1260,61,93,1447,1253,2973,867,50,83,2923,869
1600000US3912000,3912000,"Canton city, Ohio",72584,5103,50824,4668,17214,2532,330,318,221,302,0,262,562,409,3433,1072,38,63,3395,1071
1600000US3915000,3915000,"Cincinnati city, Ohio",287540,9886,140285,7341,132152,7726,188,290,6874,1186,0,262,2400,1375,5641,1980,166,183,5475,1993
1600000US3916000,3916000,"Cleveland city, Ohio",414534,12480,160254,8792,222837,10337,2312,1025,6289,1767,188,302,16626,2848,6028,1382,1171,528,4857,1326
1600000US3918000,3918000,"Columbus city, Ohio",693983,10268,454368,8751,181977,5939,1674,732,27125,2366,75,122,10661,2333,18103,3150,1247,559,16856,3073
1600000US3921000,3921000,"Dayton city, Ohio",132679,6973,68151,5223,60290,4314,151,137,1827,1163,0,262,979,924,1281,557,0,262,1281,557
1600000US3944856,3944856,"Lorain city, Ohio",65476,4540,40722,4133,13088,2131,1013,793,0,262,0,262,7540,1874,3113,1527,616,538,2497,1473
1600000US3961000,3961000,"Parma city, Ohio",79708,6477,74897,6021,1840,1482,0,262,1029,762,0,262,1107,791,835,743,29,56,806,737
1600000US3977000,3977000,"Toledo city, Ohio",285937,6831,189641,5807,72657,2355,546,397,4150,877,0,262,10789,1750,8154,2059,2020,1313,6134,1655
1600000US3988000,3988000,"Youngstown city, Ohio",65844,4374,32333,3566,31131,1819,59,70,249,382,0,262,692,505,1380,812,436,574,944,500
1600000US4009050,4009050,"Broken Arrow city, Oklahoma",85039,6139,70701,6070,3805,2264,3820,1169,1087,767,0,247,1857,912,3769,1242,412,389,3357,1263
1600000US4023200,4023200,"Edmond city, Oklahoma",71658,5152,62430,4514,3927,2128,1366,652,1885,1035,0,247,254,216,1796,802,255,314,1541,718
1600000US4041850,4041850,"Lawton city, Oklahoma",79486,3707,47895,3077,17908,1711,4227,1264,2140,618,235,195,2853,1114,4228,1137,1292,679,2936,1069
1600000US4052500,4052500,"Norman city, Oklahoma",97484,4282,79376,4069,4090,1082,3183,947,3310,993,77,100,990,607,6458,1386,563,387,5895,1455
1600000US4055000,4055000,"Oklahoma City city, Oklahoma",515751,10411,345217,9236,75983,5031,16489,2366,22122,2183,1108,1393,25709,3761,29123,4129,1975,965,27148,4046
1600000US4075000,4075000,"Tulsa city, Oklahoma",370447,7433,250527,7151,57113,3277,14956,2038,7274,1558,687,754,16579,3531,23311,3160,908,493,22403,3113
1600000US4105350,4105350,"Beaverton city, Oregon",83447,7648,60208,6416,2013,1309,602,455,10649,2738,139,289,6398,3495,3438,1249,872,928,2566,1025
1600000US4123850,4123850,"Eugene city, Oregon",142716,6445,122042,5682,1376,713,1345,508,8472,1534,178,201,5445,2106,3858,1242,401,253,3457,1208
1600000US4131250,4131250,"Gresham city, Oregon",95334,7300,77863,6428,3956,1467,3205,2096,2691,1183,619,719,2435,1275,4565,1945,0,270,4565,1945
1600000US4134100,4134100,"Hillsboro city, Oregon",82732,8855,65554,8467,1562,1470,705,826,7050,2420,396,650,4388,2788,3077,1481,464,667,2613,1325
1600000US4147000,4147000,"Medford city, Oregon",73782,4677,68963,4609,421,372,664,583,1265,503,189,286,635,588,1645,891,88,110,1557,883
1600000US4159000,4159000,"Portland city, Oregon",513627,8680,408462,8708,32009,2115,4342,1089,36536,2494,1890,776,9806,2230,20582,4438,1080,630,19502,4436
1600000US4164900,4164900,"Salem city, Oregon",142006,8449,113956,8187,1397,1088,2310,1523,4892,1050,0,270,15694,6026,3757,1344,267,293,3490,1350
1600000US4202000,4202000,"Allentown city, Pennsylvania",105231,5473,72903,6710,8850,2320,156,274,1738,1044,0,242,19416,4100,2168,985,750,495,1418,842
1600000US4206088,4206088,"Bethlehem city, Pennsylvania",68144,5189,51055,4281,3318,1687,0,242,1123,690,0,242,10616,2928,2032,620,915,526,1117,543
1600000US4224000,4224000,"Erie city, Pennsylvania",91423,5064,71764,4925,13837,1779,115,146,833,454,242,293,2475,1126,2157,1167,152,155,2005,1173
1600000US4260000,4260000,"Philadelphia city, Pennsylvania",1406415,*****,592159,8266,628312,6581,3079,818,72898,1267,442,420,88554,8295,20971,3522,5957,1897,15014,2514
1600000US4261000,4261000,"Pittsburgh city, Pennsylvania",284366,9609,183078,7693,81915,5598,938,476,10727,1762,0,242,2714,1480,4994,1530,924,1029,4070,1166
1600000US4263624,4263624,"Reading city, Pennsylvania",81302,3799,56022,4273,12741,2515,52,90,1299,1008,62,129,9462,3035,1664,890,258,319,1406,811
1600000US4269000,4269000,"Scranton city, Pennsylvania",67314,4676,62032,4604,2189,704,261,154,1048,616,0,242,1101,705,683,523,32,56,651,497
1600000US4419180,4419180,"Cranston city, Rhode Island",77025,5513,65337,4634,3272,1704,228,355,2588,1439,0,284,4376,2524,1224,905,645,718,579,565
1600000US4454640,4454640,"Pawtucket city, Rhode Island",72896,6298,48639,5031,9901,3382,1237,707,1523,1046,0,284,9487,2716,2109,1005,548,553,1561,841
1600000US4459000,4459000,"Providence city, Rhode Island",160264,8257,79427,6754,21956,3264,1143,597,10824,2255,462,731,42786,5806,3666,1600,831,631,2835,1413
1600000US4474300,4474300,"Warwick city, Rhode Island",85804,4136,81688,4036,1139,615,79,155,1225,695,0,284,590,503,1083,570,255,411,828,445
1600000US4513330,4513330,"Charleston city, South Carolina",109151,6788,65093,4111,40727,5598,55,99,2198,976,0,286,321,472,757,486,120,141,637,423
1600000US4516000,4516000,"Columbia city, South Carolina",88450,6142,45147,3404,38102,4925,120,145,2507,1086,0,286,561,618,2013,1464,543,887,1470,967
1600000US4550875,4550875,"North Charleston city, South Carolina",70001,5724,32370,4166,33961,4817,450,361,1283,933,0,286,1343,747,594,491,44,75,550,497
1600000US4659020,4659020,"Sioux Falls city, South Dakota",132358,3851,119997,4036,3450,598,3044,632,2054,572,0,219,2281,879,1532,689,222,274,1310,650
1600000US4714000,4714000,"Chattanooga city, Tennessee",139158,5123,81136,4520,53785,2960,165,120,2110,1224,0,282,678,612,1284,778,84,137,1200,766
1600000US4715160,4715160,"Clarksville city, Tennessee",107130,4153,71795,3869,26093,2034,502,354,2559,653,747,851,3039,1031,2395,995,742,530,1653,770
1600000US4740000,4740000,"Knoxville city, Tennessee",168744,7849,136561,7050,24994,2459,411,294,2629,832,53,95,527,509,3569,1204,271,242,3298,1196
1600000US4748000,4748000,"Memphis city, Tennessee",642251,10403,200735,8940,404970,6843,1228,672,11235,1655,0,282,16425,3038,7658,2065,1642,1033,6016,1901
1600000US4751560,4751560,"Murfreesboro city, Tennessee",83822,5073,67335,4543,10658,2222,100,170,1782,764,0,282,3295,1586,652,368,20,41,632,366
1600000US4752006,4752006,"Nashville-Davidson (balance), Tennessee",522662,2820,336731,4193,149273,1651,1664,441,16943,338,0,282,13193,2964,4858,1584,1510,1147,3348,821
1600000US4801000,4801000,"Abilene city, Texas",105165,2343,79843,2828,7588,733,755,445,2091,122,0,288,11330,2121,3558,1323,1052,554,2506,1095
1600000US4801924,4801924,"Allen city, Texas",70037,5375,54974,5267,3989,2051,173,284,5394,1718,0,288,1534,864,3973,2126,807,749,3166,2041
1600000US4803000,4803000,"Amarillo city, Texas",176999,3685,138661,5097,10580,733,1193,520,2850,614,272,464,19650,3284,3793,1132,2159,1029,1634,568
1600000US4804000,4804000,"Arlington city, Texas",348965,15905,210048,12125,59012,7331,1345,624,18771,3423,784,698,47802,7852,11203,3477,1650,963,9553,3499
1600000US4805000,4805000,"Austin city, Texas",678457,12755,469562,14594,60683,3964,3241,909,35449,2555,505,667,97272,10737,11745,2734,4669,1478,7076,2104
1600000US4806128,4806128,"Baytown city, Texas",61504,6089,34767,4143,13023,3664,0,288,711,894,103,157,11766,2987,1134,539,514,367,620,426
1600000US4807000,4807000,"Beaumont city, Texas",107876,6570,41300,4305,54013,4608,244,296,3988,1263,0,288,7343,2493,988,715,534,643,454,312
1600000US4810768,4810768,"Brownsville city, Texas",171528,11179,138690,11812,374,333,754,550,450,380,0,288,29730,5462,1530,1062,1375,1020,155,165
1600000US4810912,4810912,"Bryan city, Texas",56277,3538,39477,3555,9230,2053,113,208,1494,994,0,288,4841,2018,1122,828,502,688,620,465
1600000US4813024,4813024,"Carrollton city, Texas",122699,10079,82900,7962,5887,2163,1206,870,18926,3888,173,222,11653,7033,1954,963,1141,807,813,585
1600000US4815976,4815976,"College Station city, Texas",65370,4423,52329,3330,5451,1944,34,57,5527,1009,67,114,1557,896,405,359,34,56,371,360
1600000US4817000,4817000,"Corpus Christi city, Texas",280002,4573,217798,7603,11730,1022,1444,742,4618,525,0,288,38896,6441,5516,1844,3544,1820,1972,526
1600000US4819000,4819000,"Dallas city, Texas",1144946,23083,651215,20472,271501,13365,5305,1768,31544,4873,355,334,171814,16812,13212,2839,4705,1625,8507,2372
1600000US4819972,4819972,"Denton city, Texas",87766,7163,69736,6257,9043,2742,1002,689,3182,1247,0,288,3690,1775,1113,620,0,288,1113,620
1600000US4824000,4824000,"El Paso city, Texas",583419,9648,456333,12585,16426,1902,3132,1091,6833,529,260,345,86515,8515,13920,2671,8811,2255,5109,1711
1600000US4827000,4827000,"Fort Worth city, Texas",604538,18926,367444,15373,111081,8686,5352,4067,25337,4811,538,498,84207,9082,10579,2648,5355,1614,5224,1963
1600000US4827684,4827684,"Frisco city, Texas",66538,5576,54518,5444,3511,1713,0,288,4482,1603,104,171,2570,957,1353,817,420,492,933,668
1600000US4829000,4829000,"Garland city, Texas",235750,12776,130715,10999,40992,7894,1471,770,20295,4715,239,248,39563,9785,2475,1137,1444,850,1031,681
1600000US4830464,4830464,"Grand Prairie city, Texas",148677,12497,86340,9748,24619,4910,2954,2025,6735,2258,0,288,22185,5174,5844,2340,1222,757,4622,2155
1600000US4835000,4835000,"Houston city, Texas",1941430,30220,1100450,24440,455764,15989,5913,2369,112473,6722,1977,1616,243245,15138,21608,3252,8877,2731,12731,2782
1600000US4837000,4837000,"Irving city, Texas",212262,11979,142641,11698,25937,5414,857,1026,21592,4606,0,288,15800,5617,5435,2341,1207,882,4228,2113
1600000US4839148,4839148,"Killeen city, Texas",98434,5549,48408,3434,34480,3826,601,422,4585,1752,207,380,4784,1594,5369,2028,1077,630,4292,1835
1600000US4841464,4841464,"Laredo city, Texas",207787,3028,179887,5431,1012,711,599,533,779,292,0,288,23932,4547,1578,926,958,583,620,676
1600000US4842508,4842508,"Lewisville city, Texas",81484,7344,66277,7014,6792,2249,190,243,3856,1404,0,288,3201,1733,1168,683,275,280,893,614
1600000US4843888,4843888,"Longview city, Texas",76897,3208,51107,3252,17062,2278,114,154,439,311,0,288,7569,2095,606,369,172,211,434,317
1600000US4845000,4845000,"Lubbock city, Texas",199789,4224,155764,5379,16960,750,941,574,3678,921,0,288,19155,2831,3291,909,1077,625,2214,685
1600000US4845384,4845384,"McAllen city, Texas",116376,11027,84169,8827,1414,612,796,1083,2617,1207,0,288,26554,5690,826,538,693,558,133,161
1600000US4845744,4845744,"McKinney city, Texas",92337,6995,73484,6476,9982,3276,522,450,1709,899,44,74,4450,1954,2146,1285,534,459,1612,1095
1600000US4847892,4847892,"Mesquite city, Texas",126895,9439,98406,9087,16166,4855,629,458,3050,1390,0,288,6486,2608,2158,1027,448,368,1710,946
1600000US4848072,4848072,"Midland city, Texas",100799,3620,81736,3976,7338,1110,383,319,890,334,0,288,8892,2378,1560,779,952,655,608,450
1600000US4848804,4848804,"Missouri City city, Texas",60513,7037,25820,5438,20945,3977,421,436,9538,2646,0,288,3278,1528,511,384,230,286,281,269
1600000US4853388,4853388,"Odessa city, Texas",94329,3821,74138,4601,4971,543,617,328,1098,263,0,288,12303,2984,1202,662,731,578,471,373
1600000US4856000,4856000,"Pasadena city, Texas",150180,9986,109800,10371,2935,1576,3303,2463,5008,2714,0,288,26807,5527,2327,923,774,499,1553,758
1600000US4858016,4858016,"Plano city, Texas",251648,10222,189054,9268,12939,3396,1259,697,40511,3506,0,288,5725,2114,2160,803,240,232,1920,778
1600000US4861796,4861796,"Richardson city, Texas",107892,10213,79455,8792,6000,1935,252,204,14675,3665,0,288,5289,2688,2221,1122,117,191,2104,1121
1600000US4863500,4863500,"Round Rock city, Texas",81639,6775,62598,6429,8359,2287,155,220,1889,987,543,670,5640,2005,2455,1069,820,566,1635,918
1600000US4864472,4864472,"San Angelo city, Texas",82293,2661,66258,3051,3836,510,378,270,971,144,0,288,9414,2252,1436,638,739,551,697,384
1600000US4865000,4865000,"San Antonio city, Texas",1202223,14078,768878,19731,73540,4790,8100,2202,21934,2271,1184,698,289711,18639,38876,5577,25551,4843,13325,2903
1600000US4870808,4870808,"Sugar Land city, Texas",69344,5818,42983,4547,2906,1474,321,426,21811,4322,0,288,1084,844,239,286,0,288,239,286
1600000US4872656,4872656,"The Woodlands CDP, Texas",65744,5022,59546,4929,2145,1985,440,420,1705,937,0,288,697,442,1211,797,138,235,1073,719
1600000US4874144,4874144,"Tyler city, Texas",87687,4743,53719,4773,24837,2388,709,333,547,419,0,288,6510,2047,1365,876,173,292,1192,818
1600000US4876000,4876000,"Waco city, Texas",107146,5022,74466,5182,22436,2675,774,484,1439,703,0,288,6465,2000,1566,1100,119,120,1447,1072
1600000US4879000,4879000,"Wichita Falls city, Texas",88861,3168,67464,3435,10191,673,498,356,2060,779,47,84,5885,1629,2716,1015,273,239,2443,990
1600000US4955980,4955980,"Ogden city, Utah",79171,4718,71385,4935,2302,684,406,392,863,697,0,258,3840,1737,375,285,0,258,375,285
1600000US4957300,4957300,"Orem city, Utah",85616,5663,79074,5695,83,144,327,355,1493,1019,891,735,1659,1124,2089,1176,156,254,1933,1165
1600000US4962470,4962470,"Provo city, Utah",101164,6915,87597,6624,466,575,268,384,2218,670,1314,834,7029,1791,2272,1137,190,211,2082,1138
1600000US4967000,4967000,"Salt Lake City city, Utah",182670,8768,142877,7482,5413,2356,2636,1197,7235,1777,1388,1014,20245,6290,2876,978,1595,878,1281,477
1600000US4967440,4967440,"Sandy city, Utah",88189,7150,81313,6722,308,386,646,645,3912,1539,0,258,1249,676,761,504,331,286,430,362
1600000US4982950,4982950,"West Jordan city, Utah",101626,7003,90482,6260,927,777,1124,861,1934,1050,822,1205,3928,1967,2409,1225,399,340,2010,1166
1600000US4983470,4983470,"West Valley City city, Utah",119795,9030,85186,7720,841,684,973,871,7966,2145,3958,2467,18375,4836,2496,1211,522,432,1974,1112
1600000US5101000,5101000,"Alexandria city, Virginia",133479,*****,91052,2475,26784,2605,374,216,7584,141,0,284,3852,2333,3833,2445,364,356,3469,2408
1600000US5103000,5103000,"Arlington CDP, Virginia",191852,*****,141864,3569,15165,950,378,243,17002,955,0,284,12653,3512,4790,1533,607,612,4183,1410
1600000US5116000,5116000,"Chesapeake city, Virginia",214835,*****,140461,1023,63041,974,1043,294,4413,694,78,138,1908,1009,3891,1210,363,264,3528,1228
1600000US5121088,5121088,"Dale City CDP, Virginia",66005,6271,33099,3391,19756,4717,749,740,5037,2025,0,284,4802,2896,2562,1938,195,255,2367,1916
1600000US5135000,5135000,"Hampton city, Virginia",133584,*****,62463,931,63135,949,137,118,3070,132,0,284,1468,858,3311,1023,1305,942,2006,559
1600000US5147672,5147672,"Lynchburg city, Virginia",60378,2660,39368,2121,19562,1731,176,190,582,456,0,284,206,190,484,441,99,147,385,416
1600000US5156000,5156000,"Newport News city, Virginia",176591,*****,90229,1229,72849,1253,876,178,5017,491,0,284,2837,1053,4783,1498,33,64,4750,1499
1600000US5157000,5157000,"Norfolk city, Virginia",206172,*****,96938,1057,92354,2045,772,327,5762,552,183,228,3532,995,6631,2145,937,850,5694,1804
1600000US5164000,5164000,"Portsmouth city, Virginia",95183,*****,42246,518,49424,771,744,500,960,140,64,106,537,455,1208,663,0,284,1208,663
1600000US5167000,5167000,"Richmond city, Virginia",180757,*****,72733,1140,99826,1231,423,156,2340,87,0,284,1030,893,4405,1497,1366,985,3039,1282
1600000US5168000,5168000,"Roanoke city, Virginia",90074,*****,61947,613,24584,564,120,143,1188,179,145,235,1267,892,823,518,338,418,485,326
1600000US5176432,5176432,"Suffolk city, Virginia",77922,*****,42036,426,32683,478,340,428,1137,454,0,284,890,506,836,548,221,356,615,404
1600000US5182000,5182000,"Virginia Beach city, Virginia",430856,*****,302603,2216,81841,2762,1236,426,22760,1214,807,637,6110,1658,15499,2738,1119,533,14380,2788
1600000US5305210,5305210,"Bellevue city, Washington",114748,6795,78080,6171,3110,1431,225,205,28849,4930,1324,1177,1482,856,1678,811,85,137,1593,796
1600000US5305280,5305280,"Bellingham city, Washington",69057,5279,60149,4521,526,317,802,404,2280,973,492,509,2586,1613,2222,880,129,159,2093,864
1600000US5322640,5322640,"Everett city, Washington",88850,6813,70863,5597,1964,1112,1398,845,5692,1851,212,254,2534,1536,6187,3818,2794,3584,3393,1270
1600000US5323515,5323515,"Federal Way city, Washington",83164,10987,61048,9276,4051,1651,1230,1199,10496,3071,1719,1307,2535,2086,2085,1031,163,162,1922,1004
1600000US5335415,5335415,"Kent city, Washington",84979,6498,53575,5363,7379,3256,1102,738,13330,4008,262,356,5480,2209,3851,1441,524,637,3327,1265
1600000US5363000,5363000,"Seattle city, Washington",536946,15562,369689,10860,43914,6072,6336,1997,77363,9128,1666,982,16940,4109,21038,3203,1129,579,19909,3127
1600000US5367000,5367000,"Spokane city, Washington",192777,6147,171312,6216,3861,1123,2899,1018,4815,1478,367,524,1112,651,8411,1683,598,364,7813,1716
1600000US5367167,5367167,"Spokane Valley city, Washington",87731,5737,81896,5757,701,398,610,371,2101,1193,0,268,39,65,2384,776,426,391,1958,640
1600000US5370000,5370000,"Tacoma city, Washington",191934,9014,125620,7477,22920,3669,2498,922,19936,4027,2904,1751,8018,2446,10038,2534,416,264,9622,2500
1600000US5374060,5374060,"Vancouver city, Washington",155488,8236,128837,7073,3108,1192,2953,1235,7258,2429,1433,1254,4648,2023,7251,1761,983,599,6268,1655
1600000US5380010,5380010,"Yakima city, Washington",79517,5555,56266,5154,1714,447,1503,800,977,468,57,99,16898,3775,2102,898,615,458,1487,767
1600000US5502375,5502375,"Appleton city, Wisconsin",69489,3956,61599,3672,737,472,216,212,3623,1583,91,166,2654,1478,569,430,0,211,569,430
1600000US5531000,5531000,"Green Bay city, Wisconsin",94242,4790,76902,4367,1937,831,2255,831,4577,769,36,70,6325,1654,2210,1154,310,263,1900,1046
1600000US5539225,5539225,"Kenosha city, Wisconsin",95440,3986,79183,3772,7156,1195,268,370,1739,717,0,211,5339,1321,1755,929,256,256,1499,919
1600000US5548000,5548000,"Madison city, Wisconsin",203704,6988,167304,6498,13096,2127,652,465,12708,1969,0,211,4886,1605,5058,1480,622,512,4436,1326
1600000US5553000,5553000,"Milwaukee city, Wisconsin",556948,9596,248855,8492,223775,4295,4150,943,19854,1925,235,322,48514,5750,11565,2268,2826,1071,8739,1998
1600000US5566000,5566000,"Racine city, Wisconsin",77277,4463,53680,4186,17442,1548,86,104,414,585,0,211,4170,1410,1485,559,662,401,823,471
1600000US5584250,5584250,"Waukesha city, Wisconsin",62690,4259,56821,4232,943,728,74,148,2414,1097,0,211,1452,915,986,525,54,91,932,527
