GEO.id,GEO.id2,GEO.display-label,HD01_VD01,HD02_VD01,HD01_VD02,HD02_VD02,HD01_VD03,HD02_VD03,HD01_VD04,HD02_VD04,HD01_VD05,HD02_VD05,HD01_VD06,HD02_VD06,HD01_VD07,HD02_VD07,HD01_VD08,HD02_VD08,HD01_VD09,HD02_VD09,HD01_VD10,HD02_VD10
Id,Id2,Geography,Estimate; Total:,Margin of Error; Total:,Estimate; Total: - White alone,Margin of Error; Total: - White alone,Estimate; Total: - Black or African American alone,Margin of Error; Total: - Black or African American alone,Estimate; Total: - American Indian and Alaska Native alone,Margin of Error; Total: - American Indian and Alaska Native alone,Estimate; Total: - Asian alone,Margin of Error; Total: - Asian alone,Estimate; Total: - Native Hawaiian and Other Pacific Islander alone,Margin of Error; Total: - Native Hawaiian and Other Pacific Islander alone,Estimate; Total: - Some other race alone,Margin of Error; Total: - Some other race alone,Estimate; Total: - Two or more races:,Margin of Error; Total: - Two or more races:,Estimate; Total: - Two or more races: - Two races including Some other race,Margin of Error; Total: - Two or more races: - Two races including Some other race,"Estimate; Total: - Two or more races: - Two races excluding Some other race, and three or more races","Margin of Error; Total: - Two or more races: - Two races excluding Some other race, and three or more races"
1600000US0107000,0107000,"Birmingham city, Alabama",211670,604,47657,4245,158193,4686,593,447,1528,858,0,273,2683,2041,1016,523,161,202,855,480
1600000US0121184,0121184,"Dothan city, Alabama",66121,787,41867,1498,21123,1162,186,143,916,186,0,273,1121,605,908,502,0,273,908,502
1600000US0135896,0135896,"Hoover city, Alabama",80376,2905,57507,4675,11555,3132,235,346,5345,1889,0,273,5524,3100,210,213,94,172,116,142
1600000US0137000,0137000,"Huntsville city, Alabama",181126,1122,114796,3722,53460,4061,434,301,5734,1348,161,145,1384,1090,5157,1936,424,301,4733,1892
1600000US0150000,0150000,"Mobile city, Alabama",195249,35,89418,4157,98746,4003,474,500,2621,1305,53,91,1503,961,2434,886,167,211,2267,864
1600000US0151000,0151000,"Montgomery city, Alabama",206655,4096,78817,2745,115853,3649,571,425,4368,895,90,150,3553,1679,3403,1607,209,278,3194,1597
1600000US0177256,0177256,"Tuscaloosa city, Alabama",90637,32,48895,3657,38870,3618,0,273,861,665,0,273,879,758,1132,638,109,182,1023,654
1600000US0203000,0203000,"Anchorage municipality, Alaska",293227,*****,195553,2116,17874,1147,21787,2373,23986,2408,6388,755,4467,1628,23172,3159,1433,678,21739,3143
1600000US0404720,0404720,"Avondale city, Arizona",76446,33,59236,4130,6888,3225,1039,873,1557,997,189,225,5498,2585,2039,1109,128,152,1911,1095
1600000US0412000,0412000,"Chandler city, Arizona",236775,56,181872,6496,12980,3402,1834,1038,24702,4595,384,431,8352,3139,6651,2023,842,614,5809,1923
1600000US0423620,0423620,"Flagstaff city, Arizona",65976,26,47043,3609,1248,591,8413,3326,1731,383,51,97,4758,1829,2732,1021,296,224,2436,971
1600000US0427400,0427400,"Gilbert town, Arizona",209007,53,173989,5059,11926,3722,2577,1303,10597,3255,205,367,3594,1618,6119,1976,481,448,5638,2038
1600000US0427820,0427820,"Glendale city, Arizona",227358,106,160175,6492,15327,3973,4836,2850,8313,2274,697,807,31462,5921,6548,2407,1920,1155,4628,1966
1600000US0428380,0428380,"Goodyear city, Arizona",65445,25,57568,2608,2244,1702,2116,1716,904,576,0,305,1097,581,1516,943,39,65,1477,943
1600000US0446000,0446000,"Mesa city, Arizona",440248,88,369684,8172,13168,3683,11202,3346,10333,2565,1308,1692,24760,5827,9793,2332,2811,1235,6982,2107
1600000US0454050,0454050,"Peoria city, Arizona",154475,48,133143,4796,5866,2224,1422,1334,6887,2969,56,106,2214,951,4887,2400,1429,1592,3458,1860
1600000US0455000,0455000,"Phoenix city, Arizona",1449481,142,1128609,13565,100335,7635,24637,4023,42050,5961,2515,1693,110353,11058,40982,5265,12466,2938,28516,4294
1600000US0464210,0464210,"San Tan Valley CDP, Arizona",74977,8016,49889,6022,3298,2035,2077,1455,2977,1513,1237,1779,12847,6262,2652,2043,325,439,2327,2025
1600000US0465000,0465000,"Scottsdale city, Arizona",217977,28,200918,3307,4118,2099,1397,712,5771,2005,169,279,2483,1182,3121,840,510,359,2611,783
1600000US0471510,0471510,"Surprise city, Arizona",117826,41,106563,2980,3721,1547,795,736,786,571,0,305,4403,2484,1558,870,376,520,1182,659
1600000US0473000,0473000,"Tempe city, Arizona",162123,45,127359,4787,8114,2274,4731,2187,9884,2277,1987,1674,2971,1223,7077,2390,915,1014,6162,2269
1600000US0477000,0477000,"Tucson city, Arizona",521132,109,406502,7591,24883,2511,16563,3314,12609,1849,1026,464,44843,6689,14706,2525,2066,785,12640,2442
1600000US0485540,0485540,"Yuma city, Arizona",93409,29,60535,5048,2827,839,845,458,1616,785,107,191,22774,5034,4705,1500,2099,1053,2606,1098
1600000US0523290,0523290,"Fayetteville city, Arkansas",73946,32,63496,1875,4865,969,1111,566,1361,806,0,273,1755,1163,1358,737,86,109,1272,709
1600000US0524550,0524550,"Fort Smith city, Arkansas",86338,32,68833,1328,8336,758,452,415,4413,715,0,273,650,480,3654,1402,153,189,3501,1413
1600000US0541000,0541000,"Little Rock city, Arkansas",193973,37,102579,4265,83780,4345,745,379,5377,1135,50,80,277,287,1165,534,55,93,1110,524
1600000US0566080,0566080,"Springdale city, Arkansas",70751,2305,47566,4533,2264,1032,277,268,938,1100,3734,917,15346,3919,626,417,87,155,539,401
1600000US0600562,0600562,"Alameda city, California",73981,43,34074,3296,6738,3184,267,267,24442,3622,999,973,2708,2062,4753,1314,642,514,4111,1244
1600000US0600884,0600884,"Alhambra city, California",83202,49,21262,3451,972,666,45,75,43049,4504,0,294,16969,3725,905,472,238,237,667,406
1600000US0602000,0602000,"Anaheim city, California",337259,65,195457,10183,9062,2243,1122,800,46131,5646,886,1164,75535,10725,9066,2065,3024,1171,6042,1757
1600000US0602252,0602252,"Antioch city, California",102745,30,52584,5123,13027,3214,856,619,12011,4597,1962,1488,16788,4847,5517,2420,2415,2041,3102,1125
1600000US0602364,0602364,"Apple Valley town, California",69387,27,57326,3358,5677,2293,72,120,1642,1009,0,294,2984,1889,1686,751,734,639,952,660
1600000US0602553,0602553,"Arden-Arcade CDP, California",87272,6631,62644,5949,7495,2175,1018,603,5002,1636,432,579,6759,3379,3922,1515,576,401,3346,1325
1600000US0603526,0603526,"Bakersfield city, California",348582,52,227269,9148,28173,3738,3005,1423,19603,2402,162,154,54174,8893,16196,3565,5018,2128,11178,2500
1600000US0603666,0603666,"Baldwin Park city, California",75496,52,26445,4903,1106,1290,800,542,11720,3572,0,294,33596,6266,1829,1095,847,665,982,783
1600000US0604982,0604982,"Bellflower city, California",76717,41,28663,4834,11667,3160,685,484,8193,2561,0,294,25518,4431,1991,1249,1114,1060,877,679
1600000US0606000,0606000,"Berkeley city, California",112824,32,69208,4207,12520,3029,123,149,23378,3292,162,166,2459,937,4974,1164,372,312,4602,1151
1600000US0608786,0608786,"Buena Park city, California",80766,37,45296,4303,3090,1783,179,169,24593,4056,1844,1849,3907,2155,1857,985,781,706,1076,635
1600000US0608954,0608954,"Burbank city, California",103472,36,79813,3249,1402,873,45,74,14119,2841,0,294,3433,1559,4660,1458,820,795,3840,1197
1600000US0610046,0610046,"Camarillo city, California",65406,59,47381,2762,1112,582,486,525,8803,2228,53,86,4614,2249,2957,1193,622,606,2335,1078
1600000US0611194,0611194,"Carlsbad city, California",105707,44,91926,3106,1273,1215,71,116,6505,1914,81,145,2553,2043,3298,1210,856,641,2442,1053
1600000US0611530,0611530,"Carson city, California",91828,37,27324,5205,18854,4237,685,633,26705,5431,2783,2015,6642,2500,8835,2953,1077,622,7758,2878
1600000US0613014,0613014,"Chico city, California",86213,24,70317,2393,2218,992,1251,500,4576,1672,113,90,3502,1656,4236,1135,448,364,3788,1097
1600000US0613210,0613210,"Chino city, California",78237,29,46160,4305,4675,1876,554,450,8643,2398,244,243,15724,3827,2237,748,760,513,1477,501
1600000US0613214,0613214,"Chino Hills city, California",75070,37,38186,3860,2559,1370,186,314,21633,3350,112,187,8805,3094,3589,1590,1468,1030,2121,1174
1600000US0613392,0613392,"Chula Vista city, California",244789,45,160287,7012,13237,3636,1317,1028,39342,5845,180,224,18155,3835,12271,2917,3439,1529,8832,2427
1600000US0613588,0613588,"Citrus Heights city, California",83490,26,69968,3234,1557,950,739,376,1318,680,45,73,5145,2275,4718,1913,2179,1535,2539,1142
1600000US0614218,0614218,"Clovis city, California",95915,42,67689,4708,4200,1919,2349,2322,7737,2593,53,126,10239,3784,3648,1278,1770,910,1878,805
1600000US0615044,0615044,"Compton city, California",96558,58,45389,5687,33840,4786,352,346,144,240,0,294,14212,3624,2621,1550,458,351,2163,1545
1600000US0616000,0616000,"Concord city, California",122508,32,87092,4244,5132,2025,773,789,13221,3156,1024,907,8927,3665,6339,2330,502,386,5837,2342
1600000US0616350,0616350,"Corona city, California",153335,42,109403,6238,6207,1916,1160,567,14952,3752,2736,1945,11218,2988,7659,2032,2191,1041,5468,1806
1600000US0616532,0616532,"Costa Mesa city, California",110253,69,71905,5404,1223,744,620,532,8931,2421,252,360,23296,5252,4026,1346,413,375,3613,1235
1600000US0617918,0617918,"Daly City city, California",101361,40,27862,4176,2862,1023,237,289,57504,3971,137,153,8886,3143,3873,1047,1278,704,2595,958
1600000US0618100,0618100,"Davis city, California",65740,32,43957,2517,1396,685,57,98,13409,2970,392,206,1784,1161,4745,1301,550,491,4195,1272
1600000US0619766,0619766,"Downey city, California",111922,51,48458,4801,3782,1852,522,734,7344,2375,95,154,48590,5521,3131,1466,1459,837,1672,1113
1600000US0620802,0620802,"East Los Angeles CDP, California",127198,9921,65495,6819,592,545,861,583,828,628,121,207,58056,7177,1245,686,814,637,431,270
1600000US0621712,0621712,"El Cajon city, California",99841,61,73778,4138,6502,2430,1030,1264,4333,2714,184,197,4739,1746,9275,2484,432,366,8843,2530
1600000US0622020,0622020,"Elk Grove city, California",153401,143,68196,6490,15492,3890,766,563,39696,5781,4995,2411,11031,4796,13225,4401,3308,2848,9917,3270
1600000US0622230,0622230,"El Monte city, California",113614,29,42040,5032,516,455,1091,1053,30841,4706,309,400,37068,5335,1749,850,923,530,826,835
1600000US0622804,0622804,"Escondido city, California",144402,62,124845,4281,2746,1493,713,510,4041,1694,127,158,8516,2535,3414,1404,1486,991,1928,966
1600000US0623182,0623182,"Fairfield city, California",105580,56,48600,3990,16947,3365,686,590,16620,3480,926,811,14832,4115,6969,2240,1422,919,5547,1952
1600000US0624638,0624638,"Folsom city, California",72348,29,49590,3017,6119,1725,819,602,10103,2581,1189,1042,2955,1034,1573,685,0,294,1573,685
1600000US0624680,0624680,"Fontana city, California",196778,42,118496,7704,24506,4184,1058,627,11995,3329,960,654,30468,5754,9295,2622,3355,1643,5940,1746
1600000US0626000,0626000,"Fremont city, California",214613,52,73507,6414,10342,3335,513,415,100448,6514,1060,761,17086,4891,11657,2691,2680,1389,8977,2215
1600000US0627000,0627000,"Fresno city, California",496147,64,266945,11029,37239,2767,3676,1355,65354,4960,1113,591,96209,9363,25611,4859,7419,2017,18192,4125
1600000US0628000,0628000,"Fullerton city, California",135541,43,71470,5184,3335,1522,1002,978,31413,4170,93,155,24799,5491,3429,911,1145,555,2284,738
1600000US0629000,0629000,"Garden Grove city, California",171386,39,76555,6473,1659,980,1044,614,68161,5655,2816,2585,14502,4530,6649,2641,1231,641,5418,2534
1600000US0630000,0630000,"Glendale city, California",191954,35,147731,5461,1589,939,342,275,29723,4824,770,912,5964,2509,5835,1611,1026,533,4809,1542
1600000US0632548,0632548,"Hawthorne city, California",84382,53,45462,4660,23286,4162,182,175,4362,1985,495,720,8493,2723,2102,1090,659,579,1443,984
1600000US0633000,0633000,"Hayward city, California",144549,46,52958,5722,16618,3719,2019,1972,31695,4328,2752,1279,26563,5630,11944,3107,2160,942,9784,2815
1600000US0633182,0633182,"Hemet city, California",79157,38,59681,3901,4875,2464,794,932,2724,1666,0,294,8398,3160,2685,1241,745,672,1940,1090
1600000US0633434,0633434,"Hesperia city, California",90486,62,69120,4551,6690,2995,1848,1890,2876,1882,83,144,7002,2553,2867,1238,931,543,1936,1094
1600000US0636000,0636000,"Huntington Beach city, California",190541,48,144668,5183,1637,1001,1494,902,21949,4137,0,294,15029,5143,5764,1583,1175,834,4589,1375
1600000US0636448,0636448,"Indio city, California",76512,26,49162,5354,1446,851,403,485,1546,1014,0,294,22272,5330,1683,990,1203,879,480,443
1600000US0636546,0636546,"Inglewood city, California",109799,33,26774,3906,43423,4318,372,395,1045,641,957,1072,32453,4646,4775,1795,812,648,3963,1821
1600000US0636770,0636770,"Irvine city, California",212982,46,111516,5910,3603,1505,1161,1076,82165,5627,905,882,4574,1890,9058,2377,746,422,8312,2293
1600000US0639496,0639496,"Lake Forest city, California",77482,40,61680,3610,1409,1224,476,508,8862,2645,81,134,1618,1410,3356,1485,378,323,2978,1478
1600000US0639892,0639892,"Lakewood city, California",80154,48,38530,4462,5776,1968,396,327,12403,2530,101,129,17390,4181,5558,2073,1508,697,4050,1980
1600000US0640130,0640130,"Lancaster city, California",156786,95,98660,7444,35510,6097,1218,632,7645,2526,217,236,8169,2883,5367,1957,1692,868,3675,1578
1600000US0641992,0641992,"Livermore city, California",81178,37,67952,3018,2003,1453,65,105,6895,2169,0,294,1882,1194,2381,1012,342,304,2039,1013
1600000US0643000,0643000,"Long Beach city, California",462793,73,262737,9490,55094,6380,2243,952,57230,5663,4515,2145,49392,6907,31582,4489,5267,1534,26315,4283
1600000US0644000,0644000,"Los Angeles city, California",3797144,74,1980767,26059,362142,11518,15393,3116,430314,14671,6700,2162,875797,27353,126031,8252,42673,5388,83358,6776
1600000US0645484,0645484,"Manteca city, California",67338,26,48355,3810,3899,1769,633,436,7207,2625,161,302,2666,1409,4417,2029,369,374,4048,1919
1600000US0646842,0646842,"Menifee city, California",78018,35,60885,4049,5397,2633,452,542,1768,1109,44,66,5877,2443,3595,2204,1693,1778,1902,1130
1600000US0646898,0646898,"Merced city, California",79254,46,53841,3839,4387,1514,1162,547,8966,2177,0,294,9267,2918,1631,952,61,106,1570,947
1600000US0647766,0647766,"Milpitas city, California",67011,27,13664,2879,1581,934,222,297,40716,3258,527,662,6278,3150,4023,1860,1041,698,2982,1438
1600000US0648256,0648256,"Mission Viejo city, California",93585,44,76867,3862,1320,957,90,145,8235,3111,300,404,4277,2699,2496,1000,320,294,2176,935
1600000US0648354,0648354,"Modesto city, California",201520,39,149850,5495,8471,2166,2873,1358,10688,2577,1007,641,16622,3784,12009,2755,3366,1514,8643,2463
1600000US0649270,0649270,"Moreno Valley city, California",194592,50,117462,7176,34793,5024,576,501,11337,3110,92,155,18456,4171,11876,3089,1763,904,10113,2929
1600000US0649670,0649670,"Mountain View city, California",74320,30,44726,3828,1598,1098,0,294,17409,2828,0,294,7152,3032,3435,1172,308,320,3127,1104
1600000US0650076,0650076,"Murrieta city, California",104108,57,66455,5400,5672,2688,416,493,14934,5079,0,294,8952,2810,7679,2493,957,621,6722,2460
1600000US0650258,0650258,"Napa city, California",77122,31,67477,2340,710,443,283,228,2153,983,124,167,4484,1711,1891,783,823,539,1068,583
1600000US0651182,0651182,"Newport Beach city, California",85442,39,74039,2857,338,423,0,294,5718,1751,67,127,3158,2266,2122,978,208,262,1914,939
1600000US0652526,0652526,"Norwalk city, California",105686,40,42466,5130,5246,2567,1132,1086,15417,3708,43,76,37576,5547,3806,1536,2236,1212,1570,781
1600000US0653000,0653000,"Oakland city, California",391672,60,154794,8106,103160,5279,2276,886,67591,6255,2594,1836,41106,6502,20151,4798,3387,1811,16764,3758
1600000US0653322,0653322,"Oceanside city, California",167680,39,115759,7034,8158,2792,737,506,10061,2797,2406,1516,20993,5605,9566,2095,2879,1317,6687,1701
1600000US0653896,0653896,"Ontario city, California",164517,37,105986,7419,13786,3592,2218,2314,5867,1706,62,106,30166,6884,6432,2051,936,623,5496,2123
1600000US0653980,0653980,"Orange city, California",136803,43,80713,5631,2578,1187,515,475,19204,3831,62,102,30534,5847,3197,1090,898,706,2299,801
1600000US0654652,0654652,"Oxnard city, California",198484,44,146630,6914,6718,2071,2221,1639,15123,2974,84,147,20952,4683,6756,2342,1870,1043,4886,2084
1600000US0655156,0655156,"Palmdale city, California",152944,42,59585,5984,24944,5537,1479,1185,6668,2186,593,667,52908,7822,6767,2709,1847,959,4920,2434
1600000US0656000,0656000,"Pasadena city, California",137294,52,94967,5639,14504,3680,660,573,17551,3241,88,141,5909,2482,3615,1424,541,412,3074,1277
1600000US0656700,0656700,"Perris city, California",68816,31,26593,5233,5280,2029,733,926,1817,1064,0,294,31738,5310,2655,1310,642,471,2013,1188
1600000US0657456,0657456,"Pittsburg city, California",63510,60,28015,4522,13409,3774,0,294,9411,2693,1299,1543,9830,3277,1546,793,107,131,1439,789
1600000US0657792,0657792,"Pleasanton city, California",70456,28,46184,3086,2001,1579,431,401,17455,3052,152,254,1946,1187,2287,898,463,443,1824,838
1600000US0658072,0658072,"Pomona city, California",149225,56,83119,6834,13089,3779,1122,798,15275,4119,80,134,30588,5843,5952,2024,2741,1162,3211,1716
1600000US0659451,0659451,"Rancho Cucamonga city, California",165858,35,107575,5837,14826,2879,1085,685,19690,3747,207,331,13007,4301,9468,2842,3049,1414,6419,2354
1600000US0659920,0659920,"Redding city, California",89901,30,77816,2518,675,476,2095,766,2098,816,72,124,1634,1607,5511,1612,1364,1202,4147,1022
1600000US0659962,0659962,"Redlands city, California",68994,32,50850,3751,2237,1160,365,388,5704,1955,0,294,7751,3492,2087,950,1091,767,996,560
1600000US0660018,0660018,"Redondo Beach city, California",66825,26,48883,4044,2471,1846,335,293,7016,1741,60,93,3401,2580,4659,1797,743,1088,3916,1472
1600000US0660102,0660102,"Redwood City city, California",77013,55,57330,3712,1239,786,1294,752,8888,2418,670,1142,4128,1700,3464,1290,1420,822,2044,815
1600000US0660466,0660466,"Rialto city, California",99530,32,63556,5267,14048,3750,1202,1044,1310,985,0,294,14675,4347,4739,1753,1177,893,3562,1607
1600000US0660620,0660620,"Richmond city, California",104059,72,45887,4559,29779,4124,185,237,16169,3821,132,175,7098,2508,4809,1983,1240,1066,3569,1658
1600000US0662000,0662000,"Riverside city, California",305707,88,212741,8209,22318,4403,1544,1343,19917,3975,1271,1457,36513,5707,11403,2783,3562,1461,7841,2363
1600000US0662938,0662938,"Roseville city, California",119335,35,95040,3360,1685,878,780,568,10791,2474,356,309,4656,2410,6027,1739,1320,827,4707,1709
1600000US0664000,0664000,"Sacramento city, California",467503,110,241396,8348,63594,6655,5894,1889,85081,6702,4374,2103,34075,5771,33089,4325,5915,1833,27174,4095
1600000US0664224,0664224,"Salinas city, California",151031,70,117645,5584,2548,1403,1003,685,9180,2169,102,211,14588,3910,5965,2277,1883,1036,4082,1938
1600000US0665000,0665000,"San Bernardino city, California",210670,61,96253,7224,28085,4824,2905,1345,8729,2083,1167,1582,60408,7756,13123,3072,3753,1496,9370,2841
1600000US0665042,0665042,"San Buenaventura (Ventura) city, California",106730,37,74518,5579,1254,784,435,365,2832,1078,260,215,22872,5848,4559,1337,1372,744,3187,1216
1600000US0666000,0666000,"San Diego city, California",1311886,86,841677,14478,85226,6097,6235,1798,209527,8681,7893,2205,97606,9868,63722,6253,10247,2091,53475,5717
1600000US0667000,0667000,"San Francisco city, California",805463,*****,414524,6735,49349,1606,3985,1506,269050,3219,3465,266,36188,6368,28902,3568,4133,1502,24769,3419
1600000US0668000,0668000,"San Jose city, California",949197,102,440493,14741,32912,3968,6770,2690,307151,7947,3305,1523,115379,13192,43187,5406,12796,3656,30391,4324
1600000US0668084,0668084,"San Leandro city, California",85159,35,34717,4355,6624,1789,417,340,31663,4201,304,343,5045,2262,6389,2289,721,516,5668,2152
1600000US0668196,0668196,"San Marcos city, California",84079,32,69325,3224,1851,1090,264,449,6806,2553,384,498,3284,1419,2165,750,365,275,1800,708
1600000US0668252,0668252,"San Mateo city, California",97461,83,61282,4498,1447,554,1053,1449,18839,3127,1742,1406,6528,2942,6570,1729,1117,805,5453,1795
1600000US0668378,0668378,"San Ramon city, California",72404,40,37268,3888,1620,985,194,291,28976,3634,109,198,2163,1736,2074,848,234,390,1840,758
1600000US0669000,0669000,"Santa Ana city, California",325483,46,121403,10431,6773,2332,1445,874,33490,5216,0,294,158044,11660,4328,1293,1726,856,2602,923
1600000US0669070,0669070,"Santa Barbara city, California",88579,38,64286,5140,1076,745,443,337,2781,1163,0,294,17175,5156,2818,1041,801,577,2017,906
1600000US0669084,0669084,"Santa Clara city, California",116864,39,49834,5932,2844,1865,629,847,44385,4467,96,163,14042,5490,5034,1614,1392,889,3642,1311
1600000US0669088,0669088,"Santa Clarita city, California",176535,46,130917,6719,2785,1022,121,142,17497,3591,0,294,15558,5521,9657,2322,1678,935,7979,2239
1600000US0669196,0669196,"Santa Maria city, California",99747,31,81715,3289,2621,1125,0,294,5319,1728,101,161,8317,2768,1674,677,452,375,1222,588
1600000US0670000,0670000,"Santa Monica city, California",89861,71,67067,2941,5722,2393,64,106,9040,2350,47,80,3300,1356,4621,1369,435,464,4186,1319
1600000US0670098,0670098,"Santa Rosa city, California",168244,37,137165,3675,5319,1767,2681,1101,8680,1893,1002,722,8425,2473,4972,1413,823,557,4149,1336
1600000US0672016,0672016,"Simi Valley city, California",124596,33,97871,4753,1294,741,999,738,8957,2181,624,562,11059,4843,3792,1255,1111,811,2681,982
1600000US0673080,0673080,"South Gate city, California",94503,42,26286,4187,832,519,123,134,1744,1577,0,294,64720,4545,798,525,610,476,188,195
1600000US0675000,0675000,"Stockton city, California",292747,49,142565,6847,30495,3395,4912,2365,61425,5357,1595,1143,32278,5045,19477,3736,2756,1090,16721,3647
1600000US0677000,0677000,"Sunnyvale city, California",140549,48,68209,4479,2873,1102,260,328,57089,4457,1692,1698,6766,2665,3660,1299,429,311,3231,1288
1600000US0678120,0678120,"Temecula city, California",100751,74,69087,5708,3754,1783,2984,2011,9875,3067,0,294,7926,3551,7125,2519,1520,1011,5605,2179
1600000US0678582,0678582,"Thousand Oaks city, California",127041,38,101759,4056,1374,858,187,185,13609,2778,0,294,6182,3000,3930,1447,223,193,3707,1453
1600000US0680000,0680000,"Torrance city, California",145618,35,73992,6102,5554,2224,355,382,48543,5887,289,278,7141,3364,9744,2522,2232,1138,7512,1943
1600000US0680238,0680238,"Tracy city, California",83223,29,47758,4357,4862,2136,251,266,13678,2907,1045,835,8042,3307,7587,2493,1059,713,6528,2240
1600000US0680812,0680812,"Turlock city, California",68663,31,52529,3212,1949,1110,231,286,6573,2518,0,294,4165,1711,3216,1371,732,553,2484,1282
1600000US0680854,0680854,"Tustin city, California",75769,49,45724,4034,1257,583,150,143,15397,3031,411,540,11115,3275,1715,666,430,326,1285,718
1600000US0681204,0681204,"Union City city, California",69696,36,14062,3029,5569,2312,110,135,35618,4318,789,989,8612,3002,4936,2638,1390,1255,3546,2278
1600000US0681344,0681344,"Upland city, California",73991,39,45835,4800,4557,2446,323,307,6274,2307,0,294,11890,3327,5112,2217,1498,1128,3614,1924
1600000US0681554,0681554,"Vacaville city, California",92623,35,57777,4581,10209,2478,627,589,7438,2536,845,1189,10937,4576,4790,1488,2194,1025,2596,869
1600000US0681666,0681666,"Vallejo city, California",116217,50,44330,4695,28562,3411,844,480,25770,3615,1014,648,5903,2222,9794,2425,2981,1540,6813,2064
1600000US0682590,0682590,"Victorville city, California",116305,38,79217,5603,13769,4233,252,188,5343,2098,66,118,13489,3724,4169,1633,1697,1112,2472,1000
1600000US0682954,0682954,"Visalia city, California",124866,30,103377,4208,2327,998,2590,1885,5961,1996,136,216,7899,2031,2576,1168,697,617,1879,961
1600000US0682996,0682996,"Vista city, California",94170,43,73937,4971,2664,1449,514,380,2958,1493,40,66,11035,4132,3022,1478,986,834,2036,1276
1600000US0684200,0684200,"West Covina city, California",106221,36,37801,5310,7508,3369,0,294,23266,4107,0,294,33998,6312,3648,1458,2180,1059,1468,891
1600000US0684550,0684550,"Westminster city, California",89971,49,32704,4388,881,846,67,112,44676,4699,0,294,9770,3451,1873,964,552,479,1321,844
1600000US0685292,0685292,"Whittier city, California",85433,31,47573,3827,1078,783,502,479,1693,1019,0,294,31755,3786,2832,1451,2086,1439,746,394
1600000US0686832,0686832,"Yorba Linda city, California",64414,40,47771,3575,635,423,173,282,13011,3407,0,294,481,278,2343,1110,477,413,1866,1023
1600000US0803455,0803455,"Arvada city, Colorado",107604,2957,98026,2622,593,453,270,291,1829,1049,0,279,4626,2394,2260,925,770,609,1490,772
1600000US0804000,0804000,"Aurora city, Colorado",326719,119,210602,7053,49679,4352,5894,3159,16677,2732,1042,526,24919,5455,17906,3843,4198,1795,13708,3144
1600000US0807850,0807850,"Boulder city, Colorado",97585,51,84662,2529,1234,711,419,339,4676,1112,45,81,2960,1968,3589,1573,142,178,3447,1569
1600000US0812815,0812815,"Centennial city, Colorado",100909,39,92163,2342,814,447,183,225,3984,1727,0,279,1345,1437,2420,725,179,211,2241,695
1600000US0816000,0816000,"Colorado Springs city, Colorado",419586,45,335089,5091,27873,2300,3032,1268,10941,1636,631,549,18027,3868,23993,3708,2830,1450,21163,3593
1600000US0820000,0820000,"Denver city, Colorado",604414,*****,422070,9149,60957,2138,7125,1950,19267,1676,321,317,75768,8965,18906,3138,4313,1714,14593,2909
1600000US0827425,0827425,"Fort Collins city, Colorado",144453,33,128138,2809,2420,489,445,306,4841,971,114,92,3803,2425,4692,1229,520,474,4172,1205
1600000US0832155,0832155,"Greeley city, Colorado",93389,53,82122,2907,1659,662,621,451,2087,1058,43,73,4632,2338,2225,1115,978,786,1247,768
1600000US0836410,0836410,"Highlands Ranch CDP, Colorado",95503,4861,85662,4591,1103,716,485,385,4793,1403,0,279,287,298,3173,1728,184,223,2989,1695
1600000US0843000,0843000,"Lakewood city, Colorado",143230,59,124503,2502,4048,1340,2455,911,4535,1166,0,279,3846,1477,3843,1428,455,370,3388,1341
1600000US0845970,0845970,"Longmont city, Colorado",86429,35,70755,3226,709,623,464,307,2150,889,0,279,9769,3012,2582,1010,487,393,2095,903
1600000US0846465,0846465,"Loveland city, Colorado",67100,43,61780,2518,65,117,255,303,389,307,402,626,2955,2385,1254,669,254,317,1000,625
1600000US0862000,0862000,"Pueblo city, Colorado",106865,20,77725,2909,1277,768,3801,1895,1200,441,308,508,17317,2480,5237,1867,1985,1271,3252,1458
1600000US0877290,0877290,"Thornton city, Colorado",119324,67,97419,4108,3205,1116,674,560,5510,2494,223,311,9214,3764,3079,1194,1518,1009,1561,678
1600000US0883835,0883835,"Westminster city, Colorado",106518,72,87514,4340,1404,975,299,299,5351,2179,0,279,8247,3256,3703,1408,747,738,2956,979
1600000US0908000,0908000,"Bridgeport city, Connecticut",144521,31,69435,5372,53211,4090,123,147,6435,2877,0,281,12760,3246,2557,1138,616,480,1941,965
1600000US0918430,0918430,"Danbury city, Connecticut",81043,45,54223,4376,5936,1953,42,69,4735,1690,0,281,14200,4160,1907,733,449,495,1458,613
1600000US0937000,0937000,"Hartford city, Connecticut",124847,46,37075,4132,47591,3663,601,529,3516,1219,0,281,30635,4466,5429,2253,1706,786,3723,2065
1600000US0950370,0950370,"New Britain city, Connecticut",73247,28,44464,3651,7862,2603,49,81,2159,1237,0,281,16596,3398,2117,1366,996,1031,1121,652
1600000US0952000,0952000,"New Haven city, Connecticut",129849,32,60452,5309,48133,5041,100,169,6035,1541,171,278,11753,3096,3205,1290,930,780,2275,1051
1600000US0955990,0955990,"Norwalk city, Connecticut",85793,51,60740,3357,14299,2594,81,117,5429,2879,172,218,2551,1473,2521,932,282,371,2239,903
1600000US0973000,0973000,"Stamford city, Connecticut",122902,37,73527,5402,16735,3799,256,313,8343,2342,0,281,20706,5066,3335,1154,1223,718,2112,1027
1600000US0980000,0980000,"Waterbury city, Connecticut",110430,30,61055,4573,21489,3569,126,145,2018,1258,0,281,18249,3706,7493,2691,2365,1160,5128,2480
1600000US1077580,1077580,"Wilmington city, Delaware",70921,30,28136,3470,38957,3703,451,519,396,287,0,265,900,797,2081,1109,654,669,1427,829
1600000US1150000,1150000,"Washington city, District of Columbia",604453,*****,242905,4030,309221,2659,1927,750,21552,966,233,224,16825,3775,11790,2050,1887,647,9903,2008
1600000US1200410,1200410,"Alafaya CDP, Florida",84809,8197,68848,7393,6753,2449,0,310,3570,1592,250,415,2650,1821,2738,1954,304,308,2434,1930
1600000US1207300,1207300,"Boca Raton city, Florida",84604,40,77329,2285,3247,1899,197,229,1051,612,0,310,998,640,1782,1183,148,252,1634,1153
1600000US1208150,1208150,"Brandon CDP, Florida",102939,9040,76972,7505,16183,4052,68,73,4193,2025,141,178,1644,863,3738,1078,290,247,3448,1058
1600000US1210275,1210275,"Cape Coral city, Florida",154668,42,140149,2845,4151,1728,740,1174,2841,1221,0,310,3516,1844,3271,1132,883,1031,2388,1246
1600000US1212875,1212875,"Clearwater city, Florida",107697,50,90612,3130,11793,2740,0,310,2409,1007,0,310,1503,1386,1380,622,0,310,1380,622
1600000US1214400,1214400,"Coral Springs city, Florida",121492,54,87194,5076,23362,4242,1418,1126,4295,1861,389,543,2745,1707,2089,903,244,212,1845,805
1600000US1216475,1216475,"Davie town, Florida",92290,40,70951,4203,9760,3081,213,302,4794,1924,191,312,4312,2418,2069,1605,321,367,1748,1583
1600000US1216725,1216725,"Deerfield Beach city, Florida",75245,48,51143,3764,21538,3888,130,182,417,436,0,310,1076,907,941,593,427,526,514,352
1600000US1217200,1217200,"Deltona city, Florida",85183,53,60804,4448,10493,3563,99,126,792,550,0,310,9500,3295,3495,2178,396,436,3099,2084
1600000US1224000,1224000,"Fort Lauderdale city, Florida",166039,36,105115,5581,51859,5637,123,143,1459,790,0,310,5039,3093,2444,1128,452,661,1992,889
1600000US1224125,1224125,"Fort Myers city, Florida",62429,30,33047,4145,22202,3841,0,310,1251,949,0,310,4600,2890,1329,1297,144,183,1185,1284
1600000US1225175,1225175,"Gainesville city, Florida",124433,31,82202,3199,29345,2588,408,381,7607,1586,0,310,1563,1034,3308,1297,954,916,2354,1012
1600000US1230000,1230000,"Hialeah city, Florida",225461,83,212169,3682,5332,2043,173,288,236,296,0,310,5323,2506,2228,1246,1530,1032,698,844
1600000US1232000,1232000,"Hollywood city, Florida",141202,57,101076,6039,26642,5252,155,163,3984,1638,263,384,2085,1262,6997,2645,1228,866,5769,2538
1600000US1235000,1235000,"Jacksonville city, Florida",823316,21,499732,4388,254742,3743,1859,602,33819,1957,252,262,10210,3413,22702,3266,2046,1241,20656,2910
1600000US1236100,1236100,"Kendall CDP, Florida",82561,7827,72791,7904,2514,1153,283,424,4276,1906,0,310,861,694,1836,1003,517,462,1319,844
1600000US1238250,1238250,"Lakeland city, Florida",97530,37,71874,4306,18930,3512,118,199,2315,1238,0,310,3399,2243,894,523,0,310,894,523
1600000US1239425,1239425,"Largo city, Florida",77663,33,69970,2139,2762,1191,290,291,2571,1485,201,348,465,417,1404,704,256,243,1148,645
1600000US1239550,1239550,"Lauderhill city, Florida",67100,30,9012,1994,52634,3013,0,310,1761,1266,266,419,1438,1276,1989,1467,394,492,1595,1383
1600000US1239925,1239925,"Lehigh Acres CDP, Florida",88196,8148,62539,6991,17394,3947,63,116,758,758,0,310,5955,2985,1487,808,392,546,1095,569
1600000US1243975,1243975,"Melbourne city, Florida",76083,51,62953,2983,7882,2801,0,310,1652,906,55,97,423,342,3118,1162,341,412,2777,1197
1600000US1245000,1245000,"Miami city, Florida",400892,55,293897,8036,81120,8354,260,277,2612,1105,0,310,19728,4848,3275,1106,1267,500,2008,1083
1600000US1245025,1245025,"Miami Beach city, Florida",88110,64,67266,4382,2396,863,0,310,2962,2658,0,310,14304,4133,1182,659,733,533,449,335
1600000US1245975,1245975,"Miramar city, Florida",122438,52,48588,5648,50569,5856,127,152,11319,3057,0,310,7129,2916,4706,2766,1477,1263,3229,2462
1600000US1253000,1253000,"Orlando city, Florida",239037,57,138146,6788,72230,6509,1231,1126,7870,2894,247,511,11216,4089,8097,2823,3312,1880,4785,2179
1600000US1254000,1254000,"Palm Bay city, Florida",103225,37,76654,4248,16623,3116,672,978,1723,1162,0,310,4039,2628,3514,1370,437,420,3077,1369
1600000US1254200,1254200,"Palm Coast city, Florida",77473,2618,60122,2609,9242,1223,283,468,2300,363,396,511,2230,1276,2900,1335,1046,979,1854,756
1600000US1255775,1255775,"Pembroke Pines city, Florida",155252,64,102819,5931,30887,4983,1689,2296,8721,2285,0,310,5278,3182,5858,2290,1190,777,4668,2264
1600000US1257425,1257425,"Plantation city, Florida",85217,33,56526,3942,21147,4142,82,136,3387,1382,0,310,1953,1215,2122,921,428,366,1694,780
1600000US1258050,1258050,"Pompano Beach city, Florida",100154,33,69027,4859,28474,4638,48,97,1452,826,0,310,630,575,523,367,213,277,310,246
1600000US1258715,1258715,"Port St. Lucie city, Florida",165153,54,118535,4807,26841,3549,2201,1893,3720,868,0,310,5454,2094,8402,2758,3385,2335,5017,1731
1600000US1260950,1260950,"Riverview CDP, Florida",66415,7344,48648,6043,10140,4665,402,589,2188,1369,95,171,2390,2389,2552,1276,179,212,2373,1231
1600000US1263000,1263000,"St. Petersburg city, Florida",244818,40,169184,5327,59098,4858,491,418,9485,2342,84,166,1202,1018,5274,1706,458,592,4816,1576
1600000US1268350,1268350,"Spring Hill CDP, Florida",97103,4582,84697,4482,4799,2102,210,299,976,658,314,374,4368,1969,1739,908,160,189,1579,875
1600000US1269700,1269700,"Sunrise city, Florida",84717,45,51295,3905,25337,3615,566,705,2575,1323,0,310,3008,1449,1936,1013,569,544,1367,886
1600000US1270600,1270600,"Tallahassee city, Florida",181734,40,105356,3443,63000,3508,803,410,6512,1018,0,310,1559,723,4504,1459,242,209,4262,1460
1600000US1271000,1271000,"Tampa city, Florida",336945,46,210409,6770,88443,6795,8285,3577,12335,3191,249,210,7808,2834,9416,2464,2706,1678,6710,1700
1600000US1272145,1272145,"Town 'n' Country CDP, Florida",81175,7951,64801,7097,8523,2932,1028,1272,1977,928,0,310,2084,1045,2762,1802,190,183,2572,1792
1600000US1276582,1276582,"Weston city, Florida",65528,51,56124,3027,1208,946,283,503,3860,1984,0,310,3165,2233,888,585,142,170,746,544
1600000US1276600,1276600,"West Palm Beach city, Florida",100175,53,64289,4810,29591,4479,165,237,2192,1719,0,310,3089,1719,849,530,100,117,749,467
1600000US1301052,1301052,"Albany city, Georgia",78971,2697,18636,1769,57568,1870,115,139,821,29,0,300,1676,607,155,196,0,300,155,196
1600000US1303440,1303440,"Athens-Clarke County unified government (balance), Georgia",115465,396,74986,2396,30148,1030,0,300,4595,664,0,300,2599,2331,3137,1283,304,286,2833,1203
1600000US1304000,1304000,"Atlanta city, Georgia",422338,34,166001,6969,220448,6339,435,404,15251,2438,0,300,9580,3176,10623,2523,1025,645,9598,2251
1600000US1304204,1304204,"Augusta-Richmond County consolidated government (balance), Georgia",196386,1768,77458,2080,107523,2559,830,184,3122,363,4,8,1530,976,5919,1922,1144,880,4775,1676
1600000US1319000,1319000,"Columbus city, Georgia",190417,*****,89801,1181,85792,2081,456,293,4564,320,118,140,3640,1105,6046,1993,1013,551,5033,1944
1600000US1342425,1342425,"Johns Creek city, Georgia",77207,35,50249,3867,8687,3870,216,268,14553,2465,155,260,726,763,2621,1289,300,321,2321,1297
1600000US1349000,1349000,"Macon city, Georgia",91524,669,29541,3080,57757,3380,0,300,615,540,0,300,1691,1599,1920,1163,0,300,1920,1163
1600000US1367284,1367284,"Roswell city, Georgia",88908,37,69336,4077,7849,2748,215,348,5101,2369,0,300,5594,3761,813,553,163,268,650,486
1600000US1368516,1368516,"Sandy Springs city, Georgia",94441,26,61707,4644,20673,4274,232,280,6007,2076,80,131,5457,2933,285,370,0,300,285,370
1600000US1369000,1369000,"Savannah city, Georgia",136651,38,57811,3408,72566,3443,210,306,4044,1129,0,300,662,536,1358,939,590,742,768,496
1600000US1380508,1380508,"Warner Robins city, Georgia",66757,231,36541,2717,23719,2895,0,300,442,405,0,300,2550,1771,3505,1413,495,625,3010,1337
1600000US1571550,1571550,"Urban Honolulu CDP, Hawaii",338909,11382,60569,5432,4765,1576,512,388,193098,9588,25401,4847,2399,1334,52165,5893,1562,892,50603,5762
1600000US1608830,1608830,"Boise City city, Idaho",206286,32,186771,2195,3610,1194,1295,515,7254,1832,319,372,1916,1340,5121,1377,355,299,4766,1381
1600000US1656260,1656260,"Nampa city, Idaho",81781,34,71525,2335,490,380,2653,1127,765,658,0,267,3712,1720,2636,950,726,530,1910,759
1600000US1702154,1702154,"Arlington Heights village, Illinois",77009,2063,64574,2955,1883,1286,537,866,7485,2524,0,267,1654,1673,876,687,71,118,805,677
1600000US1703012,1703012,"Aurora city, Illinois",193582,6636,107964,8293,21814,4399,268,254,12176,3627,152,237,45561,8369,5647,2163,1809,1114,3838,1875
1600000US1706613,1706613,"Bloomington city, Illinois",76730,25,59206,1959,8355,1549,57,92,5605,1090,0,267,1209,987,2298,1236,333,472,1965,1086
1600000US1707133,1707133,"Bolingbrook village, Illinois",73027,3475,43905,4367,14008,3766,832,1239,8232,2495,0,267,4377,2468,1673,1008,418,672,1255,652
1600000US1712385,1712385,"Champaign city, Illinois",81164,42,58814,3162,10123,2100,90,104,9973,2748,0,267,1033,761,1131,635,21,53,1110,620
1600000US1714000,1714000,"Chicago city, Illinois",2698831,46,1256175,17931,905799,11899,6513,1983,149897,8421,661,503,332758,17071,47028,5753,10638,2939,36390,4834
1600000US1714351,1714351,"Cicero town, Illinois",84002,33,25526,4526,4138,2134,775,732,206,341,328,502,50404,4993,2625,1214,992,509,1633,1179
1600000US1718823,1718823,"Decatur city, Illinois",76268,2617,53946,2748,18294,923,0,267,708,453,0,267,458,447,2862,1240,175,233,2687,1231
1600000US1723074,1723074,"Elgin city, Illinois",108273,3511,75566,5638,8854,2856,83,137,5969,2141,0,267,15418,4460,2383,954,1225,789,1158,522
1600000US1724582,1724582,"Evanston city, Illinois",74549,70,52205,3649,10096,2830,0,267,7815,2542,0,267,1418,1272,3015,1188,318,267,2697,1174
1600000US1738570,1738570,"Joliet city, Illinois",150856,4905,105971,5692,25783,3745,90,113,3155,1545,149,248,11577,3934,4131,2099,1307,918,2824,1777
1600000US1751622,1751622,"Naperville city, Illinois",141483,1427,106244,4303,6612,2010,213,296,22825,3439,609,817,1367,1410,3613,1401,413,374,3200,1371
1600000US1757225,1757225,"Palatine village, Illinois",68596,29,55060,2890,2264,1242,145,235,7968,2399,0,267,1893,1637,1266,865,313,519,953,695
1600000US1759000,1759000,"Peoria city, Illinois",114966,1653,75686,2912,30459,2310,65,105,4558,800,0,267,1270,930,2928,1061,298,483,2630,976
1600000US1765000,1765000,"Rockford city, Illinois",152220,2382,104852,3249,34253,2034,447,399,4465,1296,79,134,3340,1351,4784,1640,149,256,4635,1597
1600000US1768003,1768003,"Schaumburg village, Illinois",73279,2120,55674,3953,1204,847,24,40,12584,2907,0,267,1808,1987,1985,1206,280,272,1705,1103
1600000US1770122,1770122,"Skokie village, Illinois",64861,27,41832,3782,4913,2206,0,267,15978,3725,0,267,1178,781,960,608,71,118,889,598
1600000US1772000,1772000,"Springfield city, Illinois",116188,261,89535,1754,21229,1626,260,228,2458,694,0,267,305,487,2401,1305,153,278,2248,1399
1600000US1779293,1779293,"Waukegan city, Illinois",87729,3969,34329,4603,15384,2959,613,577,3150,1211,0,267,31765,5472,2488,1577,493,487,1995,1496
1600000US1805860,1805860,"Bloomington city, Indiana",81096,2373,67643,2503,2845,835,183,258,7408,783,0,267,789,675,2228,805,67,113,2161,803
1600000US1810342,1810342,"Carmel city, Indiana",79447,1319,67858,2348,1942,1107,109,134,7170,1788,0,267,362,533,2006,1196,240,354,1766,1199
1600000US1822000,1822000,"Evansville city, Indiana",115833,2830,96195,2537,14631,1634,177,188,468,356,0,267,1472,938,2890,1055,51,108,2839,1029
1600000US1825000,1825000,"Fort Wayne city, Indiana",253696,4094,189969,4881,39416,2454,1158,481,6945,1325,191,318,7854,2088,8163,1924,940,447,7223,1939
1600000US1827000,1827000,"Gary city, Indiana",80840,562,9208,2166,67301,2625,217,165,84,146,195,310,2501,1435,1334,657,379,374,955,512
1600000US1831000,1831000,"Hammond city, Indiana",80812,60,43149,4198,17952,2875,0,267,1122,762,0,267,15674,3558,2915,977,437,454,2478,875
1600000US1836003,1836003,"Indianapolis city (balance), Indiana",824199,3852,523449,5902,228180,3985,2468,1271,17546,1450,0,267,31298,5053,21258,3079,3019,1301,18239,2883
1600000US1840788,1840788,"Lafayette city, Indiana",65261,2865,55554,3374,3672,1347,42,74,2152,1006,0,267,1862,1156,1979,916,577,573,1402,820
1600000US1851876,1851876,"Muncie city, Indiana",68651,1257,57634,1391,6433,1132,303,235,1017,414,0,267,558,415,2706,1077,0,267,2706,1077
1600000US1871000,1871000,"South Bend city, Indiana",107072,3142,70036,3566,28539,2075,1193,560,837,673,82,146,3132,1424,3253,1192,407,464,2846,1125
1600000US1912000,1912000,"Cedar Rapids city, Iowa",126498,37,111335,1401,8851,1580,251,223,2039,799,0,228,1792,1167,2230,994,0,228,2230,994
1600000US1919000,1919000,"Davenport city, Iowa",100068,58,80942,1558,11770,1477,382,345,1816,696,0,228,978,697,4180,1651,306,294,3874,1580
1600000US1921000,1921000,"Des Moines city, Iowa",204196,68,160303,3303,20188,2211,1431,985,9190,1744,83,136,6237,2682,6764,1804,534,542,6230,1806
1600000US1938595,1938595,"Iowa City city, Iowa",68027,28,56192,2134,4122,1473,150,200,4524,1105,97,158,1242,1223,1700,790,0,228,1700,790
1600000US1973335,1973335,"Sioux City city, Iowa",82378,1949,65021,2439,3357,1072,1905,690,2666,184,0,228,7376,2072,2053,926,446,548,1607,735
1600000US1982425,1982425,"Waterloo city, Iowa",68472,27,55078,1526,10275,1304,136,92,634,611,0,228,1030,951,1319,633,48,91,1271,622
1600000US2036000,2036000,"Kansas City city, Kansas",147798,2121,91880,3249,40232,1051,982,573,3896,562,0,248,6203,2270,4605,1676,1515,1239,3090,1146
1600000US2038900,2038900,"Lawrence city, Kansas",92718,2554,75514,2724,4054,890,2879,893,3869,561,0,248,1165,675,5237,1348,460,422,4777,1427
1600000US2052575,2052575,"Olathe city, Kansas",126256,46,107388,3185,6096,2089,220,368,8003,2384,0,248,470,415,4079,1199,51,86,4028,1192
1600000US2053775,2053775,"Overland Park city, Kansas",173909,45,147761,3649,7822,2398,852,598,10367,2103,0,248,2403,1434,4704,1700,391,294,4313,1715
1600000US2071000,2071000,"Topeka city, Kansas",127727,37,93763,2020,14463,1519,1707,964,2176,407,0,248,9516,2096,6102,1756,661,538,5441,1636
1600000US2079000,2079000,"Wichita city, Kansas",383142,62,280244,5138,43114,2169,3678,1109,19522,1215,46,77,18423,4648,18115,2950,2654,1613,15461,2641
1600000US2146027,2146027,"Lexington-Fayette urban county, Kentucky",296765,*****,226025,2397,40708,1824,837,374,9693,693,240,323,10570,2478,8692,2084,1115,705,7577,1913
1600000US2148006,2148006,"Louisville/Jefferson County metro government (balance), Kentucky",598230,101,431593,4070,136025,3969,1263,870,12831,1797,184,212,3511,1527,12823,2662,984,729,11839,2861
1600000US2205000,2205000,"Baton Rouge city, Louisiana",229859,50,90411,4992,124218,4910,281,225,7517,1509,0,281,3415,1721,4017,1264,825,579,3192,1133
1600000US2239475,2239475,"Kenner city, Louisiana",66681,32,47778,3916,11896,2677,961,693,1131,880,0,281,3992,2186,923,416,142,168,781,392
1600000US2240735,2240735,"Lafayette city, Louisiana",120871,34,81262,3380,35170,3356,214,228,3051,741,0,281,43,89,1131,611,214,232,917,559
1600000US2241155,2241155,"Lake Charles city, Louisiana",72163,29,35590,2445,33077,2387,690,613,1604,459,181,326,58,96,963,506,255,302,708,425
1600000US2250115,2250115,"Metairie CDP, Louisiana",132938,7730,105695,6064,14784,3134,1296,1286,4984,1879,0,281,4825,2756,1354,716,406,514,948,498
1600000US2255000,2255000,"New Orleans city, Louisiana",347858,*****,114660,1615,207696,2358,1536,979,9420,853,217,345,6708,2041,7621,2194,1061,560,6560,2174
1600000US2270000,2270000,"Shreveport city, Louisiana",198934,1160,82885,3713,106185,4068,646,328,2742,568,1248,1928,2732,1236,2496,885,581,368,1915,809
1600000US2360545,2360545,"Portland city, Maine",66150,30,57349,1975,3863,1346,0,230,3651,1293,0,230,395,366,892,524,156,183,736,493
1600000US2404000,2404000,"Baltimore city, Maryland",620583,*****,188657,2792,392953,2887,2389,1527,14284,1423,202,186,7149,2647,14949,3688,589,487,14360,3649
1600000US2419125,2419125,"Columbia CDP, Maryland",102239,6279,56043,4910,28593,3921,170,197,11439,2469,0,289,2969,2042,3025,1356,238,267,2787,1312
1600000US2430325,2430325,"Frederick city, Maryland",65439,28,44870,3053,10231,2001,1128,1417,4549,1667,621,963,1518,780,2522,1623,56,105,2466,1595
1600000US2432025,2432025,"Germantown CDP, Maryland",83372,6948,40313,4914,20247,4646,644,1018,15610,3428,0,289,2312,1376,4246,1709,747,611,3499,1622
1600000US2472450,2472450,"Silver Spring CDP, Maryland",76534,6478,33514,4473,21388,3808,1445,2095,5140,1643,0,289,12037,4891,3010,1128,790,722,2220,940
1600000US2481175,2481175,"Waldorf CDP, Maryland",68961,4766,27501,2997,35805,4397,127,155,1905,1160,0,289,858,647,2765,1485,147,183,2618,1475
1600000US2507000,2507000,"Boston city, Massachusetts",621383,2359,336981,5785,154711,3970,1516,973,56760,1961,133,160,41967,4989,29315,4775,7068,2503,22247,4226
1600000US2509000,2509000,"Brockton city, Massachusetts",93973,25,45903,2978,36204,3253,520,586,1459,1057,0,285,5168,1605,4719,1393,861,613,3858,1367
1600000US2511000,2511000,"Cambridge city, Massachusetts",105337,28,70927,4156,11420,3142,185,178,16128,3546,0,285,2045,1150,4632,1472,518,429,4114,1389
1600000US2523000,2523000,"Fall River city, Massachusetts",88894,57,81754,1815,1981,1282,236,381,1303,715,0,285,2197,1043,1423,627,349,366,1074,569
1600000US2524960,2524960,"Framingham CDP, Massachusetts",68461,52,51280,3111,7023,2604,121,201,4623,2211,0,285,3399,1601,2015,1119,679,558,1336,814
1600000US2534550,2534550,"Lawrence city, Massachusetts",76526,34,23734,3387,2832,1200,631,453,2667,1428,0,285,41729,4191,4933,2057,1778,929,3155,1694
1600000US2537000,2537000,"Lowell city, Massachusetts",106730,33,62246,4435,4802,1990,0,285,25035,4099,0,285,12186,3203,2461,1124,1464,875,997,645
1600000US2537490,2537490,"Lynn city, Massachusetts",90511,27,62912,4045,10353,2216,90,138,6347,1954,0,285,7256,2581,3553,1418,364,243,3189,1383
1600000US2545000,2545000,"New Bedford city, Massachusetts",95138,43,73561,3498,6152,2203,339,250,1047,976,76,122,9047,2434,4916,1370,2000,827,2916,1111
1600000US2545560,2545560,"Newton city, Massachusetts",85302,28,68423,3461,1352,681,0,285,12386,3016,0,285,1126,1205,2015,1089,207,198,1808,1018
1600000US2555745,2555745,"Quincy city, Massachusetts",92486,27,64038,3534,6831,2377,242,224,19409,3162,0,285,259,324,1707,1026,99,164,1608,1009
1600000US2562535,2562535,"Somerville city, Massachusetts",75900,25,59215,3261,5545,2314,658,941,5104,1631,0,285,2416,1435,2962,1182,566,594,2396,1073
1600000US2567000,2567000,"Springfield city, Massachusetts",153115,41,76259,5068,34312,2563,634,950,4581,1399,0,285,30595,4828,6734,1823,1844,1137,4890,1586
1600000US2582000,2582000,"Worcester city, Massachusetts",181264,28,139498,4836,19451,3405,500,444,10610,1992,0,285,5032,1964,6173,2541,1314,924,4859,2267
1600000US2603000,2603000,"Ann Arbor city, Michigan",114101,47,83795,2978,8363,2356,342,296,13896,2027,0,244,1537,684,6168,1844,1234,824,4934,1603
1600000US2621000,2621000,"Dearborn city, Michigan",97895,41,87265,2832,3028,1938,29,48,2447,1090,63,156,1438,1300,3625,1370,638,452,2987,1447
1600000US2622000,2622000,"Detroit city, Michigan",711910,89,77423,6811,589659,5951,2799,1340,6549,1956,34,57,20782,4464,14664,3564,1205,973,13459,3461
1600000US2627440,2627440,"Farmington Hills city, Michigan",79768,56,52956,3523,14557,2720,134,178,8341,2475,63,119,934,557,2783,1682,419,365,2364,1623
1600000US2629000,2629000,"Flint city, Michigan",102231,26,42661,3293,53285,3240,686,509,368,261,0,244,305,263,4926,1366,289,247,4637,1409
1600000US2634000,2634000,"Grand Rapids city, Michigan",188214,35,127354,4314,42866,3761,1723,858,3695,1277,0,244,4785,1835,7791,2319,322,360,7469,2296
1600000US2642160,2642160,"Kalamazoo city, Michigan",74382,33,55494,2475,14506,2261,601,680,1565,887,0,244,463,270,1753,891,125,206,1628,888
1600000US2646000,2646000,"Lansing city, Michigan",114017,1245,68437,2796,27106,2306,934,470,3978,1404,0,244,4848,1610,8714,1707,591,322,8123,1772
1600000US2649000,2649000,"Livonia city, Michigan",96684,26,89398,2386,2721,1915,269,219,2505,1130,0,244,205,210,1586,983,43,74,1543,979
1600000US2669035,2669035,"Rochester Hills city, Michigan",71022,48,58935,2370,4576,2184,186,296,6169,1764,0,244,142,195,1014,708,191,195,823,683
1600000US2674900,2674900,"Southfield city, Michigan",71785,35,19799,2733,49339,2918,0,244,1199,763,0,244,180,216,1268,631,122,140,1146,606
1600000US2676460,2676460,"Sterling Heights city, Michigan",129734,40,114417,3075,4919,2255,39,65,6524,2205,0,244,384,448,3451,1180,996,713,2455,925
1600000US2684000,2684000,"Warren city, Michigan",134075,32,103177,3801,18860,3074,75,93,8300,2202,0,244,1230,1108,2433,1098,87,98,2346,1079
1600000US2686000,2686000,"Westland city, Michigan",83860,35,62054,3420,16392,3407,694,900,2930,1377,0,244,249,313,1541,948,0,244,1541,948
1600000US2688940,2688940,"Wyoming city, Michigan",72209,49,59455,2434,3958,1526,345,286,3896,1477,0,244,1818,968,2737,1263,580,483,2157,1084
1600000US2706616,2706616,"Bloomington city, Minnesota",83054,30,68456,3205,4948,1671,451,571,6221,2566,0,211,372,350,2606,882,500,396,2106,801
1600000US2707966,2707966,"Brooklyn Park city, Minnesota",75936,34,40055,4340,16310,3502,0,211,13145,3756,0,211,2121,1712,4305,1893,585,514,3720,1710
1600000US2717000,2717000,"Duluth city, Minnesota",86230,30,79251,919,2559,735,1381,701,1044,444,0,211,146,173,1849,840,0,211,1849,840
1600000US2743000,2743000,"Minneapolis city, Minnesota",383280,46,265661,6003,64583,4950,6447,1798,21484,3695,190,240,9155,3067,15760,2885,1444,765,14316,2861
1600000US2751730,2751730,"Plymouth city, Minnesota",70710,26,59956,2473,4345,1718,551,553,3539,1375,40,69,1036,1358,1243,555,0,211,1243,555
1600000US2754880,2754880,"Rochester city, Minnesota",106963,29,89095,1205,6127,1311,87,103,6633,1039,72,118,1125,972,3824,1457,312,430,3512,1421
1600000US2756896,2756896,"St. Cloud city, Minnesota",65885,2303,57090,2487,4858,1188,764,420,1586,460,0,211,142,143,1445,899,0,211,1445,899
1600000US2758000,2758000,"St. Paul city, Minnesota",285439,39,180332,5161,42639,2905,2209,748,42225,3657,50,88,4345,1858,13639,3636,865,685,12774,3596
1600000US2829700,2829700,"Gulfport city, Mississippi",68042,28,40601,2693,23958,2810,474,419,982,799,0,287,1001,853,1026,690,0,287,1026,690
1600000US2915670,2915670,"Columbia city, Missouri",108872,41,86064,2260,11492,1810,247,245,6034,728,172,288,1831,1136,3032,1215,537,564,2495,1167
1600000US2935000,2935000,"Independence city, Missouri",117027,36,97679,4516,9287,3613,574,414,1783,1139,99,118,4426,3097,3179,1211,508,530,2671,1103
1600000US2938000,2938000,"Kansas City city, Missouri",460665,152,269743,5316,139811,5243,1978,733,10263,1675,1099,973,21485,3993,16286,2976,2290,1232,13996,2801
1600000US2941348,2941348,"Lee's Summit city, Missouri",91229,776,80781,2584,4985,1912,0,259,2456,1392,519,677,414,577,2074,1141,180,213,1894,1117
1600000US2964082,2964082,"St. Charles city, Missouri",65993,34,58635,2177,5011,1946,78,101,495,393,0,259,720,707,1054,653,176,222,878,622
1600000US2964550,2964550,"St. Joseph city, Missouri",74853,1840,65251,2138,5559,982,299,140,662,658,0,259,1331,1036,1751,910,46,75,1705,907
1600000US2965000,2965000,"St. Louis city, Missouri",319156,*****,143898,839,157759,1867,535,384,8717,942,0,259,910,543,7337,2421,491,581,6846,2367
1600000US2970000,2970000,"Springfield city, Missouri",159643,44,141427,2061,5931,1673,1178,745,3077,573,0,259,1819,1100,6211,1446,230,173,5981,1446
1600000US3006550,3006550,"Billings city, Montana",104491,26,93662,1515,743,283,5018,1262,1289,189,0,237,1748,1212,2031,1040,52,83,1979,1022
1600000US3050200,3050200,"Missoula city, Montana",66905,21,62353,932,357,432,2145,742,638,380,101,168,118,146,1193,595,114,200,1079,550
1600000US3128000,3128000,"Lincoln city, Nebraska",259041,19,229073,1373,9540,2355,1453,611,10604,510,1216,1822,1099,748,6056,1572,428,323,5628,1526
1600000US3137000,3137000,"Omaha city, Nebraska",410269,45,316463,4336,55287,3038,3539,1094,8397,2149,244,342,11612,3147,14727,3340,1550,958,13177,3270
1600000US3223770,3223770,"Enterprise CDP, Nevada",118697,9743,68582,7680,11988,3943,817,473,22043,4960,2168,1657,5245,2439,7854,2506,496,440,7358,2413
1600000US3231900,3231900,"Henderson city, Nevada",258138,61,204576,6269,15542,4093,1180,838,21362,3757,1836,1610,5827,2079,7815,2110,1599,755,6216,1938
1600000US3240000,3240000,"Las Vegas city, Nevada",584641,61,401776,10508,61508,5238,3075,1382,38210,4396,3680,1860,49438,7824,26954,5329,5988,2331,20966,4486
1600000US3251800,3251800,"North Las Vegas city, Nevada",217304,49,112571,8137,49844,6550,1032,694,16015,3369,775,542,27085,5588,9982,2892,1548,884,8434,2666
1600000US3254600,3254600,"Paradise CDP, Nevada",215586,10637,151348,9868,20915,4428,794,454,15726,3098,2832,2168,14931,3932,9040,2701,1552,844,7488,2455
1600000US3260600,3260600,"Reno city, Nevada",225818,34,185581,3746,7039,1601,2709,1026,13313,2484,427,393,7823,2625,8926,2332,1125,616,7801,2103
1600000US3268400,3268400,"Sparks city, Nevada",90504,32,71527,3630,2027,1043,997,680,6647,2445,179,210,5478,2925,3649,1194,764,742,2885,1032
1600000US3268585,3268585,"Spring Valley CDP, Nevada",179830,9537,120508,8737,13126,3169,725,499,28832,4823,2151,2000,8959,4066,5529,1653,269,178,5260,1638
1600000US3271400,3271400,"Sunrise Manor CDP, Nevada",185286,10703,115903,9664,19168,3731,612,591,11180,2647,448,380,31565,6671,6410,1851,1013,451,5397,1801
1600000US3345140,3345140,"Manchester city, New Hampshire",109655,26,91985,3257,4887,1137,386,537,5473,1584,0,257,4384,2638,2540,890,453,555,2087,703
1600000US3350260,3350260,"Nashua city, New Hampshire",86570,24,76255,2445,1240,683,93,154,5176,1342,0,257,2111,1617,1695,1171,54,85,1641,1168
1600000US3410000,3410000,"Camden city, New Jersey",77331,31,10637,2498,35046,3459,780,789,962,651,0,281,25914,3610,3992,1676,2100,1019,1892,1341
1600000US3413690,3413690,"Clifton city, New Jersey",84249,36,56608,4901,3072,1346,0,281,7573,1925,0,281,15062,4579,1934,992,1034,712,900,694
1600000US3421000,3421000,"Elizabeth city, New Jersey",125222,56,65810,5410,23378,3957,104,102,2775,1286,0,281,30426,5029,2729,1577,994,916,1735,1266
1600000US3436000,3436000,"Jersey City city, New Jersey",248005,40,82432,5146,64987,3179,606,315,58578,3929,0,281,33115,6004,8287,2167,3848,1749,4439,1328
1600000US3451000,3451000,"Newark city, New Jersey",277232,35,71202,7115,145187,4946,2141,1071,4440,1514,40,67,23862,5121,30360,5754,4430,1632,25930,5740
1600000US3456550,3456550,"Passaic city, New Jersey",69870,22,26278,4217,3992,1581,159,277,851,751,0,281,37127,3914,1463,1247,427,373,1036,1165
1600000US3457000,3457000,"Paterson city, New Jersey",146377,40,78946,4971,47809,3475,495,488,6969,2273,0,281,9131,2698,3027,1645,967,737,2060,1484
1600000US3473110,3473110,"Toms River CDP, New Jersey",89390,820,80875,2338,1752,1078,0,281,4150,1581,0,281,1428,1218,1185,684,0,281,1185,684
1600000US3474000,3474000,"Trenton city, New Jersey",85015,63,25851,4034,42990,3556,591,159,1054,712,0,281,11923,3747,2606,1173,1110,755,1496,1159
1600000US3474630,3474630,"Union City city, New Jersey",66560,26,40014,4344,2260,1056,291,293,3289,2012,0,281,18526,4255,2180,797,1677,674,503,415
1600000US3502000,3502000,"Albuquerque city, New Mexico",547585,69,383124,8971,18601,1419,21924,2944,13884,1461,0,285,85857,8920,24195,3226,10334,2479,13861,2667
1600000US3539380,3539380,"Las Cruces city, New Mexico",98239,43,88302,2362,1461,715,1621,859,1112,709,0,285,3564,1415,2179,908,967,612,1212,724
1600000US3563460,3563460,"Rio Rancho city, New Mexico",87954,85,72721,2461,3083,741,3224,1386,1354,668,180,282,4626,1655,2766,1062,927,696,1839,818
1600000US3570500,3570500,"Santa Fe city, New Mexico",68157,28,59885,1946,440,243,207,206,910,562,0,285,3148,1307,3567,1503,1202,890,2365,1244
1600000US3601000,3601000,"Albany city, New York",97737,31,53959,3204,32791,2600,484,323,4340,1418,0,275,2086,936,4077,2076,1091,757,2986,1990
1600000US3611000,3611000,"Buffalo city, New York",261210,40,135264,5775,99988,4242,1496,883,9856,2397,104,174,7729,2561,6773,2030,958,895,5815,1876
1600000US3615000,3615000,"Cheektowaga CDP, New York",75018,3145,66784,3600,5273,2304,539,458,497,522,0,275,657,560,1268,1352,0,275,1268,1352
1600000US3649121,3649121,"Mount Vernon city, New York",67397,26,19132,3113,42215,3494,131,163,699,574,0,275,2377,1807,2843,1583,280,356,2563,1545
1600000US3650617,3650617,"New Rochelle city, New York",77177,28,52066,4064,14247,3313,62,106,1645,1017,0,275,5089,2433,4068,2241,179,148,3889,2239
1600000US3651000,3651000,"New York city, New York",8184899,*****,3649022,22905,2048482,13989,33179,4114,1046126,7417,3883,1084,1148513,22906,255694,11462,90732,6367,164962,10750
1600000US3663000,3663000,"Rochester city, New York",210595,58,91654,3918,89317,4198,1252,558,7322,1820,0,275,11865,2994,9185,2027,2296,1288,6889,1703
1600000US3665508,3665508,"Schenectady city, New York",66202,23,41228,1982,15116,1404,534,330,3699,896,0,275,3265,1545,2360,1003,395,335,1965,966
1600000US3673000,3673000,"Syracuse city, New York",145216,33,83806,3569,41947,3288,416,327,6848,1385,49,83,5784,2150,6366,1982,679,353,5687,1922
1600000US3684000,3684000,"Yonkers city, New York",196277,39,100977,5837,34687,4329,133,187,13724,2788,0,275,39652,5847,7104,2137,2793,1257,4311,1675
1600000US3702140,3702140,"Asheville city, North Carolina",83570,25,70885,2619,9521,2297,299,242,871,500,35,66,697,630,1262,596,376,403,886,474
1600000US3710740,3710740,"Cary town, North Carolina",135418,360,97806,4904,8588,2970,326,381,16327,2380,0,289,8203,3722,4168,2031,1456,1455,2712,1165
1600000US3712000,3712000,"Charlotte city, North Carolina",734418,91,390251,7489,255557,5330,4135,1393,37416,2349,152,244,29339,5561,17568,3286,2973,1502,14595,3291
1600000US3714100,3714100,"Concord city, North Carolina",79330,41,62458,2959,11007,2581,120,181,2340,806,54,89,2212,1876,1139,832,82,138,1057,810
1600000US3719000,3719000,"Durham city, North Carolina",229029,34,98538,3494,90408,3038,178,162,10035,1412,65,105,23553,3480,6252,1558,187,183,6065,1542
1600000US3722920,3722920,"Fayetteville city, North Carolina",201077,32,94939,4453,81367,4572,1187,684,4931,1160,402,640,6191,2316,12060,2778,1000,677,11060,2557
1600000US3725580,3725580,"Gastonia city, North Carolina",71782,27,43977,2989,18545,2301,187,191,2220,660,0,289,4498,1675,2355,933,308,279,2047,913
1600000US3728000,3728000,"Greensboro city, North Carolina",270357,41,142079,5809,102102,4841,626,337,10772,2183,0,289,6568,3410,8210,2150,1001,771,7209,2072
1600000US3728080,3728080,"Greenville city, North Carolina",84879,25,49147,2717,30358,2604,0,289,2037,531,0,289,1594,1091,1743,772,230,288,1513,686
1600000US3731400,3731400,"High Point city, North Carolina",103672,1724,51098,4360,39885,4059,739,586,7075,1903,0,289,2434,2029,2441,1004,374,422,2067,961
1600000US3734200,3734200,"Jacksonville city, North Carolina",70705,47,50339,2829,13465,2486,386,514,2734,724,224,236,1422,981,2135,1035,658,647,1477,764
1600000US3755000,3755000,"Raleigh city, North Carolina",406609,748,252036,8000,117594,7199,1600,903,16276,3065,112,130,11144,3651,7847,2150,1572,1245,6275,1825
1600000US3774440,3774440,"Wilmington city, North Carolina",106819,34,80402,2793,22036,2677,118,194,1207,962,0,289,2174,1210,882,622,0,289,882,622
1600000US3775000,3775000,"Winston-Salem city, North Carolina",230044,35,126631,4691,78481,4231,403,401,5347,1165,130,158,12737,4175,6315,2477,1483,915,4832,2407
1600000US3825700,3825700,"Fargo city, North Dakota",106600,2285,97724,2547,1890,803,1182,430,2809,880,0,211,698,374,2297,1140,439,480,1858,864
1600000US3901000,3901000,"Akron city, Ohio",199030,29,123870,3814,60946,4281,130,164,4567,1662,0,269,641,551,8876,2338,291,361,8585,2326
1600000US3912000,3912000,"Canton city, Ohio",72958,28,48310,1990,19757,2510,106,187,200,231,0,269,333,248,4252,1982,385,357,3867,1796
1600000US3915000,3915000,"Cincinnati city, Ohio",296907,46,146964,5533,132993,5907,1348,626,5938,1346,0,269,2895,2126,6769,1882,120,140,6649,1913
1600000US3916000,3916000,"Cleveland city, Ohio",396240,52,158119,6853,211256,6922,1867,848,5547,1283,49,83,7647,2102,11755,2500,2251,1265,9504,2201
1600000US3918000,3918000,"Columbus city, Ohio",789939,3041,495942,7808,219996,7820,1510,851,35529,2790,304,451,12966,3264,23692,3753,1604,878,22088,3694
1600000US3921000,3921000,"Dayton city, Ohio",141501,33,74803,3248,61522,3001,230,238,1231,915,0,269,1218,942,2497,866,117,204,2380,849
1600000US3944856,3944856,"Lorain city, Ohio",64128,48,38152,2894,15018,2022,240,310,974,792,0,269,5181,1848,4563,1304,2217,1260,2346,1524
1600000US3961000,3961000,"Parma city, Ohio",81481,23,76126,1690,1290,734,55,92,882,614,0,269,1067,1026,2061,1370,978,1255,1083,723
1600000US3977000,3977000,"Toledo city, Ohio",286979,39,188690,3638,76463,3295,696,362,3237,1097,441,397,6092,2159,11360,2765,1608,953,9752,2495
1600000US3988000,3988000,"Youngstown city, Ohio",66835,20,33272,2004,29847,2085,49,85,938,657,0,269,1212,813,1517,875,133,184,1384,825
1600000US4009050,4009050,"Broken Arrow city, Oklahoma",98523,2754,81635,3871,3099,1278,3761,1376,1957,1073,0,253,701,544,7370,2374,578,482,6792,2326
1600000US4023200,4023200,"Edmond city, Oklahoma",81696,32,65612,2425,6272,2057,1431,623,4817,1529,0,253,439,500,3125,1027,43,69,3082,1035
1600000US4041850,4041850,"Lawton city, Oklahoma",97832,24,58023,1816,20720,1498,4863,1161,2839,503,786,253,2062,1059,8539,2087,1525,1229,7014,1783
1600000US4052500,4052500,"Norman city, Oklahoma",111398,45,90353,2477,3668,1073,4774,1477,3718,1174,79,131,1291,839,7515,1891,186,185,7329,1873
1600000US4055000,4055000,"Oklahoma City city, Oklahoma",582278,213,384072,7173,86539,4425,17743,3025,20415,2335,747,173,30887,4661,41875,5817,3762,1627,38113,5851
1600000US4075000,4075000,"Tulsa city, Oklahoma",393577,1516,263536,5344,62671,2763,16702,2748,9757,1446,357,336,17664,3911,22890,3398,2130,916,20760,3278
1600000US4105350,4105350,"Beaverton city, Oregon",90150,33,68438,3548,1561,766,242,267,11200,2860,0,277,4512,2867,4197,1581,1505,1349,2692,872
1600000US4105800,4105800,"Bend city, Oregon",76723,29,72202,1474,465,311,298,308,1195,546,0,277,1216,1069,1347,873,226,325,1121,788
1600000US4123850,4123850,"Eugene city, Oregon",156299,27,136241,2735,2286,575,325,305,6483,965,342,437,3109,2050,7513,1637,432,336,7081,1622
1600000US4131250,4131250,"Gresham city, Oregon",105973,39,88530,4667,3924,1856,1113,843,4537,1878,241,298,4965,3791,2663,1006,109,184,2554,962
1600000US4134100,4134100,"Hillsboro city, Oregon",91954,35,60448,5022,1849,926,2493,1869,5941,1929,167,344,17259,5364,3797,1336,424,405,3373,1215
1600000US4147000,4147000,"Medford city, Oregon",75007,30,69148,1731,290,325,869,763,586,347,0,277,1365,885,2749,1261,334,281,2415,1155
1600000US4159000,4159000,"Portland city, Oregon",585429,1106,445947,6013,38867,3429,4486,1138,43399,3687,3510,836,25925,6073,23295,4223,2944,1389,20351,3911
1600000US4164900,4164900,"Salem city, Oregon",155004,53,122679,5226,2132,867,2016,882,4749,1149,2273,956,13766,4482,7389,2280,2009,1373,5380,1492
1600000US4202000,4202000,"Allentown city, Pennsylvania",118240,30,81330,4322,14313,2804,910,717,1800,1010,0,246,14646,3930,5241,1741,1695,1175,3546,1203
1600000US4206088,4206088,"Bethlehem city, Pennsylvania",75233,3221,58926,3977,5284,1538,273,415,2259,1062,0,246,6004,2071,2487,1166,705,561,1782,1096
1600000US4224000,4224000,"Erie city, Pennsylvania",101821,30,79269,1802,16855,2056,68,123,1405,917,0,246,1354,928,2870,1360,556,566,2314,1193
1600000US4260000,4260000,"Philadelphia city, Pennsylvania",1528306,*****,634294,6329,668961,5507,4659,1208,97916,2664,224,269,84753,7145,37499,6711,9291,3493,28208,4995
1600000US4261000,4261000,"Pittsburgh city, Pennsylvania",305759,33,207892,4593,72516,4897,391,429,12342,2419,43,71,1694,839,10881,2645,291,268,10590,2654
1600000US4263624,4263624,"Reading city, Pennsylvania",88175,30,47806,3547,10070,2010,456,458,947,616,0,246,23329,3540,5567,2190,2548,1458,3019,1670
1600000US4269000,4269000,"Scranton city, Pennsylvania",76068,23,66279,1958,4058,1295,132,147,1936,1350,190,314,1823,1256,1650,1193,369,617,1281,976
1600000US4419180,4419180,"Cranston city, Rhode Island",80424,50,69996,2888,4390,2266,153,68,2789,1259,0,291,1541,1067,1555,894,62,105,1493,915
1600000US4454640,4454640,"Pawtucket city, Rhode Island",71204,37,43175,3817,15314,3279,0,291,820,560,0,291,9492,3078,2403,1003,1186,761,1217,652
1600000US4459000,4459000,"Providence city, Rhode Island",178162,45,86887,5356,23338,4073,747,576,11663,2934,488,470,46814,5707,8225,1795,2541,1028,5684,1575
1600000US4474300,4474300,"Warwick city, Rhode Island",82643,21,76413,1629,981,492,170,232,2967,1033,0,291,1007,910,1105,730,309,529,796,562
1600000US4513330,4513330,"Charleston city, South Carolina",119834,2017,85657,4088,30599,3418,0,296,1259,763,238,387,254,223,1827,905,76,126,1751,873
1600000US4516000,4516000,"Columbia city, South Carolina",129139,137,68035,4834,53725,4578,134,156,3265,844,498,566,1006,657,2476,1352,193,217,2283,1360
1600000US4550875,4550875,"North Charleston city, South Carolina",95548,3059,42831,4412,43624,3262,126,174,884,769,0,296,5342,2721,2741,1039,308,369,2433,1067
1600000US4652980,4652980,"Rapid City city, South Dakota",68221,20,57534,1638,828,525,6770,1597,243,395,0,223,184,187,2662,837,456,400,2206,815
1600000US4659020,4659020,"Sioux Falls city, South Dakota",153959,1878,134156,2626,6776,786,4199,586,3507,828,0,223,3150,1515,2171,1060,47,78,2124,1061
1600000US4714000,4714000,"Chattanooga city, Tennessee",168075,40,99043,3987,57097,3511,773,624,4165,1590,0,287,4655,1936,2342,1173,60,110,2282,1158
1600000US4715160,4715160,"Clarksville city, Tennessee",133669,42,90168,1966,30823,2015,1290,896,3348,482,96,164,1688,1111,6256,1999,400,395,5856,1921
1600000US4737640,4737640,"Jackson city, Tennessee",65279,18,30541,1618,32456,1677,37,69,510,432,290,484,0,287,1445,1127,855,982,590,445
1600000US4740000,4740000,"Knoxville city, Tennessee",179226,33,136322,3135,33164,2753,294,413,2780,785,0,287,2404,1591,4262,1451,459,446,3803,1362
1600000US4748000,4748000,"Memphis city, Tennessee",647870,74,192392,6500,413002,6157,2047,1346,9532,2002,44,72,20571,4570,10282,3127,2474,1986,7808,2410
1600000US4751560,4751560,"Murfreesboro city, Tennessee",109220,33,82878,3206,18068,3215,1174,1213,4065,1298,0,287,1550,1250,1485,662,255,340,1230,569
1600000US4752006,4752006,"Nashville-Davidson metropolitan government (balance), Tennessee",602618,32,370668,4775,171881,2174,1196,1184,17104,1880,0,287,26171,4814,15598,2689,2136,1229,13462,2500
1600000US4801000,4801000,"Abilene city, Texas",119688,3437,96443,3332,11710,1002,475,347,1270,541,37,66,4095,1456,5658,2075,2495,1861,3163,1079
1600000US4801924,4801924,"Allen city, Texas",84888,46,63437,3566,8714,3143,782,692,9184,2745,0,294,510,414,2261,1123,1258,887,1003,765
1600000US4803000,4803000,"Amarillo city, Texas",194161,2599,162264,3403,13717,945,941,430,5589,944,406,572,5309,1546,5935,1852,2267,1164,3668,1468
1600000US4804000,4804000,"Arlington city, Texas",367185,51,238985,8890,70154,7358,941,518,24122,3665,152,263,23831,5822,9000,2588,1929,1251,7071,2200
1600000US4804462,4804462,"Atascocita CDP, Texas",71245,7242,49722,6858,14875,4931,262,399,2168,1317,0,294,3143,1695,1075,821,328,375,747,687
1600000US4805000,4805000,"Austin city, Texas",795518,62,567292,10953,63504,4485,4010,1708,46891,4211,268,306,92694,9252,20859,3795,6249,1806,14610,3507
1600000US4806128,4806128,"Baytown city, Texas",72418,1926,46964,4526,12100,3724,931,866,862,738,0,294,10597,3736,964,725,150,251,814,678
1600000US4807000,4807000,"Beaumont city, Texas",118355,28,49101,3498,53747,3038,235,221,3600,1402,63,109,8277,2648,3332,1555,1087,941,2245,1272
1600000US4810768,4810768,"Brownsville city, Texas",175831,73,163125,3081,344,349,263,402,1409,1064,0,294,9653,2807,1037,547,705,454,332,311
1600000US4810912,4810912,"Bryan city, Texas",76541,21,52888,3435,14675,1905,359,305,430,470,0,294,6477,2801,1712,876,691,631,1021,599
1600000US4813024,4813024,"Carrollton city, Texas",119759,42,85106,4794,11045,3923,1329,936,14774,2771,184,298,2890,1316,4431,1720,725,706,3706,1551
1600000US4815976,4815976,"College Station city, Texas",94246,22,73355,2039,6093,1828,307,215,8823,1018,112,190,2966,1437,2590,1052,393,326,2197,1041
1600000US4817000,4817000,"Corpus Christi city, Texas",305442,26,264705,3417,13415,1232,625,347,5287,741,375,633,12489,2809,8546,2450,2424,1198,6122,2072
1600000US4819000,4819000,"Dallas city, Texas",1202797,263,641183,16865,296743,13902,4567,1667,34216,4306,397,262,199698,13273,25993,4596,5781,2037,20212,4113
1600000US4819972,4819972,"Denton city, Texas",114100,34,86670,3910,13055,2930,322,333,5681,1944,0,294,2871,1176,5501,2082,1645,1396,3856,1570
1600000US4822660,4822660,"Edinburg city, Texas",77613,36,69024,2420,1649,754,408,485,1520,771,0,294,3600,1515,1412,1038,757,908,655,607
1600000US4824000,4824000,"El Paso city, Texas",652113,69,520798,9246,22264,2195,4054,1132,7400,993,137,160,85186,8298,12274,1944,5895,1636,6379,1258
1600000US4827000,4827000,"Fort Worth city, Texas",744114,1809,466299,13075,143169,6721,4386,1323,26996,3355,137,153,88581,10663,14546,2944,3879,1546,10667,2467
1600000US4827684,4827684,"Frisco city, Texas",117839,62,87340,4724,10593,3180,323,293,10281,2574,116,208,3158,1887,6028,2314,461,491,5567,2260
1600000US4829000,4829000,"Garland city, Texas",227604,187,106681,7981,33003,5491,591,354,18857,3457,307,232,56121,8244,12044,3614,3779,1743,8265,2836
1600000US4830464,4830464,"Grand Prairie city, Texas",176090,44,111491,6351,27946,5117,887,504,15281,3058,0,294,16850,4957,3635,1495,1893,1007,1742,1052
1600000US4832372,4832372,"Harlingen city, Texas",65124,60,59349,2308,1003,697,0,294,1340,1040,0,294,2679,1984,753,507,504,429,249,272
1600000US4835000,4835000,"Houston city, Texas",2107208,880,1193414,18650,500359,12691,10314,3737,131075,8935,740,800,240834,17152,30472,4223,10579,2796,19893,3312
1600000US4837000,4837000,"Irving city, Texas",217139,36,142813,6406,24989,4500,906,608,28266,3842,118,139,14405,4114,5642,1872,793,515,4849,1859
1600000US4839148,4839148,"Killeen city, Texas",129070,71,67667,4200,41429,3443,273,296,5353,1353,912,517,3771,1357,9665,2442,808,496,8857,2381
1600000US4841464,4841464,"Laredo city, Texas",237244,4406,221509,5562,321,290,610,711,2123,635,0,294,11101,3037,1580,1041,826,690,754,781
1600000US4841980,4841980,"League City city, Texas",83848,898,70839,2948,6267,2219,0,294,3321,1663,0,294,896,700,2525,1135,422,347,2103,1056
1600000US4842508,4842508,"Lewisville city, Texas",95691,440,72492,3718,7598,2141,209,273,7135,2479,111,196,4203,2792,3943,1602,64,108,3879,1574
1600000US4843888,4843888,"Longview city, Texas",80238,647,55478,3274,18406,1838,764,635,843,786,0,294,4489,2644,258,230,0,294,258,230
1600000US4845000,4845000,"Lubbock city, Texas",230734,37,175848,4719,18848,1452,1045,487,6239,515,102,142,22744,4779,5908,1404,2100,907,3808,1019
1600000US4845384,4845384,"McAllen city, Texas",130767,28,114817,2530,2067,1044,414,457,4061,1216,0,294,8017,2110,1391,881,994,840,397,351
1600000US4845744,4845744,"McKinney city, Texas",132147,90,109721,4017,11306,3001,287,249,4190,1836,0,294,3357,1691,3286,1614,601,583,2685,1470
1600000US4847892,4847892,"Mesquite city, Texas",140293,61,87271,7009,36714,6883,392,355,4642,2270,0,294,6122,2333,5152,2052,1709,1522,3443,1454
1600000US4848072,4848072,"Midland city, Texas",111238,32,93333,2603,8589,614,607,259,1668,372,0,294,5146,1971,1895,1301,589,354,1306,1225
1600000US4848804,4848804,"Missouri City city, Texas",69052,3019,29238,4374,27474,4462,495,597,8181,2313,0,294,2303,1475,1361,1044,79,132,1282,1041
1600000US4852356,4852356,"North Richland Hills city, Texas",63656,40,53646,2674,1987,1264,33,55,2770,1509,0,294,3418,2046,1802,1336,471,477,1331,1261
1600000US4853388,4853388,"Odessa city, Texas",99554,598,81677,2855,6083,758,1815,2478,478,476,61,109,4982,2185,4458,1647,1359,937,3099,1526
1600000US4856000,4856000,"Pasadena city, Texas",149722,52,100372,6903,4750,2110,1389,1236,3539,1495,0,294,37314,6920,2358,1161,939,530,1419,1076
1600000US4856348,4856348,"Pearland city, Texas",90811,1334,61479,4445,13047,3494,296,400,12802,2158,53,86,926,613,2208,1206,428,326,1780,1120
1600000US4858016,4858016,"Plano city, Texas",261697,1469,180649,5807,18883,3823,1521,689,45010,4683,271,290,6955,2711,8408,2103,1180,689,7228,1991
1600000US4861796,4861796,"Richardson city, Texas",99721,39,66108,5348,8046,2818,972,940,15751,3505,0,294,5711,3609,3133,1638,328,438,2805,1606
1600000US4863500,4863500,"Round Rock city, Texas",102441,1449,86133,2551,6623,2211,811,424,2464,1269,155,195,2477,1107,3778,1626,435,346,3343,1592
1600000US4864472,4864472,"San Angelo city, Texas",93804,2621,80476,2640,4445,614,168,182,1108,458,330,440,5286,1487,1991,805,982,591,1009,610
1600000US4865000,4865000,"San Antonio city, Texas",1334359,97,1013972,13581,83132,4737,12549,3315,29928,2692,1099,663,162141,13139,31538,4005,10717,2170,20821,3459
1600000US4870808,4870808,"Sugar Land city, Texas",79472,41,42146,3898,5745,3341,236,297,28597,3558,0,294,933,937,1815,1030,813,774,1002,524
1600000US4872176,4872176,"Temple city, Texas",66686,34,47703,2999,12820,2809,0,294,1429,928,17,29,3531,1729,1186,717,337,327,849,645
1600000US4872656,4872656,"The Woodlands CDP, Texas",92076,5717,81376,5212,1085,789,197,164,4936,1221,0,294,1336,1105,3146,1540,192,230,2954,1540
1600000US4874144,4874144,"Tyler city, Texas",97271,42,69500,3028,21652,2625,79,143,1319,694,0,294,2897,1282,1824,1317,498,576,1326,1212
1600000US4876000,4876000,"Waco city, Texas",125410,89,90902,2918,25393,2386,1055,727,1832,650,0,294,3957,1716,2271,821,690,498,1581,740
1600000US4879000,4879000,"Wichita Falls city, Texas",104699,22,82781,1450,14110,646,793,520,2837,425,0,294,2497,1293,1681,819,440,389,1241,700
1600000US4943660,4943660,"Layton city, Utah",67612,30,62076,1635,671,404,795,889,1033,594,0,267,972,695,2065,1021,0,267,2065,1021
1600000US4955980,4955980,"Ogden city, Utah",83171,27,62362,3120,2098,1074,1273,604,1150,529,337,349,12888,2713,3063,1209,933,678,2130,1056
1600000US4957300,4957300,"Orem city, Utah",88929,21,77248,2867,564,639,392,462,1340,633,930,1161,5582,2597,2873,1441,1034,994,1839,1084
1600000US4962470,4962470,"Provo city, Utah",113196,29,97408,3314,1573,900,1654,1231,1629,898,1318,720,5625,2779,3989,1507,348,334,3641,1451
1600000US4965330,4965330,"St. George city, Utah",73078,30,66395,1784,77,108,1097,632,1113,314,393,567,2450,1256,1553,643,91,117,1462,616
1600000US4967000,4967000,"Salt Lake City city, Utah",187215,57,150286,6413,5644,2646,3276,1743,5031,1209,1675,1051,17589,5383,3714,1178,119,141,3595,1158
1600000US4982950,4982950,"West Jordan city, Utah",104145,35,94520,2971,164,275,445,478,2239,1074,1138,879,3005,1546,2634,1819,85,137,2549,1816
1600000US4983470,4983470,"West Valley City city, Utah",130026,42,101665,4707,3428,1832,1626,988,7003,2470,4214,2130,7570,2774,4520,2016,1456,1461,3064,1204
1600000US5101000,5101000,"Alexandria city, Virginia",140912,*****,89157,2890,30208,919,691,552,8203,1117,141,167,6974,2700,5538,2161,1419,1561,4119,1440
1600000US5103000,5103000,"Arlington CDP, Virginia",209457,*****,147171,3502,17623,791,1019,836,18944,1115,280,253,15136,3747,9284,1825,2671,1195,6613,1433
1600000US5114440,5114440,"Centreville CDP, Virginia",77022,7399,41636,4463,6519,3006,2930,3669,16607,4135,72,120,3489,3438,5769,2460,1749,1889,4020,1687
1600000US5116000,5116000,"Chesapeake city, Virginia",222986,*****,139675,1415,67715,1754,1319,918,7354,756,64,107,1959,1400,4900,1862,181,261,4719,1859
1600000US5121088,5121088,"Dale City CDP, Virginia",62021,6692,27857,3865,17368,4364,255,424,5124,2188,0,287,8589,3691,2828,1478,965,1052,1863,1309
1600000US5135000,5135000,"Hampton city, Virginia",137381,*****,59604,1048,69332,1360,476,397,3229,426,0,287,1532,849,3208,1295,190,201,3018,1238
1600000US5147672,5147672,"Lynchburg city, Virginia",75686,*****,48099,1134,22050,1690,47,84,2244,467,0,287,483,373,2763,1320,164,139,2599,1307
1600000US5156000,5156000,"Newport News city, Virginia",180712,*****,90783,2019,70643,2683,896,349,3694,890,1674,2102,3859,1665,9163,2159,731,639,8432,2022
1600000US5157000,5157000,"Norfolk city, Virginia",243135,*****,116707,1892,107983,1542,746,613,8352,932,884,1132,1463,1030,7000,1809,1307,850,5693,1551
1600000US5164000,5164000,"Portsmouth city, Virginia",95696,*****,39718,757,50598,1092,159,234,1245,189,0,287,1279,691,2697,1201,492,381,2205,1004
1600000US5167000,5167000,"Richmond city, Virginia",204389,*****,88900,1817,101128,1931,697,684,4811,621,0,287,2170,1671,6683,2219,184,188,6499,2207
1600000US5168000,5168000,"Roanoke city, Virginia",96967,*****,64439,855,27977,880,88,113,1124,720,0,287,649,568,2690,1189,87,143,2603,1190
1600000US5182000,5182000,"Virginia Beach city, Virginia",439172,*****,303393,2355,81771,2730,387,259,27303,1212,788,1284,4817,1755,20713,3156,1405,712,19308,3234
1600000US5303180,5303180,"Auburn city, Washington",70873,2206,48254,4139,6984,2731,889,564,6124,2059,968,971,4058,2691,3596,1360,387,380,3209,1274
1600000US5305210,5305210,"Bellevue city, Washington",122808,63,76220,3998,4077,1785,782,921,34879,3996,339,435,1646,1707,4865,1789,566,839,4299,1656
1600000US5305280,5305280,"Bellingham city, Washington",81067,34,70871,2092,1187,682,1557,810,2663,990,48,88,1871,1639,2870,1075,549,587,2321,994
1600000US5322640,5322640,"Everett city, Washington",103321,32,76215,4731,5713,1805,1133,571,7429,2603,269,440,5976,3544,6586,1911,498,491,6088,1926
1600000US5323515,5323515,"Federal Way city, Washington",89622,30,58468,4737,6379,2680,634,585,17440,3967,736,761,343,262,5622,1826,1034,844,4588,1588
1600000US5335275,5335275,"Kennewick city, Washington",74455,25,55313,2769,1115,569,648,403,1678,861,115,196,14779,2810,807,598,159,206,648,553
1600000US5335415,5335415,"Kent city, Washington",92722,50,58844,4631,7956,2742,638,554,15312,3798,2044,1422,2208,1949,5720,1919,1019,717,4701,1596
1600000US5357745,5357745,"Renton city, Washington",91259,53,42744,4752,7016,2428,482,384,16918,3994,35,59,15780,3993,8284,2442,1966,1313,6318,2159
1600000US5363000,5363000,"Seattle city, Washington",610710,77,426223,7219,49351,6027,5317,1461,89475,6908,2841,1501,9530,2416,27973,4395,1241,570,26732,4221
1600000US5367000,5367000,"Spokane city, Washington",209334,46,180843,3500,6386,2004,3681,1239,5828,1703,189,316,2701,1316,9706,2098,485,424,9221,1917
1600000US5367167,5367167,"Spokane Valley city, Washington",89927,41,82913,2404,386,343,391,262,1213,732,178,270,1304,1720,3542,1584,68,122,3474,1573
1600000US5370000,5370000,"Tacoma city, Washington",198506,44,135145,4573,22242,3969,2092,1006,16343,3307,4102,1714,5513,2645,13069,2544,537,310,12532,2539
1600000US5374060,5374060,"Vancouver city, Washington",162430,40,135664,3478,4973,1250,1058,531,6791,1897,1762,935,3736,2347,8446,2317,1913,2050,6533,1579
1600000US5380010,5380010,"Yakima city, Washington",91525,40,59381,4349,912,623,2348,1517,580,443,45,75,22319,4411,5940,1820,2176,1309,3764,1261
1600000US5502375,5502375,"Appleton city, Wisconsin",71747,2489,65231,3180,141,184,230,236,3789,2171,0,218,704,565,1652,955,189,311,1463,932
1600000US5531000,5531000,"Green Bay city, Wisconsin",104266,22,86044,2658,2878,677,3894,1276,3574,1590,0,218,1682,1084,6194,1643,845,737,5349,1520
1600000US5539225,5539225,"Kenosha city, Wisconsin",99362,20,81273,2325,9534,1491,157,154,1753,876,0,218,2985,1506,3660,1125,763,559,2897,986
1600000US5548000,5548000,"Madison city, Wisconsin",233777,56,188677,3541,18063,3006,645,367,16738,2234,0,218,2296,1397,7358,1837,982,740,6376,1853
1600000US5553000,5553000,"Milwaukee city, Wisconsin",595587,35,276773,6245,233056,5286,2633,941,23229,2568,405,147,36222,5132,23269,4558,5910,2228,17359,3717
1600000US5560500,5560500,"Oshkosh city, Wisconsin",66110,21,60454,1026,2741,706,786,315,990,690,0,218,67,157,1072,669,197,260,875,587
1600000US5566000,5566000,"Racine city, Wisconsin",78906,31,50514,2713,14472,1778,123,169,418,401,0,218,9815,2295,3564,1273,864,652,2700,1055
1600000US5584250,5584250,"Waukesha city, Wisconsin",70741,43,63602,1681,1123,871,0,218,2488,879,0,218,809,676,2719,1143,454,441,2265,1059
