GEO.id,GEO.id2,GEO.display-label,HD01_VD01,HD02_VD01,HD01_VD02,HD02_VD02,HD01_VD03,HD02_VD03,HD01_VD04,HD02_VD04,HD01_VD05,HD02_VD05,HD01_VD06,HD02_VD06,HD01_VD07,HD02_VD07,HD01_VD08,HD02_VD08,HD01_VD09,HD02_VD09,HD01_VD10,HD02_VD10
Id,Id2,Geography,Estimate; Total:,Margin of Error; Total:,Estimate; White alone,Margin of Error; White alone,Estimate; Black or African American alone,Margin of Error; Black or African American alone,Estimate; American Indian and Alaska Native alone,Margin of Error; American Indian and Alaska Native alone,Estimate; Asian alone,Margin of Error; Asian alone,Estimate; Native Hawaiian and Other Pacific Islander alone,Margin of Error; Native Hawaiian and Other Pacific Islander alone,Estimate; Some other race alone,Margin of Error; Some other race alone,Estimate; Two or more races:,Margin of Error; Two or more races:,Estimate; Two or more races: - Two races including Some other race,Margin of Error; Two or more races: - Two races including Some other race,"Estimate; Two or more races: - Two races excluding Some other race, and three or more races","Margin of Error; Two or more races: - Two races excluding Some other race, and three or more races"
1600000US0107000,0107000,"Birmingham city, Alabama",217131,8773,48429,4644,161911,7081,130,171,2041,1031,0,265,2290,1221,2330,948,84,132,2246,945
1600000US0135896,0135896,"Hoover city, Alabama",71832,5802,56964,4604,10734,3290,255,375,2928,1434,0,265,493,440,458,373,0,265,458,373
1600000US0137000,0137000,"Huntsville city, Alabama",166747,5626,104445,5003,53284,3145,604,373,3487,869,0,265,2314,1168,2613,982,140,222,2473,923
1600000US0150000,0150000,"Mobile city, Alabama",194822,7225,93981,5708,93414,5237,487,279,3557,1482,677,1059,910,570,1796,660,161,264,1635,608
1600000US0151000,0151000,"Montgomery city, Alabama",202443,3634,86957,2253,108858,2937,429,259,3306,185,173,230,743,466,1977,722,484,440,1493,576
1600000US0177256,0177256,"Tuscaloosa city, Alabama",76589,4086,41528,3502,32682,2914,61,122,771,664,0,265,1030,697,517,403,92,185,425,325
1600000US0203000,0203000,"Anchorage municipality, Alaska",278700,*****,195857,2019,15400,1807,15011,1854,16936,1555,2932,561,5625,1653,26939,3818,1441,798,25498,3821
1600000US0404720,0404720,"Avondale city, Arizona",59482,6698,39904,6238,3778,1745,316,278,1703,1152,0,291,11587,3038,2194,847,955,520,1239,661
1600000US0412000,0412000,"Chandler city, Arizona",241064,12806,195259,12547,8618,3134,2616,2013,15538,3605,498,586,12929,3575,5606,1481,1307,671,4299,1519
1600000US0427400,0427400,"Gilbert town, Arizona",171494,9003,139966,7942,4848,2287,1541,811,9140,2528,858,1001,11263,3539,3878,1350,838,714,3040,1157
1600000US0427820,0427820,"Glendale city, Arizona",236492,12116,183534,10529,8998,3067,4796,2298,8637,3012,637,574,23728,5047,6162,2063,2934,1339,3228,1591
1600000US0446000,0446000,"Mesa city, Arizona",493077,19847,415463,17221,12869,3220,7772,2321,9885,2452,779,870,33706,6455,12603,3208,2944,1281,9659,2952
1600000US0454050,0454050,"Peoria city, Arizona",150481,9350,131111,8359,3646,2130,628,461,4453,2042,110,145,7267,2658,3266,1216,1568,913,1698,758
1600000US0455000,0455000,"Phoenix city, Arizona",1429637,26808,1095197,24879,80103,6962,25357,4526,33073,4828,2952,1291,165642,14528,27313,4106,8238,2119,19075,3274
1600000US0465000,0465000,"Scottsdale city, Arizona",222275,11143,202484,10703,3558,2174,498,478,7706,2095,339,429,4714,2572,2976,954,458,349,2518,937
1600000US0471510,0471510,"Surprise city, Arizona",103402,7940,78926,6921,4660,2171,623,462,2224,1439,0,291,14534,4427,2435,964,854,582,1581,734
1600000US0473000,0473000,"Tempe city, Arizona",159765,9610,128075,9270,5600,1731,4867,1699,11071,2916,195,224,5683,1762,4274,1640,423,410,3851,1562
1600000US0477000,0477000,"Tucson city, Arizona",516084,11026,325507,9436,22699,2298,18638,3703,14602,2291,1198,184,113983,9136,19457,3346,8548,2284,10909,2401
1600000US0485540,0485540,"Yuma city, Arizona",96120,5730,64951,5239,3254,875,950,577,2112,235,0,291,22598,4348,2255,889,1107,676,1148,498
1600000US0523290,0523290,"Fayetteville city, Arkansas",63886,4301,53002,3930,4553,898,527,359,1777,918,0,257,3017,1401,1010,562,54,94,956,554
1600000US0524550,0524550,"Fort Smith city, Arkansas",82233,3246,60150,3374,7702,1013,751,430,3567,846,0,257,6605,1643,3458,1408,704,580,2754,1201
1600000US0541000,0541000,"Little Rock city, Arkansas",187535,6763,98888,4669,78516,4766,672,655,4501,881,92,112,3288,1747,1578,806,234,343,1344,717
1600000US0600562,0600562,"Alameda city, California",70208,4918,42706,3967,3920,1517,55,92,15532,3234,69,119,4645,2438,3281,1014,301,301,2980,1008
1600000US0600884,0600884,"Alhambra city, California",81693,6342,20793,3232,1623,793,45,75,42303,4993,132,228,14209,3999,2588,892,1659,805,929,461
1600000US0602000,0602000,"Anaheim city, California",344141,16637,221581,13997,9484,2603,1224,996,52236,7209,1002,896,50633,7412,7981,1853,3695,1310,4286,1342
1600000US0602252,0602252,"Antioch city, California",98330,8663,49246,4907,15687,3865,1459,1001,8194,2369,215,284,19952,6417,3577,1470,1025,826,2552,1153
1600000US0602364,0602364,"Apple Valley town, California",75075,7714,55553,7081,8348,3366,439,445,3064,1915,0,289,5186,2580,2485,1085,1015,725,1470,778
1600000US0602553,0602553,"Arden-Arcade CDP, California",90212,6635,69151,5360,6569,2436,876,1358,3755,1549,160,202,6961,2763,2740,841,207,182,2533,815
1600000US0603526,0603526,"Bakersfield city, California",306137,9557,167368,7825,23292,3699,2409,1161,17760,2475,166,278,81218,7612,13924,2666,6729,1819,7195,2163
1600000US0603666,0603666,"Baldwin Park city, California",79476,9852,17486,4084,1469,1297,1159,963,12721,3858,0,289,45993,7926,648,564,490,501,158,260
1600000US0604982,0604982,"Bellflower city, California",82792,8227,21942,3916,9246,2286,870,1066,6848,2964,499,751,41389,6724,1998,1102,1134,934,864,521
1600000US0606000,0606000,"Berkeley city, California",106230,7125,65124,5205,10369,2621,263,327,19753,2870,152,262,7089,2925,3480,973,533,452,2947,881
1600000US0608786,0608786,"Buena Park city, California",80238,7360,31823,3889,3369,1987,805,953,24575,5360,636,601,17893,5705,1137,546,600,315,537,414
1600000US0608954,0608954,"Burbank city, California",107648,7919,75387,6263,3094,1898,885,646,8602,2379,215,377,17359,5043,2106,997,1184,766,922,665
1600000US0611194,0611194,"Carlsbad city, California",95421,7677,78491,6918,670,374,148,185,8050,2360,100,169,5971,3307,1991,766,399,277,1592,706
1600000US0611530,0611530,"Carson city, California",87876,8125,19368,4482,23301,3830,501,591,22229,4454,686,891,17813,4214,3978,1978,1690,1447,2288,1303
1600000US0613014,0613014,"Chico city, California",71728,5642,61176,5579,1501,579,526,355,2103,949,172,251,2913,1122,3337,1056,148,154,3189,1047
1600000US0613210,0613210,"Chino city, California",74361,6991,37674,4765,5628,1848,1631,1018,8953,3013,127,122,18102,4248,2246,1058,947,517,1299,882
1600000US0613214,0613214,"Chino Hills city, California",77694,6199,36397,4581,4942,2822,337,467,20220,3298,159,261,12662,4210,2977,1309,936,680,2041,1128
1600000US0613392,0613392,"Chula Vista city, California",211253,10886,128465,11205,9405,2816,649,361,27222,4899,1262,771,34906,5219,9344,2188,3278,1325,6066,1731
1600000US0613588,0613588,"Citrus Heights city, California",84751,7498,70251,6234,5047,3032,645,610,3145,1717,676,665,2805,1985,2182,911,200,189,1982,877
1600000US0614218,0614218,"Clovis city, California",83083,6533,61375,5696,2144,1908,1279,874,6586,1938,281,355,7149,2633,4269,1627,1357,855,2912,1605
1600000US0615044,0615044,"Compton city, California",98435,8252,13447,4447,36852,5991,73,125,162,270,2238,1669,44715,7726,948,617,98,162,850,599
1600000US0616000,0616000,"Concord city, California",121753,8463,78024,5894,1906,1151,358,297,13713,3822,342,428,24340,5667,3070,1057,946,732,2124,1035
1600000US0616350,0616350,"Corona city, California",161998,10800,104756,9630,8139,2189,899,597,13004,3384,322,304,27997,5561,6881,2274,1888,1083,4993,1986
1600000US0616532,0616532,"Costa Mesa city, California",105169,9224,76869,6490,1616,963,516,371,11517,3338,633,619,12115,3322,1903,590,504,294,1399,575
1600000US0617918,0617918,"Daly City city, California",100237,6774,27465,5472,2937,1358,560,451,57097,5716,1472,1602,7814,2775,2892,1151,1571,863,1321,795
1600000US0619766,0619766,"Downey city, California",114742,10849,66991,7895,4628,2389,949,649,11046,3676,0,289,27589,7101,3539,1467,2392,1450,1147,715
1600000US0620802,0620802,"East Los Angeles CDP, California",127442,10851,73860,8549,393,344,379,278,1112,768,0,289,50896,7600,802,577,654,539,148,141
1600000US0621712,0621712,"El Cajon city, California",89277,7809,67685,6819,4982,2431,964,698,4920,1775,618,718,6907,2241,3201,1452,866,518,2335,1286
1600000US0622020,0622020,"Elk Grove city, California",146793,9850,62658,5327,18502,5284,322,414,40791,5192,1426,1111,16786,4901,6308,2112,875,820,5433,1858
1600000US0622230,0622230,"El Monte city, California",113605,10619,31348,4695,1367,915,956,963,28389,4478,347,507,49660,8774,1538,890,1196,753,342,462
1600000US0622804,0622804,"Escondido city, California",140252,9414,113331,8931,2879,1862,1278,674,8296,2373,305,380,9740,2448,4423,2313,887,508,3536,2018
1600000US0623182,0623182,"Fairfield city, California",108649,7410,51736,5428,14425,4024,291,273,16879,3004,1579,881,18573,4532,5166,1772,520,420,4646,1694
1600000US0624638,0624638,"Folsom city, California",69687,4811,54272,4674,4229,1099,289,286,6607,1775,44,73,2129,554,2117,911,759,515,1358,612
1600000US0624680,0624680,"Fontana city, California",175548,13501,105535,11672,18647,4596,1072,726,10852,2977,304,430,33425,5797,5713,1814,1971,1103,3742,1533
1600000US0626000,0626000,"Fremont city, California",207356,9839,79520,6408,8632,2878,1869,1689,95139,8138,1463,1026,12629,3470,8104,2665,3080,1855,5024,2156
1600000US0627000,0627000,"Fresno city, California",477468,12578,251496,10552,38183,3272,5441,2157,56940,4704,541,457,104869,8807,19998,3195,6875,1796,13123,2806
1600000US0628000,0628000,"Fullerton city, California",134851,10049,71328,6182,1742,1074,243,316,29645,6596,310,506,26592,6768,4991,1933,1905,1094,3086,1583
1600000US0629000,0629000,"Garden Grove city, California",165450,18045,66045,11120,354,324,396,609,48000,9702,327,496,46939,12126,3389,1949,2291,1798,1098,665
1600000US0630000,0630000,"Glendale city, California",192340,11283,139653,8930,2569,1228,984,716,25837,4538,491,564,19165,4494,3641,1396,1484,952,2157,915
1600000US0632548,0632548,"Hawthorne city, California",90057,9218,43292,6738,25786,4787,0,289,4774,1946,643,828,13294,3756,2268,1931,1521,1675,747,583
1600000US0633000,0633000,"Hayward city, California",129986,9565,41608,5764,18381,4429,368,248,33528,6669,2843,1654,29929,5991,3329,1055,1160,702,2169,883
1600000US0633182,0633182,"Hemet city, California",66676,7519,44475,4943,1742,797,459,343,2336,1895,131,171,15334,4559,2199,1019,1212,856,987,538
1600000US0633434,0633434,"Hesperia city, California",90534,8836,61350,6975,4081,2155,489,352,1252,761,385,427,20950,5396,2027,810,740,501,1287,690
1600000US0636000,0636000,"Huntington Beach city, California",187407,10000,145855,7415,995,458,468,342,18330,3397,421,355,16892,5817,4446,1469,954,678,3492,1291
1600000US0636448,0636448,"Indio city, California",62300,6840,30773,4782,1038,753,202,338,630,546,261,343,28135,5458,1261,825,796,723,465,415
1600000US0636546,0636546,"Inglewood city, California",129900,10971,20627,3913,52228,6341,214,250,2974,1641,0,289,50979,9356,2878,1160,951,669,1927,935
1600000US0636770,0636770,"Irvine city, California",182855,10150,103863,8527,3556,1602,228,261,64150,6453,44,75,5872,2320,5142,1980,812,377,4330,1884
1600000US0639496,0639496,"Lake Forest city, California",74796,6404,50851,5379,1842,911,62,102,10699,2588,70,123,8200,3428,3072,1045,720,455,2352,1053
1600000US0639892,0639892,"Lakewood city, California",89293,8091,45089,4955,7373,3079,143,231,17386,4549,1170,1055,13625,4053,4507,1298,1594,1038,2913,1043
1600000US0640130,0640130,"Lancaster city, California",139079,11275,80011,7990,22967,5689,716,444,4838,2033,431,501,26432,6200,3684,958,1171,600,2513,821
1600000US0641992,0641992,"Livermore city, California",74900,5465,56931,4795,1589,1198,308,303,5795,2045,284,314,7040,3204,2953,1293,1299,929,1654,876
1600000US0643000,0643000,"Long Beach city, California",466718,17464,192800,11303,64955,8213,1228,594,62090,7861,3626,2451,126561,11451,15458,2648,5616,1993,9842,1942
1600000US0644000,0644000,"Los Angeles city, California",3773846,38900,1776822,27868,364020,13292,21000,3509,391705,15071,7299,2819,1104638,33339,108362,9326,54238,7168,54124,5824
1600000US0644574,0644574,"Lynwood city, California",80147,9290,24333,4929,10610,3308,763,946,164,192,881,928,41468,7438,1928,1270,491,415,1437,1156
1600000US0646898,0646898,"Merced city, California",73667,5933,50697,5525,4409,1281,441,344,7314,2492,75,126,8415,2492,2316,1468,537,397,1779,1358
1600000US0648256,0648256,"Mission Viejo city, California",97340,7172,75281,5774,2591,1548,313,366,7968,2248,0,289,6442,2922,4745,2057,537,432,4208,1959
1600000US0648354,0648354,"Modesto city, California",204242,10564,162801,10181,7674,1939,1939,896,11776,2190,1098,672,11462,2794,7492,1978,2331,1082,5161,1663
1600000US0649270,0649270,"Moreno Valley city, California",179585,13071,69836,9315,30931,4703,537,546,14448,4040,705,931,58560,7730,4568,1313,1117,598,3451,1112
1600000US0649670,0649670,"Mountain View city, California",71518,6023,42719,4359,1173,763,268,327,16631,3173,625,715,8553,4002,1549,653,91,108,1458,654
1600000US0650076,0650076,"Murrieta city, California",90461,8476,55678,5298,4762,2100,439,410,7401,2369,419,430,13403,5918,8359,2671,4405,2201,3954,1546
1600000US0650258,0650258,"Napa city, California",77011,3815,66174,4407,766,697,980,1307,1693,797,99,168,6038,2567,1261,784,256,242,1005,695
1600000US0651182,0651182,"Newport Beach city, California",86820,6252,78012,5854,240,202,351,502,5458,2195,0,289,1540,1019,1219,696,0,289,1219,696
1600000US0652526,0652526,"Norwalk city, California",106692,9920,59479,8532,6331,3012,727,682,13165,3358,1195,1414,23688,4370,2107,911,1297,716,810,516
1600000US0653000,0653000,"Oakland city, California",377256,13173,128672,8063,114342,5455,3351,1363,58903,6839,2711,1905,55011,8203,14266,2851,3330,1327,10936,2361
1600000US0653322,0653322,"Oceanside city, California",164301,11146,99308,6208,8940,2955,1397,776,10286,2482,554,650,36342,8059,7474,2014,2549,1286,4925,1499
1600000US0653896,0653896,"Ontario city, California",155168,12373,63266,7364,14259,4083,831,899,8704,3190,216,231,60576,10040,7316,2723,4406,2331,2910,1311
1600000US0653980,0653980,"Orange city, California",133755,10362,95390,9794,1732,1271,454,372,11858,3142,117,190,19727,4901,4477,1742,1471,1039,3006,1272
1600000US0654652,0654652,"Oxnard city, California",170858,9131,91854,9113,8158,2008,1210,641,15741,3766,501,428,49482,6896,3912,1142,1346,704,2566,1002
1600000US0655156,0655156,"Palmdale city, California",143439,12093,56540,6207,23942,5278,786,659,5644,1831,1478,1379,47221,8154,7828,3270,4553,3149,3275,1192
1600000US0656000,0656000,"Pasadena city, California",144264,10805,77162,6863,17362,3490,509,443,19657,3677,0,289,25339,5578,4235,1436,1048,616,3187,1318
1600000US0657792,0657792,"Pleasanton city, California",73499,5511,47467,4368,1088,863,238,296,14953,3322,150,182,6143,3078,3460,1349,1296,1109,2164,925
1600000US0658072,0658072,"Pomona city, California",153032,11866,53948,5804,9132,3165,1108,1182,9343,2653,0,289,77271,11954,2230,968,1017,748,1213,907
1600000US0659451,0659451,"Rancho Cucamonga city, California",158006,11030,99774,8867,13492,4213,1022,556,11928,3368,747,585,23687,4392,7356,3745,2470,1204,4886,2861
1600000US0659920,0659920,"Redding city, California",89012,5446,78065,5318,1113,825,3357,1437,3123,1081,0,289,1059,632,2295,973,176,225,2119,963
1600000US0659962,0659962,"Redlands city, California",73573,7255,55911,6242,2987,1973,505,386,4357,1747,48,80,7424,2363,2341,915,670,435,1671,785
1600000US0660018,0660018,"Redondo Beach city, California",63738,5581,51328,5578,2015,1072,381,371,5541,1381,103,181,1216,740,3154,1541,214,261,2940,1521
1600000US0660102,0660102,"Redwood City city, California",78122,6422,60027,5631,3098,1437,1318,2014,5779,1789,579,618,5526,2162,1795,670,833,439,962,524
1600000US0660466,0660466,"Rialto city, California",98769,10463,58333,8726,19394,5938,1163,880,3297,2363,593,949,12809,3166,3180,1580,1993,988,1187,1005
1600000US0660620,0660620,"Richmond city, California",103022,8898,30960,4352,29375,4365,0,289,13359,3629,281,422,26933,5174,2114,857,618,440,1496,715
1600000US0662000,0662000,"Riverside city, California",311575,16328,169962,12468,20916,4275,2794,2193,19518,3765,533,527,87129,11126,10723,2846,5979,2147,4744,1732
1600000US0662938,0662938,"Roseville city, California",113590,6560,89841,5262,1203,801,1438,1525,10931,1915,231,287,6626,1866,3320,1448,1340,1295,1980,798
1600000US0664000,0664000,"Sacramento city, California",438246,14640,221262,8422,61036,6230,5502,1806,75555,6763,6180,1784,48563,6261,20148,3554,3773,1475,16375,3060
1600000US0664224,0664224,"Salinas city, California",141112,7512,90699,7616,2706,1057,940,560,8287,1900,89,116,34339,5460,4052,1519,2694,1247,1358,656
1600000US0665000,0665000,"San Bernardino city, California",210061,12238,134937,11854,33229,4975,1539,716,8246,2811,1222,920,27296,5228,3592,1263,1644,884,1948,969
1600000US0665042,0665042,"San Buenaventura (Ventura) city, California",102454,6051,72872,4766,1151,623,1110,645,3493,1330,84,109,18309,5071,5435,1833,1848,914,3587,1645
1600000US0666000,0666000,"San Diego city, California",1261251,21822,819464,18574,86503,6361,8155,1933,192482,7214,4563,1609,105685,8710,44399,4636,7702,1438,36697,4316
1600000US0667000,0667000,"San Francisco city, California",744041,*****,394265,4298,50012,1445,3067,985,236497,2011,3407,310,35151,4474,21642,2703,3445,1102,18197,2366
1600000US0668000,0668000,"San Jose city, California",916220,16588,430286,14379,26803,3284,4973,1598,279350,9604,4149,1394,138417,11947,32242,5257,10414,3087,21828,3869
1600000US0668084,0668084,"San Leandro city, California",90236,8611,38584,5988,9994,3322,351,333,22922,3979,102,181,15444,4750,2839,1220,874,732,1965,1001
1600000US0668196,0668196,"San Marcos city, California",77672,8433,56609,7372,1165,608,508,398,5986,1910,2044,1173,9572,3444,1788,867,279,226,1509,833
1600000US0668252,0668252,"San Mateo city, California",90959,5965,64473,6203,2125,1064,48,87,15304,2573,1485,1434,4852,2101,2672,780,399,288,2273,706
1600000US0669000,0669000,"Santa Ana city, California",351894,15320,217765,15077,4172,1229,1436,881,35240,5750,3114,1765,86855,10689,3312,1164,1449,803,1863,891
1600000US0669070,0669070,"Santa Barbara city, California",81305,6094,68858,6182,600,390,1257,1704,2389,798,0,289,6809,2134,1392,670,301,265,1091,597
1600000US0669084,0669084,"Santa Clara city, California",112098,8056,53751,5191,2888,1413,898,703,38597,4643,439,463,10465,3792,5060,1585,1440,832,3620,1348
1600000US0669088,0669088,"Santa Clarita city, California",158940,9970,110441,7884,3455,1426,1168,796,13654,3615,636,964,23289,5552,6297,2141,1320,607,4977,1983
1600000US0669196,0669196,"Santa Maria city, California",85016,7511,66953,7416,2505,1265,350,241,4134,1547,34,89,8030,2289,3010,1073,2083,919,927,501
1600000US0670000,0670000,"Santa Monica city, California",88244,6116,68911,5455,4060,2391,158,207,9390,2757,0,289,2866,1673,2859,1091,234,226,2625,1064
1600000US0670098,0670098,"Santa Rosa city, California",150188,7507,110671,6536,3715,1607,1079,586,7934,2118,200,324,22890,5441,3699,1070,486,302,3213,958
1600000US0672016,0672016,"Simi Valley city, California",124653,6864,96304,6197,1084,633,849,659,9230,2337,496,530,14041,3385,2649,935,1079,594,1570,653
1600000US0673080,0673080,"South Gate city, California",103378,8366,45339,6939,626,534,1230,857,679,390,0,289,54550,7038,954,896,887,887,67,111
1600000US0675000,0675000,"Stockton city, California",284418,9940,145119,8233,32299,3237,1909,845,61873,4481,1827,657,29261,5142,12130,2422,2560,1164,9570,2283
1600000US0677000,0677000,"Sunnyvale city, California",140516,9489,64339,5785,5536,2558,268,248,49764,5787,1534,1094,13932,4588,5143,2049,486,406,4657,2157
1600000US0678120,0678120,"Temecula city, California",79080,8044,53671,5996,3351,1826,844,680,6763,2491,441,492,10689,3964,3321,1652,928,656,2393,1496
1600000US0678582,0678582,"Thousand Oaks city, California",127548,6534,105012,6143,1566,1076,997,640,8907,2177,28,54,7843,3286,3195,1377,1492,1089,1703,819
1600000US0680000,0680000,"Torrance city, California",142091,8614,70740,6024,3361,1510,0,289,46854,5921,895,998,13567,4798,6674,1716,1415,777,5259,1465
1600000US0680238,0680238,"Tracy city, California",88420,9099,46976,6682,8681,3401,1395,1169,12107,3650,452,487,12783,4975,6026,1793,1008,622,5018,1911
1600000US0680812,0680812,"Turlock city, California",68568,6094,50391,5185,281,224,813,649,5639,2223,538,699,9123,3307,1783,921,639,619,1144,685
1600000US0680854,0680854,"Tustin city, California",61756,7625,33549,6077,2128,1434,90,151,13727,3631,934,1254,9742,3963,1586,873,354,357,1232,755
1600000US0681204,0681204,"Union City city, California",62749,6981,15938,3420,1923,1030,492,799,34076,5171,796,714,8091,2697,1433,831,509,554,924,558
1600000US0681344,0681344,"Upland city, California",78432,9037,40703,5288,6265,2986,134,157,3995,1929,0,289,21450,6379,5885,2594,2229,1555,3656,1832
1600000US0681554,0681554,"Vacaville city, California",87171,7298,59139,4838,8386,2161,582,411,4784,1548,455,349,7296,2692,6529,2146,850,487,5679,2044
1600000US0681666,0681666,"Vallejo city, California",116994,6285,39255,4815,27448,3907,1895,1044,29543,3316,978,690,13455,3643,4420,1459,1400,927,3020,1120
1600000US0682590,0682590,"Victorville city, California",100672,10149,57088,8118,16129,5342,1416,868,6139,2422,290,313,15343,3692,4267,1400,704,567,3563,1309
1600000US0682954,0682954,"Visalia city, California",114835,8523,93067,7852,2634,1087,653,474,7979,2244,0,289,8203,2139,2299,892,919,507,1380,725
1600000US0682996,0682996,"Vista city, California",95126,9653,64746,7336,1798,760,1383,1697,4095,1912,0,289,18674,5029,4430,1964,1304,725,3126,1824
1600000US0684200,0684200,"West Covina city, California",112809,9193,40639,5844,4550,2457,539,519,28051,5018,145,239,36686,7394,2199,1043,1461,908,738,563
1600000US0684550,0684550,"Westminster city, California",95896,9221,41979,5761,1500,1110,341,457,36328,6606,0,289,14281,5098,1467,712,884,559,583,376
1600000US0685292,0685292,"Whittier city, California",100401,8267,53156,5695,682,726,398,395,2500,1099,286,372,38926,6575,4453,2327,2761,1807,1692,1315
1600000US0686832,0686832,"Yorba Linda city, California",64226,7867,48824,6712,1216,930,0,289,10538,3511,0,289,2776,2258,872,574,425,497,447,358
1600000US0803455,0803455,"Arvada city, Colorado",103277,6412,92975,6275,1033,779,349,303,2423,1050,0,271,3415,1523,3082,1464,1488,1343,1594,802
1600000US0804000,0804000,"Aurora city, Colorado",298597,8575,205615,8112,42886,3828,2004,902,15336,4406,608,397,22834,3797,9314,2001,1409,742,7905,1858
1600000US0807850,0807850,"Boulder city, Colorado",92474,4543,79068,4256,944,509,788,439,5706,1467,0,271,4176,2414,1792,769,209,171,1583,749
1600000US0812815,0812815,"Centennial city, Colorado",103000,5963,90272,5386,3626,1679,182,217,4556,1896,0,271,1488,744,2876,1070,836,587,2040,807
1600000US0816000,0816000,"Colorado Springs city, Colorado",399452,7228,314025,6960,27273,2792,3766,1084,11063,1377,762,448,25380,3621,17183,3263,3659,1119,13524,2835
1600000US0820000,0820000,"Denver city, Colorado",566974,*****,386725,7523,56209,2149,5430,1276,17470,1079,653,89,84804,7292,15683,2869,3726,1311,11957,2549
1600000US0827425,0827425,"Fort Collins city, Colorado",135481,4481,120780,4686,1291,534,299,234,4222,742,0,271,4527,1620,4362,1404,629,434,3733,1239
1600000US0832155,0832155,"Greeley city, Colorado",93957,6007,78678,5987,156,195,610,458,2151,974,0,271,10622,3875,1740,1022,936,926,804,449
1600000US0836410,0836410,"Highlands Ranch CDP, Colorado",92924,5553,82604,5324,925,743,405,424,4680,1306,0,271,2640,1227,1670,885,366,355,1304,821
1600000US0843000,0843000,"Lakewood city, Colorado",144428,7264,115405,6465,3173,1408,1532,741,4278,1340,35,58,15898,3594,4107,1671,2062,1286,2045,879
1600000US0845970,0845970,"Longmont city, Colorado",84880,4551,69542,4626,786,757,47,78,998,558,54,96,11675,3565,1778,774,1144,741,634,444
1600000US0862000,0862000,"Pueblo city, Colorado",103937,3686,81580,3880,2867,671,1759,666,967,327,0,271,12677,2543,4087,1604,1691,813,2396,1469
1600000US0877290,0877290,"Thornton city, Colorado",111323,6585,84062,6242,1604,846,1616,1174,4233,2178,0,271,14725,3360,5083,1756,3214,1643,1869,905
1600000US0883835,0883835,"Westminster city, Colorado",104001,6847,89086,6358,943,533,823,477,7416,2488,53,92,4162,1497,1518,709,398,396,1120,601
1600000US0908000,0908000,"Bridgeport city, Connecticut",136282,9403,67105,6281,44856,4952,0,269,3607,1547,91,152,17967,3758,2656,1300,910,597,1746,1122
1600000US0918430,0918430,"Danbury city, Connecticut",78155,6700,61296,6843,4586,1987,0,269,5153,2051,129,179,5959,2440,1032,590,641,407,391,398
1600000US0937000,0937000,"Hartford city, Connecticut",119977,7711,40806,4428,44582,4437,267,237,2272,851,70,123,28443,4776,3537,1134,853,611,2684,967
1600000US0950370,0950370,"New Britain city, Connecticut",71432,6061,57497,5849,6238,2305,61,109,998,558,0,269,5998,2257,640,395,290,295,350,278
1600000US0952000,0952000,"New Haven city, Connecticut",127288,6917,54734,5469,49452,4579,153,146,6974,1924,0,269,13574,3872,2401,782,402,323,1999,807
1600000US0955990,0955990,"Norwalk city, Connecticut",78141,6279,56855,5511,9463,2441,0,269,3445,1142,50,81,7114,2594,1214,696,646,432,568,482
1600000US0973000,0973000,"Stamford city, Connecticut",118029,7748,75819,5247,17360,3848,0,269,7269,2528,0,269,15597,4245,1984,987,910,635,1074,719
1600000US0980000,0980000,"Waterbury city, Connecticut",104341,7698,65829,5916,20013,4148,267,304,1186,1388,0,269,10384,2829,6662,2442,2087,1321,4575,2041
1600000US1077580,1077580,"Wilmington city, Delaware",63752,5536,25649,2971,34408,4961,35,76,294,303,0,261,2513,1780,853,520,168,212,685,488
1600000US1150000,1150000,"Washington city, District of Columbia",581530,*****,200395,3340,322105,2958,1903,430,19827,454,203,206,28127,3566,8970,2349,1662,808,7308,2213
1600000US1207300,1207300,"Boca Raton city, Florida",74623,5820,66672,5732,1937,1373,0,300,1865,1011,174,178,2842,1794,1133,626,486,411,647,463
1600000US1207875,1207875,"Boynton Beach city, Florida",63267,6856,37191,3709,19576,4949,220,287,1016,680,0,300,4786,2539,478,321,207,266,271,192
1600000US1208150,1208150,"Brandon CDP, Florida",88657,5962,68618,5959,10040,2776,510,358,2358,1027,0,300,4467,1595,2664,1179,742,545,1922,1089
1600000US1210275,1210275,"Cape Coral city, Florida",148246,8760,131717,8303,6545,2671,633,484,2022,1146,86,144,5458,1960,1785,917,451,408,1334,841
1600000US1212875,1212875,"Clearwater city, Florida",115498,7196,95726,5788,13165,2821,356,420,3078,1210,0,300,851,538,2322,1228,404,379,1918,1075
1600000US1214400,1214400,"Coral Springs city, Florida",138021,9011,104318,7923,17460,4443,324,437,6079,2052,241,327,5825,2436,3774,1975,548,538,3226,1961
1600000US1216475,1216475,"Davie town, Florida",83422,6174,70965,5899,2992,1580,0,300,4844,1818,0,300,3173,1673,1448,676,522,463,926,492
1600000US1216725,1216725,"Deerfield Beach city, Florida",82272,8555,59606,6729,17098,4789,72,121,1070,466,0,300,2943,1622,1483,1268,917,1197,566,414
1600000US1217200,1217200,"Deltona city, Florida",82354,6279,66312,6214,7711,2807,43,71,1002,640,0,300,6135,2878,1151,779,968,746,183,177
1600000US1224000,1224000,"Fort Lauderdale city, Florida",174107,8470,102932,6702,61000,6084,780,564,2110,1101,0,300,3605,2039,3680,2039,2135,1799,1545,884
1600000US1225175,1225175,"Gainesville city, Florida",105714,4811,71839,3847,24511,3235,64,108,6411,1058,0,300,1122,613,1767,962,352,404,1415,866
1600000US1230000,1230000,"Hialeah city, Florida",209971,11785,189814,11453,8211,2871,0,300,898,701,0,300,9110,2869,1938,883,1566,854,372,318
1600000US1232000,1232000,"Hollywood city, Florida",144092,9640,108943,7904,18614,3997,473,702,3897,1896,0,300,5846,2109,6319,2740,4116,2514,2203,1028
1600000US1235000,1235000,"Jacksonville city, Florida",799875,4071,493815,5011,245230,3759,2823,649,26815,1240,484,171,15171,2975,15537,3124,2001,775,13536,3031
1600000US1236100,1236100,"Kendall CDP, Florida",78524,6451,68474,6053,3078,1494,0,300,1778,1083,0,300,4070,2593,1124,821,753,580,371,383
1600000US1238250,1238250,"Lakeland city, Florida",100502,6310,66812,5179,22206,4107,312,342,335,310,0,300,8104,2435,2733,1323,753,542,1980,1188
1600000US1239425,1239425,"Largo city, Florida",75801,5896,67077,5218,4459,2319,433,387,864,748,485,300,1384,1598,1099,466,442,293,657,423
1600000US1239925,1239925,"Lehigh Acres CDP, Florida",67863,5381,50177,5717,10608,2805,379,449,423,400,0,300,5038,1961,1238,726,699,593,539,396
1600000US1243975,1243975,"Melbourne city, Florida",76447,5462,63467,5219,6756,2181,293,286,3116,1294,0,300,1497,721,1318,883,356,381,962,797
1600000US1245000,1245000,"Miami city, Florida",358091,15199,252562,13280,80384,8450,143,174,2850,1051,210,256,17467,3903,4475,1364,2852,1078,1623,910
1600000US1245025,1245025,"Miami Beach city, Florida",84880,7064,74132,6539,1169,450,498,584,371,311,0,300,6545,1923,2165,1021,1219,886,946,593
1600000US1245060,1245060,"Miami Gardens city, Florida",90741,7199,15721,3860,69852,6645,0,300,450,400,0,300,3958,1750,760,622,208,271,552,599
1600000US1245975,1245975,"Miramar city, Florida",111881,7188,46757,5241,46857,5619,0,300,6089,1815,0,300,8426,3146,3752,1167,1722,660,2030,963
1600000US1253000,1253000,"Orlando city, Florida",220268,11154,125820,7998,60360,6948,258,255,6456,2425,43,80,22811,5104,4520,1784,628,431,3892,1720
1600000US1254000,1254000,"Palm Bay city, Florida",93419,7091,66617,6370,19634,4378,381,374,1574,898,0,300,2477,1303,2736,1183,1046,853,1690,807
1600000US1254200,1254200,"Palm Coast city, Florida",58632,4121,51003,3294,4528,1661,708,654,1157,749,0,300,421,341,815,691,217,174,598,659
1600000US1255775,1255775,"Pembroke Pines city, Florida",154942,9941,101011,7622,32941,6946,375,364,10177,2680,0,300,6431,2079,4007,1575,1959,1090,2048,1021
1600000US1257425,1257425,"Plantation city, Florida",78287,5561,57752,5052,13466,4443,308,228,2395,1202,57,95,3521,2342,788,516,708,499,80,133
1600000US1258050,1258050,"Pompano Beach city, Florida",105941,7962,71951,7246,25455,5092,242,306,557,571,0,300,4518,2032,3218,2346,2272,2068,946,634
1600000US1258715,1258715,"Port St. Lucie city, Florida",140127,5962,115281,5890,14864,2938,1046,646,3051,961,0,300,3326,1557,2559,1067,1117,578,1442,901
1600000US1263000,1263000,"St. Petersburg city, Florida",261073,10305,186647,8050,55620,4843,817,447,7644,1960,0,300,3168,1494,7177,2728,835,477,6342,2657
1600000US1268350,1268350,"Spring Hill CDP, Florida",94552,4290,87000,4327,2606,1391,460,355,909,465,405,659,1884,1743,1288,605,327,379,961,446
1600000US1269700,1269700,"Sunrise city, Florida",84887,6716,51897,4457,24746,5176,0,300,2357,1038,0,300,3359,1411,2528,1321,773,522,1755,1181
1600000US1270600,1270600,"Tallahassee city, Florida",154062,4926,88352,3509,55453,3920,544,358,4719,728,0,300,1964,945,3030,1046,453,382,2577,1009
1600000US1271000,1271000,"Tampa city, Florida",322428,12896,213631,11606,81552,6427,552,296,9610,2439,60,97,11072,2649,5951,1647,1287,735,4664,1548
1600000US1272145,1272145,"Town 'n' Country CDP, Florida",70224,5908,53400,5416,5094,1733,335,515,2817,1554,0,300,6664,2263,1914,1237,796,701,1118,997
1600000US1276582,1276582,"Weston city, Florida",68421,6109,56924,5528,2947,1644,123,154,1878,1192,0,300,4790,2538,1759,1051,859,729,900,729
1600000US1276600,1276600,"West Palm Beach city, Florida",92686,7537,55575,4927,25836,4381,345,348,2263,1262,0,300,6711,2410,1956,1794,429,433,1527,1753
1600000US1303440,1303440,"Athens-Clarke County (balance), Georgia",111290,450,72811,1679,30401,1506,543,464,4197,234,0,292,2740,1474,598,365,199,231,399,322
1600000US1304000,1304000,"Atlanta city, Georgia",442887,14200,164912,7740,246513,10375,684,389,10264,1797,206,251,16539,4661,3769,1471,154,191,3615,1450
1600000US1304204,1304204,"Augusta-Richmond County (balance), Georgia",187140,2325,75961,2157,100257,1725,390,258,2764,343,535,540,2963,954,4270,1369,978,650,3292,1313
1600000US1319000,1319000,"Columbus city, Georgia",188660,*****,89780,720,86637,1228,761,385,3469,798,313,290,3558,900,4142,1569,349,242,3793,1514
1600000US1349000,1349000,"Macon city, Georgia",91682,4154,28319,2687,60400,3656,184,203,785,466,0,292,1636,635,358,387,0,292,358,387
1600000US1367284,1367284,"Roswell city, Georgia",88465,6866,71589,6741,7175,3295,134,214,1439,825,152,257,6056,3539,1920,1046,693,822,1227,696
1600000US1368516,1368516,"Sandy Springs city, Georgia",97898,7322,74705,4884,14212,3328,121,195,3061,1597,0,292,4679,3565,1120,589,636,475,484,317
1600000US1369000,1369000,"Savannah city, Georgia",128418,5566,51097,3696,73266,4150,172,231,1985,849,164,283,636,540,1098,576,225,248,873,553
1600000US1517000,1517000,"Honolulu CDP, Hawaii",364522,13081,76476,5151,5791,2186,504,310,203707,9563,21485,4698,2332,890,54227,6273,1158,823,53069,6193
1600000US1608830,1608830,"Boise City city, Idaho",204027,6305,187822,6034,1968,851,1079,693,4747,1002,0,253,3312,1173,5099,1140,818,502,4281,1119
1600000US1656260,1656260,"Nampa city, Idaho",69536,4870,64059,4533,467,411,192,138,342,301,265,296,3099,1409,1112,440,289,213,823,385
1600000US1703012,1703012,"Aurora city, Illinois",182702,10639,118386,8916,23799,4066,144,180,9008,2822,0,261,28010,5188,3355,1205,709,532,2646,1144
1600000US1706613,1706613,"Bloomington city, Illinois",68272,3694,55109,3523,6768,1484,59,104,3711,566,0,261,1516,1433,1109,534,283,326,826,433
1600000US1707133,1707133,"Bolingbrook village, Illinois",74323,6748,36784,4320,16992,4390,92,156,5878,2059,0,261,11591,4141,2986,1797,181,217,2805,1785
1600000US1712385,1712385,"Champaign city, Illinois",72415,4229,52431,3602,9935,2019,58,102,7100,1430,75,126,1994,897,822,538,81,115,741,522
1600000US1714000,1714000,"Chicago city, Illinois",2749283,29156,1004760,20570,970244,16700,5104,1270,134837,7687,1296,851,589566,19879,43476,4899,21662,3693,21814,3255
1600000US1714351,1714351,"Cicero town, Illinois",80976,9188,25831,4352,2510,2087,0,261,527,478,0,261,50621,7822,1487,897,1438,890,49,87
1600000US1718823,1718823,"Decatur city, Illinois",77669,3031,58122,3104,16400,823,0,261,804,348,0,261,338,266,2005,842,740,350,1265,830
1600000US1723074,1723074,"Elgin city, Illinois",99430,7992,69191,8373,5933,2219,1115,1555,4721,2008,0,261,15032,4481,3438,1620,1981,1315,1457,735
1600000US1724582,1724582,"Evanston city, Illinois",68315,5443,48270,3841,11425,3014,95,145,5038,1099,0,261,2188,1192,1299,594,152,183,1147,590
1600000US1738570,1738570,"Joliet city, Illinois",144158,8714,101052,7994,21292,4076,0,261,1433,917,0,261,17255,4096,3126,2332,1896,2178,1230,917
1600000US1751622,1751622,"Naperville city, Illinois",139155,5820,111632,5180,5887,2304,123,139,18137,3495,0,261,1286,792,2090,900,775,467,1315,690
1600000US1757225,1757225,"Palatine village, Illinois",65683,5573,50303,5056,2392,2042,0,261,8086,2259,0,261,3526,2666,1376,1112,767,944,609,568
1600000US1759000,1759000,"Peoria city, Illinois",111983,3513,73643,3407,29561,1317,144,160,4112,565,220,343,2295,1162,2008,840,302,436,1706,677
1600000US1765000,1765000,"Rockford city, Illinois",149914,4952,108135,5391,28900,1900,660,486,2059,984,0,261,7389,2252,2771,1016,742,551,2029,785
1600000US1768003,1768003,"Schaumburg village, Illinois",77044,5123,61748,4836,1457,1160,99,116,10819,2113,0,261,2183,1721,738,572,0,261,738,572
1600000US1770122,1770122,"Skokie village, Illinois",73921,7118,50215,5541,4602,3139,33,57,17261,3800,0,261,1068,1020,742,646,0,261,742,646
1600000US1772000,1772000,"Springfield city, Illinois",108160,4007,83681,3831,17545,1187,98,128,2362,338,62,101,278,251,4134,1309,58,96,4076,1310
1600000US1779293,1779293,"Waukegan city, Illinois",88486,7496,57362,6142,16387,3221,0,261,2924,1651,0,261,10125,3160,1688,869,990,662,698,541
1600000US1805860,1805860,"Bloomington city, Indiana",66295,3062,56143,2844,1530,832,77,106,5713,683,0,263,739,565,2093,1132,173,160,1920,1113
1600000US1822000,1822000,"Evansville city, Indiana",117232,3465,98355,3548,14332,1085,283,163,762,483,0,263,1074,605,2426,943,107,178,2319,936
1600000US1825000,1825000,"Fort Wayne city, Indiana",252121,4892,192570,5668,38930,1574,289,210,6977,598,67,115,7498,1800,5790,1665,482,298,5308,1587
1600000US1827000,1827000,"Gary city, Indiana",85444,4753,8734,1891,72033,4355,166,180,100,124,122,195,1125,744,3164,1577,451,389,2713,1541
1600000US1831000,1831000,"Hammond city, Indiana",80344,6099,44516,3883,17537,3789,413,426,446,455,0,263,15889,3216,1543,675,1044,631,499,328
1600000US1836003,1836003,"Indianapolis city (balance), Indiana",789306,5573,523477,5612,210522,3421,1696,638,12137,1534,114,136,26599,3498,14761,2332,1701,962,13060,2210
1600000US1871000,1871000,"South Bend city, Indiana",100435,4115,64523,3922,23590,2432,498,479,2142,908,0,263,7001,2188,2681,1164,423,368,2258,1061
1600000US1912000,1912000,"Cedar Rapids city, Iowa",123944,3697,111339,3759,6329,995,192,178,3476,468,0,221,1266,700,1342,535,321,353,1021,427
1600000US1919000,1919000,"Davenport city, Iowa",97558,3279,81006,3183,9442,801,0,221,2378,682,0,221,2729,1041,2003,840,504,414,1499,585
1600000US1921000,1921000,"Des Moines city, Iowa",196857,5647,159401,6201,14672,2221,483,353,6783,1275,0,221,9332,2411,6186,1862,1320,933,4866,1508
1600000US1973335,1973335,"Sioux City city, Iowa",81456,2182,69506,2506,930,416,1034,476,1730,586,0,221,4780,1793,3476,673,63,102,3413,673
1600000US1982425,1982425,"Waterloo city, Iowa",66416,3395,53446,3300,9168,1187,383,546,542,427,50,87,1205,692,1622,772,53,88,1569,768
1600000US2036000,2036000,"Kansas City city, Kansas",142266,2458,77878,3980,40082,1334,956,365,2283,651,0,237,16596,2666,4471,1610,1496,1051,2975,1299
1600000US2038900,2038900,"Lawrence city, Kansas",88587,2160,73632,2106,4187,839,1959,500,4463,349,364,591,1610,684,2372,844,329,267,2043,766
1600000US2052575,2052575,"Olathe city, Kansas",115157,5558,96476,5594,7035,1934,92,163,3358,1307,0,237,4484,2073,3712,1125,254,273,3458,1069
1600000US2053775,2053775,"Overland Park city, Kansas",163578,6055,143167,5482,5319,1582,658,678,10079,2086,0,237,2310,959,2045,963,610,537,1435,872
1600000US2071000,2071000,"Topeka city, Kansas",116296,3897,87290,3980,14601,1259,944,614,1667,587,0,237,7600,1230,4194,1389,1368,733,2826,1192
1600000US2079000,2079000,"Wichita city, Kansas",356995,6063,263174,7153,39388,1979,2738,759,15380,1368,103,174,21387,3372,14825,2213,3207,1157,11618,1797
1600000US2146027,2146027,"Lexington-Fayette, Kentucky",270789,*****,214535,1659,37362,1397,298,216,8849,523,91,153,5255,1484,4399,1503,302,301,4097,1507
1600000US2148006,2148006,"Louisville/Jefferson County (balance), Kentucky",559526,5268,410086,5329,124627,3316,1361,579,9708,1236,276,168,5632,1907,7836,1866,664,415,7172,1834
1600000US2205000,2205000,"Baton Rouge city, Louisiana",224959,7697,90401,5487,122506,6450,508,247,8033,1386,0,267,864,733,2647,1016,283,259,2364,916
1600000US2239475,2239475,"Kenner city, Louisiana",62764,4596,40411,3853,15210,3571,485,460,2406,1516,0,267,3089,1555,1163,632,336,344,827,520
1600000US2240735,2240735,"Lafayette city, Louisiana",115860,4990,75825,3902,36511,3339,727,454,1466,750,0,267,939,787,392,571,49,82,343,562
1600000US2241155,2241155,"Lake Charles city, Louisiana",71741,4792,34872,3536,34775,3317,405,355,388,493,0,267,628,598,673,373,93,116,580,377
1600000US2250115,2250115,"Metairie CDP, Louisiana",125027,5127,109335,5430,7932,2028,374,542,4122,1396,0,267,1605,887,1659,765,420,283,1239,706
1600000US2255000,2255000,"New Orleans city, Louisiana",223388,*****,82107,1337,131441,1006,354,354,6289,412,101,166,1792,964,1304,854,361,627,943,624
1600000US2270000,2270000,"Shreveport city, Louisiana",203914,5039,87953,3446,108599,3208,929,438,2041,584,0,267,2326,853,2066,828,464,366,1602,757
1600000US2404000,2404000,"Baltimore city, Maryland",631366,*****,195030,1896,406491,2218,1279,351,12000,667,306,517,7022,2033,9238,2332,660,491,8578,2321
1600000US2419125,2419125,"Columbia CDP, Maryland",87736,5200,55880,4060,20478,3446,0,277,6615,2076,52,82,1367,708,3344,1359,392,258,2952,1294
1600000US2472450,2472450,"Silver Spring CDP, Maryland",73492,6622,34531,4172,18300,3904,167,147,6917,2825,461,755,11363,3486,1753,715,243,272,1510,695
1600000US2507000,2507000,"Boston city, Massachusetts",575187,7660,325474,7178,140819,3665,2013,492,45685,2543,382,158,45027,5670,15787,2599,3133,1272,12654,2494
1600000US2509000,2509000,"Brockton city, Massachusetts",94634,4378,47123,3963,30925,3199,236,205,2705,1410,0,277,9785,2599,3860,1713,989,649,2871,1494
1600000US2511000,2511000,"Cambridge city, Massachusetts",89804,5926,58435,4317,12059,2834,424,451,14152,2952,0,277,2684,984,2050,817,258,227,1792,803
1600000US2523000,2523000,"Fall River city, Massachusetts",91867,7060,80942,6475,2799,1530,189,235,1921,950,0,277,2890,1668,3126,2018,215,259,2911,1968
1600000US2524960,2524960,"Framingham CDP, Massachusetts",66173,5666,50847,4472,2278,1402,441,374,3131,1366,0,277,8971,3620,505,405,244,324,261,243
1600000US2534550,2534550,"Lawrence city, Massachusetts",69942,5386,20694,3046,2290,1882,138,161,1367,862,0,277,44133,4834,1320,830,855,669,465,460
1600000US2537000,2537000,"Lowell city, Massachusetts",90897,7190,61305,5495,6248,2832,0,277,11016,3063,0,277,10691,3479,1637,833,504,357,1133,725
1600000US2537490,2537490,"Lynn city, Massachusetts",85343,7551,59444,5975,10705,2922,42,76,5284,2560,0,277,7301,2874,2567,1363,126,146,2441,1329
1600000US2545000,2545000,"New Bedford city, Massachusetts",98578,6083,71995,4557,7643,2351,470,461,1186,561,0,277,13698,3248,3586,1255,1858,778,1728,905
1600000US2545560,2545560,"Newton city, Massachusetts",89918,5536,76471,4780,2500,1180,0,277,8109,2589,0,277,1551,1329,1287,576,119,157,1168,582
1600000US2555745,2555745,"Quincy city, Massachusetts",86627,5868,64154,5514,3757,1480,120,159,16908,3298,275,449,111,143,1302,761,468,509,834,536
1600000US2562535,2562535,"Somerville city, Massachusetts",65219,6381,51997,5037,2086,1120,870,717,3626,1267,524,820,4847,2635,1269,925,180,181,1089,922
1600000US2567000,2567000,"Springfield city, Massachusetts",150433,7347,78765,6399,31366,1997,263,302,3174,1485,0,277,32370,4185,4495,1476,1666,848,2829,1191
1600000US2582000,2582000,"Worcester city, Massachusetts",166199,8620,128919,7573,14003,2577,763,652,11688,2591,964,1435,7321,2531,2541,1058,761,498,1780,925
1600000US2603000,2603000,"Ann Arbor city, Michigan",112371,5736,81306,4731,7945,1819,297,249,17947,1901,0,235,1500,705,3376,852,378,290,2998,855
1600000US2613110,2613110,"Canton CDP, Michigan",92284,5984,68142,5030,6685,2178,412,305,13644,2881,0,235,1210,1128,2191,1032,0,235,2191,1032
1600000US2616510,2616510,"Clinton CDP, Michigan",90404,5421,80926,5070,6042,1870,295,252,2058,1305,0,235,360,330,723,351,43,72,680,334
1600000US2621000,2621000,"Dearborn city, Michigan",101232,8284,89984,7319,5509,3034,222,212,2538,1282,0,235,1410,1146,1569,1271,133,152,1436,1267
1600000US2622000,2622000,"Detroit city, Michigan",834116,13489,83387,8238,692952,9473,2444,974,9240,3209,0,235,35137,5877,10956,2759,1998,1490,8958,2397
1600000US2629000,2629000,"Flint city, Michigan",112524,5041,42604,4130,63346,3537,804,385,335,240,0,235,2167,1139,3268,1220,73,94,3195,1203
1600000US2634000,2634000,"Grand Rapids city, Michigan",184369,7500,124935,7046,40192,3521,1053,603,1653,850,0,235,11859,3499,4677,1449,551,384,4126,1443
1600000US2642160,2642160,"Kalamazoo city, Michigan",68290,4012,48249,3445,16275,2060,184,177,1441,777,0,235,414,271,1727,869,247,228,1480,842
1600000US2646000,2646000,"Lansing city, Michigan",110990,5098,76670,4862,21308,2288,638,396,4676,1508,0,235,3047,1253,4651,1365,759,575,3892,1234
1600000US2649000,2649000,"Livonia city, Michigan",99304,4670,93792,4529,889,634,164,155,1848,865,0,235,676,604,1935,823,271,287,1664,794
1600000US2665440,2665440,"Pontiac city, Michigan",69394,6003,23282,3838,35720,4385,614,381,1144,662,0,235,7472,2275,1162,627,610,472,552,410
1600000US2669035,2669035,"Rochester Hills city, Michigan",74884,4679,63060,4290,3819,2126,0,235,6008,1764,0,235,856,921,1141,567,192,181,949,497
1600000US2672818,2672818,"Shelby CDP, Michigan",74140,5927,68319,5831,1081,703,220,225,3303,1652,39,64,178,230,1000,555,126,190,874,573
1600000US2674900,2674900,"Southfield city, Michigan",70808,4953,21302,2967,46594,4632,0,235,1060,698,0,235,423,541,1429,850,48,83,1381,834
1600000US2676460,2676460,"Sterling Heights city, Michigan",133986,8014,116553,7666,6678,2375,409,295,7465,1927,0,235,744,777,2137,1062,288,266,1849,1074
1600000US2680700,2680700,"Troy city, Michigan",80125,3484,60766,3302,3943,1733,313,284,12789,2074,0,235,693,476,1621,814,236,335,1385,684
1600000US2684000,2684000,"Warren city, Michigan",131905,6568,108813,5497,13115,2946,236,179,6461,1998,0,235,413,346,2867,1363,0,235,2867,1363
1600000US2684220,2684220,"Waterford CDP, Michigan",68258,4155,60821,3983,2694,1381,141,165,1022,657,47,77,2239,1136,1294,619,203,328,1091,518
1600000US2685510,2685510,"West Bloomfield Township CDP, Michigan",69048,4722,58329,4363,4850,2319,0,235,5061,1390,0,235,127,157,681,390,0,235,681,390
1600000US2686000,2686000,"Westland city, Michigan",87489,5425,69984,4881,12226,3554,534,350,1809,1454,0,235,1537,842,1399,620,0,235,1399,620
1600000US2688940,2688940,"Wyoming city, Michigan",75870,5502,57317,4823,3089,1337,228,295,3070,1977,0,235,9692,3252,2474,1217,709,871,1765,790
1600000US2706616,2706616,"Bloomington city, Minnesota",81152,5017,67979,3990,5280,2279,0,208,2810,1198,0,208,3629,2429,1454,689,258,284,1196,589
1600000US2707966,2707966,"Brooklyn Park city, Minnesota",73367,5400,43435,3558,15654,3921,156,185,9356,2708,0,208,1455,1398,3311,1468,0,208,3311,1468
1600000US2717000,2717000,"Duluth city, Minnesota",86884,3756,79973,3781,2152,520,2362,557,905,442,0,208,282,355,1210,470,30,55,1180,460
1600000US2743000,2743000,"Minneapolis city, Minnesota",369051,9889,252868,9360,68722,5614,4769,1541,18221,3102,102,158,12651,3219,11718,2317,925,579,10793,2275
1600000US2751730,2751730,"Plymouth city, Minnesota",68983,4200,58687,3846,2560,1100,51,86,6188,1996,0,208,592,447,905,655,130,158,775,637
1600000US2754880,2754880,"Rochester city, Minnesota",96658,2738,82596,2775,5167,604,193,199,6531,694,141,224,574,459,1456,761,488,445,968,608
1600000US2756896,2756896,"St. Cloud city, Minnesota",62113,4121,55068,3988,4206,1389,271,222,1227,813,0,208,318,225,1023,544,0,208,1023,544
1600000US2758000,2758000,"St. Paul city, Minnesota",272217,6345,178992,6025,40021,2833,1955,716,31779,3156,0,208,10562,2295,8908,1935,1301,648,7607,1903
1600000US2829700,2829700,"Gulfport city, Mississippi",68052,5407,39050,4358,24520,3368,267,221,1543,758,0,283,1271,916,1401,1029,31,52,1370,1027
1600000US2836000,2836000,"Jackson city, Mississippi",176227,5383,39640,3569,133563,4740,288,258,1166,451,0,283,312,346,1258,781,214,341,1044,723
1600000US2915670,2915670,"Columbia city, Missouri",92935,3768,75245,3175,8595,1855,285,233,5081,629,49,81,1546,1049,2134,916,114,196,2020,900
1600000US2935000,2935000,"Independence city, Missouri",119158,6973,105778,6315,5289,1827,267,219,650,438,44,72,3589,1290,3541,1320,388,394,3153,1288
1600000US2938000,2938000,"Kansas City city, Missouri",432773,10428,264368,8898,130879,5676,1369,606,9634,2053,580,593,15747,2654,10196,2266,2307,1193,7889,1839
1600000US2941348,2941348,"Lee's Summit city, Missouri",86796,6287,75676,5393,7227,3139,68,83,1307,819,0,253,1390,1014,1128,521,0,253,1128,521
1600000US2964550,2964550,"St. Joseph city, Missouri",74059,1325,67231,1497,3474,529,384,174,250,306,26,52,735,625,1959,530,134,134,1825,525
1600000US2965000,2965000,"St. Louis city, Missouri",347181,*****,157518,1096,174296,1299,752,381,7556,201,60,98,1308,639,5691,1393,360,319,5331,1361
1600000US2970000,2970000,"Springfield city, Missouri",148793,5306,134664,5178,5420,1135,653,332,2857,619,0,253,1384,874,3815,1311,420,412,3395,1244
1600000US3006550,3006550,"Billings city, Montana",99527,3172,90028,3195,845,377,3864,1152,499,265,189,288,1736,1410,2366,868,132,170,2234,872
1600000US3128000,3128000,"Lincoln city, Nebraska",238302,3433,210749,3652,9194,665,1558,409,8788,463,32,54,4645,1267,3336,772,306,256,3030,769
1600000US3137000,3137000,"Omaha city, Nebraska",382776,5055,291584,6249,49869,2594,1703,626,9050,1056,284,314,20095,3391,10191,2076,538,305,9653,2083
1600000US3223770,3223770,"Enterprise CDP, Nevada",77306,6942,54506,5991,5311,2457,212,257,11642,2772,224,254,2952,1463,2459,956,1061,747,1398,594
1600000US3231900,3231900,"Henderson city, Nevada",228614,9909,182284,8301,10746,3276,1208,597,13805,2681,798,590,10077,2939,9696,2193,2716,1335,6980,1951
1600000US3240000,3240000,"Las Vegas city, Nevada",569753,16303,388659,14078,59833,5500,3604,1144,33061,3778,3425,1845,61442,7224,19729,4174,3691,1451,16038,4053
1600000US3251800,3251800,"North Las Vegas city, Nevada",190291,10005,122442,9494,32749,5616,835,595,11594,2710,2269,1671,13998,2857,6404,2020,815,493,5589,1985
1600000US3254600,3254600,"Paradise CDP, Nevada",197622,10545,138729,9629,16178,3625,2341,1209,15305,2660,829,583,18990,3925,5250,1393,684,433,4566,1287
1600000US3260600,3260600,"Reno city, Nevada",205327,7601,151001,5815,6737,1371,2109,894,13530,2008,471,327,25334,4647,6145,1703,940,609,5205,1658
1600000US3268400,3268400,"Sparks city, Nevada",84723,6677,63671,4835,1881,1164,2753,1449,3963,1323,0,292,10238,3576,2217,1038,561,383,1656,921
1600000US3268585,3268585,"Spring Valley CDP, Nevada",149848,8229,106385,6911,11895,3286,228,244,20432,3565,289,315,4535,1531,6084,1842,1468,835,4616,1745
1600000US3271400,3271400,"Sunrise Manor CDP, Nevada",184739,11340,124554,9768,22362,3872,768,520,10641,2459,1026,704,20052,4794,5336,1616,865,483,4471,1562
1600000US3345140,3345140,"Manchester city, New Hampshire",108720,5880,99092,5433,3670,1106,95,166,2935,1394,0,251,1384,1238,1544,787,149,234,1395,760
1600000US3350260,3350260,"Nashua city, New Hampshire",89681,5235,76437,5089,2947,1017,338,328,5108,1661,129,215,3701,2185,1021,636,408,400,613,460
1600000US3410000,3410000,"Camden city, New Jersey",73838,5313,9750,2020,37517,3807,562,506,2323,1443,0,273,21526,3527,2160,1639,943,788,1217,1204
1600000US3413690,3413690,"Clifton city, New Jersey",79349,7417,52878,5401,2388,1075,281,482,6286,2572,0,273,16307,3726,1209,749,733,617,476,451
1600000US3419390,3419390,"East Orange city, New Jersey",64060,6086,3325,1561,56799,5623,0,273,271,258,0,273,2597,2335,1068,752,352,425,716,614
1600000US3420260,3420260,"Edison CDP, New Jersey",100724,6252,49242,4468,8816,3209,439,361,36173,4511,0,273,3982,2652,2072,1447,1055,1349,1017,595
1600000US3421000,3421000,"Elizabeth city, New Jersey",129337,7800,58912,7120,26182,4789,326,404,4589,1849,472,772,36764,5492,2092,930,1320,687,772,707
1600000US3436000,3436000,"Jersey City city, New Jersey",242845,9401,82789,6687,71221,3090,500,482,45827,3783,151,249,39352,5243,3005,1322,1576,1117,1429,825
1600000US3451000,3451000,"Newark city, New Jersey",266736,10113,59018,5782,143791,8283,1282,814,4519,1588,40,67,51237,5945,6849,2220,5132,2073,1717,797
1600000US3456550,3456550,"Passaic city, New Jersey",56665,6701,21782,4128,4309,1541,0,273,4258,2088,0,273,25325,5200,991,796,389,364,602,714
1600000US3457000,3457000,"Paterson city, New Jersey",149426,6997,36302,5130,47846,2923,0,273,3099,1736,0,273,59664,6935,2515,1249,2102,1222,413,357
1600000US3473110,3473110,"Toms River CDP, New Jersey",94150,5779,83414,5608,2415,1376,0,273,4596,1502,111,169,2010,1292,1604,841,595,531,1009,629
1600000US3474000,3474000,"Trenton city, New Jersey",83581,6427,28418,4324,42744,4492,234,210,305,346,0,273,9831,3550,2049,1001,496,403,1553,908
1600000US3474630,3474630,"Union City city, New Jersey",67556,6660,51040,5683,2718,1248,54,90,631,451,0,273,11526,3273,1587,759,865,641,722,583
1600000US3502000,3502000,"Albuquerque city, New Mexico",493438,8429,321478,8580,15327,1585,25528,3299,12358,1109,282,368,96806,7940,21659,3508,14334,3285,7325,1660
1600000US3539380,3539380,"Las Cruces city, New Mexico",89162,6205,73918,6558,1659,884,1573,671,1662,922,0,279,8843,2420,1507,787,625,660,882,506
1600000US3563460,3563460,"Rio Rancho city, New Mexico",72646,2778,59456,3149,2297,305,1308,652,998,520,100,135,5835,1666,2652,1041,1054,596,1598,977
1600000US3570500,3570500,"Santa Fe city, New Mexico",62876,4026,47132,3300,254,231,1560,852,1207,378,178,262,10612,2214,1933,1003,318,268,1615,996
1600000US3601000,3601000,"Albany city, New York",88855,4376,52012,3687,27877,2672,481,319,2956,1038,0,269,3377,1137,2152,1008,70,112,2082,1000
1600000US3611000,3611000,"Buffalo city, New York",257758,7196,131416,6416,102416,3579,2147,657,4117,1675,0,269,9251,2139,8411,1679,1404,1065,7007,1509
1600000US3649121,3649121,"Mount Vernon city, New York",71188,7042,17933,3583,42092,4902,185,211,1595,1045,0,269,6973,2934,2410,1753,816,622,1594,1439
1600000US3650617,3650617,"New Rochelle city, New York",72735,6780,47723,4839,12076,2838,0,269,3628,1290,0,269,8969,3245,339,400,199,329,140,229
1600000US3651000,3651000,"New York city, New York",8214426,*****,3604789,19886,2062095,13082,23196,3447,963295,5461,2270,979,1397702,21551,161079,10257,66764,6507,94315,6924
1600000US3663000,3663000,"Rochester city, New York",204963,6837,100000,6138,82868,3700,690,484,6036,1492,104,123,8947,2119,6318,1713,873,529,5445,1720
1600000US3673000,3673000,"Syracuse city, New York",139131,5576,84242,4888,39001,2817,1265,514,7628,1710,0,269,868,444,6127,2082,436,380,5691,2090
1600000US3684000,3684000,"Yonkers city, New York",198871,8239,115798,7304,36484,4366,408,313,10063,3043,0,269,33857,5110,2261,1016,1474,879,787,454
1600000US3702140,3702140,"Asheville city, North Carolina",83019,5024,67014,5031,12304,2164,188,284,1487,596,52,92,867,786,1107,526,85,143,1022,533
1600000US3710740,3710740,"Cary town, North Carolina",111337,7082,84793,5541,10209,3688,75,128,9152,2196,56,93,4859,2321,2193,929,198,207,1995,878
1600000US3712000,3712000,"Charlotte city, North Carolina",648387,8298,354679,8264,223244,4839,3366,928,26901,2055,54,90,28840,4936,11303,2665,1145,679,10158,2511
1600000US3719000,3719000,"Durham city, North Carolina",201204,4705,85028,3451,83721,3148,480,449,9034,1073,241,280,19214,2809,3486,1223,638,578,2848,1117
1600000US3722920,3722920,"Fayetteville city, North Carolina",164261,6649,71216,4059,77010,5191,1748,744,3642,997,618,261,3522,1158,6505,2158,555,403,5950,2175
1600000US3725580,3725580,"Gastonia city, North Carolina",70447,4368,46055,3719,16617,2567,0,281,847,487,151,263,5951,2007,826,549,229,347,597,443
1600000US3728000,3728000,"Greensboro city, North Carolina",230026,7155,123069,4651,84022,4412,1701,506,7765,2409,408,639,8985,2207,4076,1116,642,515,3434,968
1600000US3728080,3728080,"Greenville city, North Carolina",71211,4714,43083,3066,23801,3084,114,193,1519,337,0,281,1480,848,1214,1078,0,281,1214,1078
1600000US3731400,3731400,"High Point city, North Carolina",92275,6546,50662,4971,33581,4239,0,281,4988,2383,0,281,2714,1471,330,245,62,105,268,223
1600000US3734200,3734200,"Jacksonville city, North Carolina",67280,4133,42975,3128,15764,1907,323,367,1933,819,453,466,2794,873,3038,1306,632,357,2406,1279
1600000US3755000,3755000,"Raleigh city, North Carolina",346358,9895,207012,7491,97299,6045,1465,550,14816,2890,0,281,21508,4798,4258,1214,704,521,3554,995
1600000US3774440,3774440,"Wilmington city, North Carolina",95518,4512,70869,3778,20103,2299,530,319,570,393,79,142,2492,1360,875,618,67,110,808,626
1600000US3775000,3775000,"Winston-Salem city, North Carolina",196406,6377,100509,4703,71852,3293,698,479,3046,693,0,281,18376,3179,1925,870,700,600,1225,655
1600000US3825700,3825700,"Fargo city, North Dakota",90193,3702,83456,3522,2444,306,1057,650,1529,406,47,96,697,622,963,658,92,159,871,618
1600000US3901000,3901000,"Akron city, Ohio",197950,7429,126659,6311,60794,3756,1052,411,4558,1415,0,261,2176,1357,2711,997,0,261,2711,997
1600000US3912000,3912000,"Canton city, Ohio",76096,5909,57537,4906,15270,2676,156,138,0,261,0,261,656,615,2477,1050,0,261,2477,1050
1600000US3915000,3915000,"Cincinnati city, Ohio",302616,8884,152580,7567,134179,6446,158,207,4726,1232,95,160,3429,1399,7449,2321,719,372,6730,2278
1600000US3916000,3916000,"Cleveland city, Ohio",406427,10677,155575,7404,216421,8161,1132,448,6942,1779,0,261,16906,3195,9451,2251,3135,1536,6316,1660
1600000US3918000,3918000,"Columbus city, Ohio",718477,10349,464241,10122,198261,5016,1377,574,30645,3054,0,261,9730,2941,14223,2149,1367,745,12856,2031
1600000US3921000,3921000,"Dayton city, Ohio",151153,7665,82701,5744,64056,5144,398,246,974,588,0,261,1028,1025,1996,1058,0,261,1996,1058
1600000US3944856,3944856,"Lorain city, Ohio",70881,5098,47999,5320,11517,2320,435,465,643,485,0,261,5820,2407,4467,1698,1352,777,3115,1556
1600000US3961000,3961000,"Parma city, Ohio",84925,5068,81646,5053,1124,837,186,186,993,738,0,261,500,548,476,387,0,261,476,387
1600000US3977000,3977000,"Toledo city, Ohio",292584,5348,193622,5476,77397,2004,978,510,4561,692,0,261,9470,2123,6556,1433,2313,1042,4243,1231
1600000US3988000,3988000,"Youngstown city, Ohio",70459,3696,34707,3518,31862,2397,255,207,215,226,43,70,1293,721,2084,1113,426,377,1658,1093
1600000US4009050,4009050,"Broken Arrow city, Oklahoma",92098,4958,74994,4598,3189,1237,5412,1590,1885,1041,75,131,2096,1014,4447,1270,367,327,4080,1227
1600000US4023200,4023200,"Edmond city, Oklahoma",76673,4391,67951,4411,2907,1018,1173,628,2499,969,0,244,252,252,1891,868,222,201,1669,810
1600000US4041850,4041850,"Lawton city, Oklahoma",90851,2302,53963,2328,19819,1636,4551,653,1879,491,639,918,4151,1044,5849,1882,903,538,4946,1957
1600000US4052500,4052500,"Norman city, Oklahoma",97288,5011,80311,4498,4827,2000,2984,1115,4054,1265,417,476,942,509,3753,1029,608,481,3145,865
1600000US4055000,4055000,"Oklahoma City city, Oklahoma",543524,8945,368586,8324,76336,5038,15373,2355,21593,2539,258,223,24190,3812,37188,5306,2043,919,35145,5203
1600000US4075000,4075000,"Tulsa city, Oklahoma",381780,6785,260855,6989,64700,2951,14051,1852,5636,1384,164,159,15832,3266,20542,3550,1218,555,19324,3637
1600000US4105350,4105350,"Beaverton city, Oregon",80758,6733,58447,4745,1276,940,882,623,9541,2870,491,521,8396,3271,1725,955,0,269,1725,955
1600000US4105800,4105800,"Bend city, Oregon",70853,4760,66189,4684,90,149,1021,749,849,393,0,269,883,680,1821,746,63,85,1758,739
1600000US4123850,4123850,"Eugene city, Oregon",145374,6569,123912,6057,2676,998,3150,2178,7678,1373,192,236,2267,1054,5499,1741,1062,544,4437,1632
1600000US4131250,4131250,"Gresham city, Oregon",98025,6820,80007,5437,3054,1961,3984,2862,4601,1930,475,698,3341,1798,2563,1117,590,760,1973,934
1600000US4134100,4134100,"Hillsboro city, Oregon",90754,7153,70002,6371,2015,2169,2301,2103,6958,1977,124,197,6341,2719,3013,1762,392,656,2621,1627
1600000US4147000,4147000,"Medford city, Oregon",74090,4934,68124,4720,726,462,752,521,943,740,0,269,507,434,3038,1342,0,269,3038,1342
1600000US4159000,4159000,"Portland city, Oregon",539950,7789,421842,6991,35534,2285,7170,2251,37993,2424,2001,846,18085,3673,17325,2442,1530,704,15795,2360
1600000US4164900,4164900,"Salem city, Oregon",148311,7799,123641,7164,2502,1265,5276,2384,5243,1440,362,518,6320,2122,4967,1296,1048,656,3919,1145
1600000US4202000,4202000,"Allentown city, Pennsylvania",113127,5758,72503,4903,9440,2009,241,373,3012,1402,0,240,24458,3349,3473,1343,1170,680,2303,1238
1600000US4206088,4206088,"Bethlehem city, Pennsylvania",72535,4230,55393,3245,3751,1383,99,168,1796,1164,0,240,9253,2358,2243,786,1130,510,1113,580
1600000US4224000,4224000,"Erie city, Pennsylvania",105725,4776,83372,4502,15822,1210,0,240,550,433,336,461,3201,1290,2444,987,85,152,2359,958
1600000US4260000,4260000,"Philadelphia city, Pennsylvania",1448394,*****,605796,6180,642013,3944,3698,717,77265,1867,488,406,95958,6986,23176,3700,6178,2283,16998,3122
1600000US4261000,4261000,"Pittsburgh city, Pennsylvania",297061,10013,199833,7440,78037,5700,463,413,9188,1928,255,184,2893,1140,6392,1836,52,83,6340,1831
1600000US4263624,4263624,"Reading city, Pennsylvania",83463,4266,40680,3871,10220,2168,90,93,1513,953,0,240,28094,2952,2866,1306,1708,1013,1158,722
1600000US4269000,4269000,"Scranton city, Pennsylvania",72313,3916,67088,3890,2326,944,0,240,1205,588,0,240,1141,726,553,485,35,67,518,480
1600000US4419180,4419180,"Cranston city, Rhode Island",74127,5640,64855,6104,1206,435,121,115,2841,1098,0,281,3681,1712,1423,559,589,503,834,358
1600000US4454640,4454640,"Pawtucket city, Rhode Island",76396,6061,51959,4689,9014,2456,13,25,2586,1739,0,281,10482,3062,2342,967,925,559,1417,888
1600000US4459000,4459000,"Providence city, Rhode Island",170435,6935,77430,4896,27942,4376,1565,756,10008,2022,0,281,46962,5938,6528,2092,1296,654,5232,2005
1600000US4513330,4513330,"Charleston city, South Carolina",99997,5822,65199,4480,31367,4181,204,157,781,519,161,273,1233,878,1052,649,0,283,1052,649
1600000US4516000,4516000,"Columbia city, South Carolina",115575,5461,58995,3441,48567,4373,178,212,4118,1313,166,274,1503,848,2048,816,313,291,1735,673
1600000US4550875,4550875,"North Charleston city, South Carolina",89638,6348,36572,4792,46071,4563,73,116,2140,1007,0,283,3436,1440,1346,882,78,103,1268,919
1600000US4659020,4659020,"Sioux Falls city, South Dakota",141074,3049,125472,3178,3640,1269,3074,632,1823,527,0,216,4249,1893,2816,1308,407,632,2409,1122
1600000US4714000,4714000,"Chattanooga city, Tennessee",151944,6236,91179,5387,53677,2572,315,228,2200,888,0,279,1382,727,3191,1466,67,80,3124,1468
1600000US4715160,4715160,"Clarksville city, Tennessee",111317,3578,75582,3732,26944,1937,766,383,2759,676,130,207,1253,699,3883,1739,1288,1225,2595,1306
1600000US4740000,4740000,"Knoxville city, Tennessee",175027,8141,140576,7015,27065,2747,143,153,2296,1131,0,279,1616,1176,3331,1149,210,215,3121,1136
1600000US4748000,4748000,"Memphis city, Tennessee",643122,9952,196016,6207,408480,9153,1264,686,9499,2192,40,66,21394,3004,6429,1945,804,873,5625,1769
1600000US4751560,4751560,"Murfreesboro city, Tennessee",92182,4777,71228,4511,13566,1990,129,206,2383,1297,0,279,4180,2174,696,481,154,170,542,452
1600000US4752006,4752006,"Nashville-Davidson (balance), Tennessee",553988,2855,356773,4201,158329,2129,2289,449,17492,577,482,616,12993,3106,5630,1329,501,358,5129,1322
1600000US4801000,4801000,"Abilene city, Texas",110142,2626,75273,2716,9525,716,399,270,2128,358,0,281,19828,2002,2989,1004,642,421,2347,948
1600000US4801924,4801924,"Allen city, Texas",69441,4970,52947,3989,3500,1849,291,328,8821,2525,0,281,2853,1500,1029,553,451,342,578,439
1600000US4803000,4803000,"Amarillo city, Texas",188798,4105,142108,4398,12440,1539,1242,749,3979,613,213,343,24538,3195,4278,1093,1537,761,2741,830
1600000US4804000,4804000,"Arlington city, Texas",357370,13930,224174,12193,62097,5880,1157,550,21529,3528,48,99,41576,7492,6789,2051,1728,930,5061,1728
1600000US4805000,4805000,"Austin city, Texas",717100,10707,423757,11605,61091,4280,2508,856,39483,3562,57,100,174558,8892,15646,3201,7711,1881,7935,2312
1600000US4807000,4807000,"Beaumont city, Texas",117410,4854,53809,3654,53988,3976,267,166,4149,1255,0,281,3849,1711,1348,1012,753,927,595,364
1600000US4810768,4810768,"Brownsville city, Texas",177112,9414,152938,9979,250,323,535,592,2390,1029,243,347,19669,3691,1087,646,662,374,425,435
1600000US4810912,4810912,"Bryan city, Texas",66069,3868,37628,3975,12283,2069,49,80,775,574,0,281,11737,2218,3597,1288,2702,1218,895,580
1600000US4813024,4813024,"Carrollton city, Texas",122269,7786,91238,7540,8831,2300,279,279,15567,3156,0,281,4390,1625,1964,1234,950,1019,1014,651
1600000US4815976,4815976,"College Station city, Texas",73782,3936,60312,3673,3825,1622,244,218,6756,619,258,418,1627,703,760,397,71,119,689,367
1600000US4817000,4817000,"Corpus Christi city, Texas",285175,5018,214157,6880,12181,987,1742,978,4535,692,0,281,46437,6289,6123,1601,2831,1210,3292,1055
1600000US4819000,4819000,"Dallas city, Texas",1192538,19879,630392,20142,288187,11198,5232,1557,27947,4525,748,539,225641,15973,14391,2247,4807,1354,9584,1889
1600000US4819972,4819972,"Denton city, Texas",93058,7046,74051,5997,9177,1947,333,354,3761,2637,0,281,3473,1132,2263,878,75,127,2188,929
1600000US4822660,4822660,"Edinburg city, Texas",68430,7947,27548,4048,766,673,629,676,673,776,0,281,36695,7582,2119,1320,1675,1222,444,556
1600000US4824000,4824000,"El Paso city, Texas",596189,8236,449654,13051,16607,1693,3176,1200,7246,992,382,365,107150,8942,11974,2419,7812,1806,4162,1288
1600000US4826232,4826232,"Flower Mound town, Texas",67293,4830,58694,4970,1082,848,220,284,4512,2099,0,281,1851,1277,934,536,223,216,711,503
1600000US4827000,4827000,"Fort Worth city, Texas",637178,16700,387127,14117,112650,7590,2648,905,20506,3262,45,83,103733,9769,10469,1785,4591,1367,5878,1254
1600000US4827684,4827684,"Frisco city, Texas",88388,5978,73673,5782,4639,2304,686,600,4010,1411,0,281,3083,1925,2297,1187,846,552,1451,1001
1600000US4829000,4829000,"Garland city, Texas",240876,13321,138443,9221,31942,5469,811,514,23528,4786,0,281,41086,7366,5066,1700,2343,1097,2723,1309
1600000US4830464,4830464,"Grand Prairie city, Texas",155593,10795,95625,9062,23618,4700,3968,3125,8984,2584,0,281,20245,5263,3153,1167,585,417,2568,1201
1600000US4835000,4835000,"Houston city, Texas",2074828,28776,1092677,23586,513275,14160,7820,2876,103557,7712,2529,879,330318,18201,24652,4075,10549,2460,14103,2988
1600000US4837000,4837000,"Irving city, Texas",205920,11724,140004,10579,25698,5057,1870,1023,21256,4202,0,281,14050,2894,3042,1201,910,509,2132,1149
1600000US4839148,4839148,"Killeen city, Texas",95874,5567,47698,4525,33270,3776,437,295,3301,1175,62,101,5974,1860,5132,1436,761,502,4371,1312
1600000US4841464,4841464,"Laredo city, Texas",217559,2962,171924,6944,398,388,996,691,1156,602,114,161,41489,6391,1482,857,1087,685,395,349
1600000US4841980,4841980,"League City city, Texas",67108,5076,55405,4715,4168,1865,194,187,2438,1157,0,281,3722,1951,1181,527,195,157,986,517
1600000US4842508,4842508,"Lewisville city, Texas",84219,7130,63096,5930,7232,2334,341,211,6072,2251,55,95,4699,2610,2724,1523,263,224,2461,1496
1600000US4843888,4843888,"Longview city, Texas",79294,3837,51677,4247,20400,1381,277,224,879,416,0,281,4393,1784,1668,898,897,731,771,459
1600000US4845000,4845000,"Lubbock city, Texas",210178,5114,160052,5161,15914,1713,1791,1031,3830,192,0,281,24523,3854,4068,1061,1428,650,2640,793
1600000US4845384,4845384,"McAllen city, Texas",130831,10102,85548,9150,957,591,552,536,2200,1577,0,281,37338,6920,4236,1454,3415,1451,821,545
1600000US4845744,4845744,"McKinney city, Texas",110123,8866,83310,7059,14864,4551,253,236,3751,1876,0,281,4947,2133,2998,1105,1306,625,1692,927
1600000US4847892,4847892,"Mesquite city, Texas",137653,9763,94609,8298,24695,5562,518,482,6325,2182,0,281,8866,2108,2640,1022,1285,623,1355,821
1600000US4848072,4848072,"Midland city, Texas",100731,4486,82515,4682,8325,715,732,438,1025,384,0,281,6649,1747,1485,837,753,537,732,628
1600000US4848804,4848804,"Missouri City city, Texas",62436,6310,24047,3587,25334,4670,687,731,6974,2353,0,281,4303,2149,1091,690,655,589,436,352
1600000US4853388,4853388,"Odessa city, Texas",99459,4241,79029,4942,5923,894,524,449,715,498,153,256,9014,2761,4101,1482,847,682,3254,1323
1600000US4856000,4856000,"Pasadena city, Texas",147333,11536,84120,7245,3952,1980,466,421,3534,1313,153,253,51487,8186,3621,1482,1175,601,2446,1370
1600000US4856348,4856348,"Pearland city, Texas",65006,5407,46444,5010,7502,1969,101,174,6565,1860,0,281,3849,1461,545,449,210,298,335,348
1600000US4858016,4858016,"Plano city, Texas",266021,11183,201165,8417,16338,3571,993,684,39149,4215,0,281,5203,2622,3173,1119,808,528,2365,980
1600000US4861796,4861796,"Richardson city, Texas",97191,8395,73065,7202,7968,2659,226,231,12185,3635,0,281,2042,973,1705,928,331,363,1374,810
1600000US4863500,4863500,"Round Rock city, Texas",80922,5171,60535,4648,7255,2148,517,382,4541,1514,0,281,5122,2161,2952,1315,734,450,2218,1220
1600000US4864472,4864472,"San Angelo city, Texas",91315,2200,70573,3642,4815,492,576,360,1308,490,0,281,11426,3136,2617,1519,2160,1537,457,344
1600000US4865000,4865000,"San Antonio city, Texas",1273374,10313,840511,15191,85221,4121,6166,1276,26356,2104,1234,491,286734,12483,27152,3665,15666,2960,11486,2400
1600000US4870808,4870808,"Sugar Land city, Texas",72140,6954,43318,5489,4714,2265,497,713,20942,3412,0,281,1263,945,1406,865,267,442,1139,718
1600000US4872656,4872656,"The Woodlands CDP, Texas",64418,5426,56742,5379,2532,1494,298,316,2896,1101,0,281,1533,980,417,339,0,281,417,339
1600000US4874144,4874144,"Tyler city, Texas",93717,6070,56009,5343,24400,2281,101,173,1096,578,70,120,10988,2667,1053,599,0,281,1053,599
1600000US4876000,4876000,"Waco city, Texas",119394,5684,82017,5320,24602,3013,186,157,2940,700,0,281,7002,2114,2647,958,1391,698,1256,795
1600000US4879000,4879000,"Wichita Falls city, Texas",97252,2953,74633,2851,12065,820,821,567,2602,521,89,116,4791,1230,2251,896,48,78,2203,900
1600000US4955980,4955980,"Ogden city, Utah",80926,4868,70996,4978,1574,608,827,440,1170,582,284,453,4231,1637,1844,743,446,475,1398,604
1600000US4957300,4957300,"Orem city, Utah",85991,5785,80865,5840,882,685,329,420,664,481,350,438,1039,693,1862,897,414,351,1448,728
1600000US4962470,4962470,"Provo city, Utah",114822,6036,98103,5880,551,399,1250,901,2995,1017,1496,857,7607,2680,2820,1027,400,304,2420,990
1600000US4965330,4965330,"St. George city, Utah",70951,5278,62275,5150,969,341,639,790,488,493,430,412,5011,1466,1139,646,342,307,797,552
1600000US4967000,4967000,"Salt Lake City city, Utah",180298,7417,135069,5807,5995,2167,2493,1089,6602,2122,3276,2207,22011,4675,4852,1772,1892,1076,2960,1338
1600000US4967440,4967440,"Sandy city, Utah",90876,6457,82410,5738,972,1021,271,276,3677,2232,138,151,2543,1754,865,532,580,511,285,228
1600000US4982950,4982950,"West Jordan city, Utah",94589,6002,85742,5777,290,265,232,217,1951,1119,965,1041,3905,1897,1504,734,429,474,1075,611
1600000US4983470,4983470,"West Valley City city, Utah",117506,8566,89849,7069,665,708,3166,1638,5477,1984,4880,2469,11850,3093,1619,958,548,370,1071,835
1600000US5101000,5101000,"Alexandria city, Virginia",136974,*****,90938,2766,28592,1703,41,67,7227,415,149,218,6492,2743,3535,1441,584,576,2951,1332
1600000US5103000,5103000,"Arlington CDP, Virginia",199776,*****,141810,2577,17396,283,387,256,17698,842,262,406,17824,2785,4399,1408,1783,1424,2616,713
1600000US5116000,5116000,"Chesapeake city, Virginia",220560,*****,140258,1080,66218,1316,648,368,3771,926,156,206,3582,1201,5927,1710,1418,1067,4509,1350
1600000US5121088,5121088,"Dale City CDP, Virginia",63616,6226,27610,4334,13397,3626,130,223,7136,2488,284,415,12165,3622,2894,1931,651,663,2243,1805
1600000US5135000,5135000,"Hampton city, Virginia",145017,*****,67667,876,67851,1160,738,360,3120,567,0,279,2025,898,3616,1216,443,439,3173,1168
1600000US5147672,5147672,"Lynchburg city, Virginia",68158,2644,45898,2399,19537,1499,116,148,822,387,0,279,221,297,1564,1020,59,98,1505,1018
1600000US5156000,5156000,"Newport News city, Virginia",178281,*****,90215,941,73705,1603,623,233,4553,729,0,279,2994,906,6191,1890,719,512,5472,1787
1600000US5157000,5157000,"Norfolk city, Virginia",229112,*****,107673,697,102551,1404,860,444,7050,432,691,993,5518,1060,4769,1104,836,526,3933,930
1600000US5164000,5164000,"Portsmouth city, Virginia",101377,*****,43503,435,52615,997,664,518,1401,490,55,87,1571,429,1568,746,87,162,1481,695
1600000US5167000,5167000,"Richmond city, Virginia",192913,*****,77113,1534,104756,1146,445,300,2969,383,0,279,4688,1869,2942,1043,1248,791,1694,650
1600000US5168000,5168000,"Roanoke city, Virginia",91552,*****,62245,737,23560,1137,418,388,1246,225,0,279,1426,897,2657,984,197,169,2460,953
1600000US5176432,5176432,"Suffolk city, Virginia",81071,*****,44434,381,32812,1358,140,174,1083,154,0,279,1888,1371,714,414,90,114,624,380
1600000US5182000,5182000,"Virginia Beach city, Virginia",435619,*****,305596,2048,84855,2287,778,548,23881,1157,473,391,5507,1820,14529,2733,1362,741,13167,2489
1600000US5305210,5305210,"Bellevue city, Washington",119678,6599,84498,6334,1318,909,546,519,26263,3854,384,472,3794,1843,2875,1446,0,267,2875,1446
1600000US5305280,5305280,"Bellingham city, Washington",75256,4538,66532,4334,709,483,1239,988,4337,1402,0,267,670,614,1769,780,269,279,1500,732
1600000US5322640,5322640,"Everett city, Washington",97990,6937,74526,5861,4014,1932,898,601,9820,3125,766,638,4351,1743,3615,1374,225,240,3390,1354
1600000US5323515,5323515,"Federal Way city, Washington",86153,6945,52655,5933,7522,2477,696,427,15118,3784,2592,1471,3659,2331,3911,1372,410,448,3501,1311
1600000US5335415,5335415,"Kent city, Washington",90493,8166,60886,6275,7177,2299,768,677,11157,3226,726,758,4243,1807,5536,2283,855,832,4681,2103
1600000US5363000,5363000,"Seattle city, Washington",562106,11925,393431,9787,46219,5310,4949,1395,73067,7423,2594,1843,17456,4106,24390,3297,2849,926,21541,3052
1600000US5367000,5367000,"Spokane city, Washington",197446,7307,175321,6516,4984,1089,2399,1085,5937,1504,613,479,1167,560,7025,1539,515,385,6510,1508
1600000US5367167,5367167,"Spokane Valley city, Washington",83675,4940,77403,4791,1597,667,317,221,1188,515,58,119,644,649,2468,1225,47,75,2421,1217
1600000US5370000,5370000,"Tacoma city, Washington",199663,8236,140036,7823,23583,3569,4244,1896,14860,2339,882,432,5987,2334,10071,2217,695,458,9376,2056
1600000US5374060,5374060,"Vancouver city, Washington",158148,6509,131971,6377,3841,1520,1318,860,7846,1898,283,416,6814,2451,6075,1555,654,415,5421,1508
1600000US5380010,5380010,"Yakima city, Washington",83707,5980,61120,4926,1229,720,1433,706,1892,618,48,80,16807,3794,1178,605,177,229,1001,572
1600000US5502375,5502375,"Appleton city, Wisconsin",70097,3180,62371,3233,695,356,862,639,4563,1025,0,211,1050,806,556,372,47,79,509,363
1600000US5531000,5531000,"Green Bay city, Wisconsin",97496,4068,78488,4398,2866,483,3657,1045,3670,957,0,211,7509,1629,1306,462,320,231,986,451
1600000US5539225,5539225,"Kenosha city, Wisconsin",95186,3308,73988,3541,8062,1365,428,167,1634,500,0,211,8343,2264,2731,933,968,583,1763,724
1600000US5548000,5548000,"Madison city, Wisconsin",214098,6804,173138,5949,15886,1888,1215,587,13540,2062,0,211,4696,1811,5623,1457,551,384,5072,1433
1600000US5553000,5553000,"Milwaukee city, Wisconsin",563079,8218,245565,6629,222999,4568,3602,901,19099,2017,433,454,60273,3990,11108,2241,3180,1142,7928,1865
1600000US5566000,5566000,"Racine city, Wisconsin",76224,4247,49241,4232,18680,995,525,354,414,480,0,211,5754,1511,1610,683,536,444,1074,552
1600000US5584250,5584250,"Waukesha city, Wisconsin",67691,4164,58951,4247,2245,1087,74,115,2361,1075,91,153,2597,1135,1372,612,544,475,828,435
