GEO.id,GEO.id2,GEO.display-label,HD01_VD01,HD02_VD01,HD01_VD02,HD02_VD02,HD01_VD03,HD02_VD03,HD01_VD04,HD02_VD04,HD01_VD05,HD02_VD05,HD01_VD06,HD02_VD06,HD01_VD07,HD02_VD07,HD01_VD08,HD02_VD08,HD01_VD09,HD02_VD09,HD01_VD10,HD02_VD10
Id,Id2,Geography,Estimate; Total:,Margin of Error; Total:,Estimate; Total: - White alone,Margin of Error; Total: - White alone,Estimate; Total: - Black or African American alone,Margin of Error; Total: - Black or African American alone,Estimate; Total: - American Indian and Alaska Native alone,Margin of Error; Total: - American Indian and Alaska Native alone,Estimate; Total: - Asian alone,Margin of Error; Total: - Asian alone,Estimate; Total: - Native Hawaiian and Other Pacific Islander alone,Margin of Error; Total: - Native Hawaiian and Other Pacific Islander alone,Estimate; Total: - Some other race alone,Margin of Error; Total: - Some other race alone,Estimate; Total: - Two or more races:,Margin of Error; Total: - Two or more races:,Estimate; Total: - Two or more races: - Two races including Some other race,Margin of Error; Total: - Two or more races: - Two races including Some other race,"Estimate; Total: - Two or more races: - Two races excluding Some other race, and three or more races","Margin of Error; Total: - Two or more races: - Two races excluding Some other race, and three or more races"
1600000US0107000,0107000,"Birmingham city, Alabama",213434,1446,52557,4677,152114,4691,490,413,1429,689,0,195,3462,1620,3382,1690,657,631,2725,1610
1600000US0121184,0121184,"Dothan city, Alabama",67714,288,41231,1226,23682,1051,201,164,977,124,0,195,729,586,894,313,75,83,819,293
1600000US0135896,0135896,"Hoover city, Alabama",84943,123,60222,2831,14217,2800,381,568,5477,1606,69,112,2493,1996,2084,1085,401,646,1683,983
1600000US0137000,0137000,"Huntsville city, Alabama",196225,2817,118960,4980,61834,4787,1148,745,5452,1565,250,82,4032,1718,4549,1178,311,278,4238,1159
1600000US0150000,0150000,"Mobile city, Alabama",192895,44,89571,4460,96103,4166,289,253,3555,1353,20,33,590,464,2767,1091,53,85,2714,1096
1600000US0151000,0151000,"Montgomery city, Alabama",200024,22,66047,2027,120280,2512,339,201,5469,1247,0,195,3477,1314,4412,2097,142,190,4270,2133
1600000US0177256,0177256,"Tuscaloosa city, Alabama",99556,48,50247,3032,45012,3103,34,63,2518,764,0,195,1145,849,600,352,0,195,600,352
1600000US0203000,0203000,"Anchorage municipality, Alaska",298192,*****,184841,2303,16102,1868,23916,2789,27142,2741,7669,230,7935,2536,30587,4037,1142,938,29445,3905
1600000US0404720,0404720,"Avondale city, Arizona",82875,36,52485,4842,8007,2676,2811,1720,3049,2220,142,190,13444,3837,2937,1173,378,305,2559,1075
1600000US0410670,0410670,"Casas Adobes CDP, Arizona",70589,5147,56299,5006,1887,1115,949,561,1930,1102,0,204,5206,2185,4318,1736,724,567,3594,1732
1600000US0412000,0412000,"Chandler city, Arizona",247459,76,192384,6037,13397,2831,4798,1950,21216,3556,93,158,5708,1983,9863,2306,1458,698,8405,2296
1600000US0423620,0423620,"Flagstaff city, Arizona",71455,22,56854,2135,1804,491,6074,2014,2217,700,163,238,1215,547,3128,1181,367,371,2761,1170
1600000US0427400,0427400,"Gilbert town, Arizona",237120,73,200099,6025,9482,3110,1284,918,12422,3325,945,711,3263,1237,9625,2636,1533,1201,8092,2233
1600000US0427820,0427820,"Glendale city, Arizona",245849,165,191090,5767,18925,3646,3923,1656,9289,2168,0,204,12731,4131,9891,2342,1636,936,8255,2128
1600000US0428380,0428380,"Goodyear city, Arizona",77266,44,54820,4099,8683,3035,657,348,2706,1396,230,372,5095,2643,5075,2887,547,507,4528,2801
1600000US0446000,0446000,"Mesa city, Arizona",484622,129,394155,7938,18359,3596,16166,4084,9735,2611,3037,1671,27512,5206,15658,2843,2283,865,13375,2751
1600000US0454050,0454050,"Peoria city, Arizona",164198,105,139418,4913,6083,2629,537,389,7115,2313,142,142,5299,1996,5604,1975,711,469,4893,2040
1600000US0455000,0455000,"Phoenix city, Arizona",1615041,96,1094662,19370,105572,7112,31693,4971,62518,5351,2728,1386,256025,16575,61843,7125,17710,5257,44133,5147
1600000US0464210,0464210,"San Tan Valley CDP, Arizona",82911,8009,70508,8065,4109,1801,434,582,4352,1234,117,202,1119,1026,2272,1373,300,343,1972,1268
1600000US0465000,0465000,"Scottsdale city, Arizona",246646,32,220371,4043,2391,975,1219,671,11301,2878,76,95,5905,2491,5383,1817,1033,926,4350,1482
1600000US0471510,0471510,"Surprise city, Arizona",132673,41,111199,4016,7564,2511,72,106,4623,1952,399,425,4377,2550,4439,1509,857,659,3582,1439
1600000US0473000,0473000,"Tempe city, Arizona",182499,41,120498,5916,15599,4619,3728,1512,16777,3216,646,744,16181,4101,9070,3187,1793,924,7277,2948
1600000US0477000,0477000,"Tucson city, Arizona",530690,77,392894,7501,26295,2777,13520,2780,16571,2431,722,597,53894,5833,26794,4198,5547,2117,21247,3674
1600000US0485540,0485540,"Yuma city, Arizona",94892,58,61744,4660,3292,1100,1359,954,1777,689,266,298,22625,4746,3829,1409,507,348,3322,1334
1600000US0515190,0515190,"Conway city, Arkansas",65300,18,48156,1737,10539,1470,121,136,1265,506,0,197,2156,1323,3063,1225,479,751,2584,933
1600000US0523290,0523290,"Fayetteville city, Arkansas",83823,33,67038,2758,5397,1420,1366,978,2611,935,66,132,4542,2398,2803,1077,352,310,2451,1059
1600000US0524550,0524550,"Fort Smith city, Arkansas",88122,40,57405,1991,8593,871,764,519,5547,740,74,143,13090,2338,2649,1002,462,431,2187,956
1600000US0535710,0535710,"Jonesboro city, Arkansas",74892,21,54712,1278,15121,1182,0,197,1358,164,0,197,2135,1075,1566,1231,317,386,1249,1133
1600000US0541000,0541000,"Little Rock city, Arkansas",198546,39,102531,5166,77802,4981,326,364,5169,1286,0,197,6401,2520,6317,2598,2717,2378,3600,1523
1600000US0560410,0560410,"Rogers city, Arkansas",65016,34,59523,1280,1069,611,356,315,1041,713,0,197,1218,643,1809,681,422,264,1387,640
1600000US0566080,0566080,"Springdale city, Arkansas",81799,2998,47888,4344,3265,1394,471,455,2010,1207,6207,501,19281,3340,2677,977,303,442,2374,891
1600000US0600562,0600562,"Alameda city, California",78907,29,37670,3285,7688,2794,96,115,23696,3441,29,52,4160,1959,5568,1267,451,345,5117,1246
1600000US0600884,0600884,"Alhambra city, California",85465,51,16749,2765,2515,1323,755,576,47433,3639,0,206,15955,3796,2058,937,613,514,1445,726
1600000US0602000,0602000,"Anaheim city, California",351066,89,248856,8104,8350,2901,2315,1618,57839,6587,2128,1433,21088,4034,10490,2215,1916,1010,8574,2127
1600000US0602252,0602252,"Antioch city, California",110876,85,43646,4272,28153,4433,463,338,11206,3645,79,159,17072,4387,10257,3450,1800,1285,8457,3156
1600000US0602364,0602364,"Apple Valley town, California",72542,47,56214,3263,9088,3301,942,657,1470,878,67,115,1679,753,3082,1414,500,453,2582,1356
1600000US0602553,0602553,"Arden-Arcade CDP, California",106061,8078,64431,5894,11253,2567,164,230,7406,2299,63,105,14364,4500,8380,3232,818,814,7562,3060
1600000US0603526,0603526,"Bakersfield city, California",376371,67,239824,9144,24364,3663,4766,3880,30417,3169,912,447,61860,8276,14228,2839,4542,1466,9686,2369
1600000US0603666,0603666,"Baldwin Park city, California",76465,28,20991,3320,1504,976,1454,1007,15073,3102,0,206,35621,4452,1822,1164,482,330,1340,1126
1600000US0604982,0604982,"Bellflower city, California",77789,32,24932,3188,8343,2289,357,340,8732,2870,37,60,31969,4565,3419,1350,2016,1149,1403,724
1600000US0606000,0606000,"Berkeley city, California",121241,34,72306,3498,11953,2468,362,238,24133,2556,512,469,2830,920,9145,1987,1534,1172,7611,1683
1600000US0608786,0608786,"Buena Park city, California",83148,48,40928,4719,2738,1356,1034,730,21345,4087,838,956,12476,4277,3789,1642,1213,928,2576,1315
1600000US0608954,0608954,"Burbank city, California",104451,39,71897,4356,3676,1802,602,528,12783,2575,55,95,10822,3332,4616,1528,1260,677,3356,1279
1600000US0610046,0610046,"Camarillo city, California",67345,57,51928,3051,1496,1102,221,274,7161,1876,0,206,1834,962,4705,1981,216,250,4489,1968
1600000US0611194,0611194,"Carlsbad city, California",113957,44,95906,3511,1407,1198,70,92,7557,2372,547,583,1958,1011,6512,2112,557,517,5955,2056
1600000US0611390,0611390,"Carmichael CDP, California",63064,5876,48970,4348,4276,2231,236,389,3548,2614,209,274,710,733,5115,1992,449,444,4666,1918
1600000US0611530,0611530,"Carson city, California",92821,87,23205,3738,23764,4323,254,268,24058,4562,2413,1610,14289,4511,4838,1453,1142,605,3696,1347
1600000US0611964,0611964,"Castro Valley CDP, California",65153,4863,37216,4073,5965,2846,741,564,15544,3024,232,254,1092,538,4363,1412,308,243,4055,1353
1600000US0613014,0613014,"Chico city, California",91545,73,76753,2174,2661,1061,489,355,3313,1257,279,436,4210,1557,3840,1215,649,521,3191,994
1600000US0613210,0613210,"Chino city, California",87771,43,44796,4060,5269,1397,229,220,10427,2134,99,105,21436,3967,5515,1298,2024,678,3491,1130
1600000US0613214,0613214,"Chino Hills city, California",78821,38,36849,4649,2384,971,688,574,26435,3487,85,167,8141,2983,4239,2018,2031,1883,2208,794
1600000US0613392,0613392,"Chula Vista city, California",267169,40,179666,8011,9150,2841,1018,950,40423,6342,2465,1698,16892,3118,17555,4457,4677,2218,12878,3353
1600000US0613588,0613588,"Citrus Heights city, California",87444,52,73250,2575,2497,1018,340,259,4085,1675,0,206,2675,1188,4597,1306,473,363,4124,1243
1600000US0614218,0614218,"Clovis city, California",106587,47,72172,4932,3098,1557,467,382,11440,2874,0,206,14120,4673,5290,1630,782,448,4508,1500
1600000US0615044,0615044,"Compton city, California",97537,56,36973,5420,26965,4719,458,433,930,575,0,206,30689,5260,1522,645,294,299,1228,592
1600000US0616000,0616000,"Concord city, California",128728,36,78768,5759,5744,2053,510,524,15504,3494,1050,1274,15625,4782,11527,2802,1881,1442,9646,2426
1600000US0616350,0616350,"Corona city, California",166774,60,109979,6700,6685,1942,1021,1008,21124,4323,1330,945,19006,5917,7629,1928,2091,1230,5538,1553
1600000US0616532,0616532,"Costa Mesa city, California",112825,31,86172,3791,1847,995,501,471,8722,2127,959,795,10673,3056,3951,1248,837,524,3114,1118
1600000US0617918,0617918,"Daly City city, California",106484,51,18424,3214,2283,976,613,608,69028,4321,1756,1458,10393,3360,3987,1329,1718,1071,2269,1050
1600000US0618100,0618100,"Davis city, California",68107,31,44250,2762,1871,916,0,206,14989,2291,388,399,3139,1301,3470,1231,273,216,3197,1194
1600000US0619766,0619766,"Downey city, California",113267,35,74414,5372,3145,2008,388,316,11489,3058,62,100,21344,4345,2425,1034,1043,684,1382,713
1600000US0620802,0620802,"East Los Angeles CDP, California",127804,9683,46625,6060,367,334,501,493,1258,926,0,206,76414,7859,2639,1714,2204,1689,435,247
1600000US0621712,0621712,"El Cajon city, California",103769,36,68209,5218,6248,1970,1720,1913,2519,1071,130,216,16700,5202,8243,2669,1387,1011,6856,2339
1600000US0622020,0622020,"Elk Grove city, California",169780,123,80768,5773,14473,3030,1000,613,48940,6318,3116,1633,5954,2130,15529,3524,1747,795,13782,3268
1600000US0622230,0622230,"El Monte city, California",115800,44,39737,4631,878,498,993,968,35524,4880,420,347,36639,5273,1609,1175,405,336,1204,1133
1600000US0622804,0622804,"Escondido city, California",151594,80,112916,5547,4943,1673,2450,1574,12268,3221,1209,987,12246,4001,5562,1597,563,446,4999,1593
1600000US0623182,0623182,"Fairfield city, California",114757,33,53856,4472,19644,3563,316,270,16835,2846,973,683,13214,3061,9919,1952,1454,826,8465,1974
1600000US0624638,0624638,"Folsom city, California",77278,37,54490,3015,2047,650,523,540,12476,2368,251,198,2532,833,4959,1301,830,608,4129,1221
1600000US0624680,0624680,"Fontana city, California",209659,44,92451,9463,14015,4312,1502,1140,14651,3445,1143,1361,77696,8916,8201,3211,2454,1207,5747,2735
1600000US0626000,0626000,"Fremont city, California",233145,48,53272,6402,8830,3041,853,505,136066,6995,2245,1357,22290,6657,9589,2250,1821,1108,7768,1865
1600000US0627000,0627000,"Fresno city, California",522021,114,313249,8457,39537,3076,5854,1531,76526,3883,982,634,65978,6838,19895,4087,3987,1503,15908,4027
1600000US0628000,0628000,"Fullerton city, California",140734,56,76843,6608,3838,1206,395,357,35250,5235,144,183,15588,5403,8676,2922,1367,1086,7309,2857
1600000US0629000,0629000,"Garden Grove city, California",174877,78,68506,6329,2518,1181,899,536,73572,5845,233,263,24630,5169,4519,1305,851,625,3668,1176
1600000US0630000,0630000,"Glendale city, California",200826,41,148856,6002,3623,1439,36,60,30555,5454,214,255,9665,3004,7877,1922,1694,893,6183,1796
1600000US0632548,0632548,"Hawthorne city, California",88032,30,25100,3727,19413,3654,376,628,5058,2269,438,398,33520,4852,4127,1553,805,653,3322,1375
1600000US0633000,0633000,"Hayward city, California",158969,110,70470,6095,11846,3057,1039,641,40554,4440,4808,1523,20275,4860,9977,2316,1701,732,8276,2103
1600000US0633182,0633182,"Hemet city, California",84277,36,60621,4686,8418,3377,1587,1480,3436,2264,646,724,4927,1912,4642,1823,489,411,4153,1747
1600000US0633434,0633434,"Hesperia city, California",93714,48,79105,3192,3386,2106,1197,1185,1308,709,420,565,6314,1797,1984,928,743,586,1241,664
1600000US0636000,0636000,"Huntington Beach city, California",200631,78,145875,6383,4115,2256,789,667,22652,3194,1319,1019,16990,5253,8891,1914,1383,954,7508,1884
1600000US0636448,0636448,"Indio city, California",88484,32,43621,5052,3121,2291,713,541,2977,2175,0,206,34803,4963,3249,3174,2373,3015,876,520
1600000US0636546,0636546,"Inglewood city, California",110667,55,23175,4496,50426,5405,1190,721,2757,1244,317,502,27506,5276,5296,2065,2062,1474,3234,1425
1600000US0636770,0636770,"Irvine city, California",266117,43,128156,8710,2985,1573,79,133,115156,8519,1280,1147,6058,1841,12403,2913,333,250,12070,2863
1600000US0637692,0637692,"Jurupa Valley city, California",103543,27,55876,5713,2697,1498,562,421,3220,1304,164,295,38283,5575,2741,1518,1731,1384,1010,587
1600000US0639248,0639248,"Laguna Niguel city, California",65328,30,50567,3057,1038,660,0,206,6464,1594,63,111,4319,2607,2877,1033,736,519,2141,930
1600000US0639496,0639496,"Lake Forest city, California",83236,33,57897,3832,2422,1222,774,751,14035,3777,50,100,5044,2585,3014,1419,554,686,2460,1238
1600000US0639892,0639892,"Lakewood city, California",81121,70,35226,3689,7879,3189,191,183,18132,3788,332,526,13911,3939,5450,1478,1587,1061,3863,1022
1600000US0640130,0640130,"Lancaster city, California",160107,38,98986,5819,33008,5665,744,478,8726,2259,144,128,8942,2172,9557,2088,2297,1284,7260,1502
1600000US0641992,0641992,"Livermore city, California",89118,31,67091,3199,784,641,197,190,10518,2264,697,715,3660,1694,6171,1659,2435,1119,3736,1259
1600000US0643000,0643000,"Long Beach city, California",470140,65,236983,9152,59157,5712,3466,1645,58987,7216,4459,1953,81756,7565,25332,3514,4057,1283,21275,3364
1600000US0644000,0644000,"Los Angeles city, California",3976324,60,2079698,28963,350543,12059,26861,4195,452848,14976,5687,1804,917994,27133,142693,7415,36507,4305,106186,5873
1600000US0644574,0644574,"Lynwood city, California",71184,29,46024,4651,5908,2271,912,739,440,359,849,1177,15754,4119,1297,987,645,641,652,772
1600000US0645484,0645484,"Manteca city, California",76912,37,53169,3828,3478,1658,951,674,5691,2364,605,591,7502,3179,5516,1704,905,488,4611,1751
1600000US0646842,0646842,"Menifee city, California",88510,73,53175,4523,6773,2447,8,18,7407,2575,24,57,15920,3925,5203,1584,1756,922,3447,1265
1600000US0646898,0646898,"Merced city, California",82573,77,46295,4020,6249,1192,348,314,9445,2211,0,206,17905,3695,2331,1132,838,730,1493,792
1600000US0647766,0647766,"Milpitas city, California",77534,34,7132,1637,2404,1558,179,168,57667,3276,235,177,6337,2289,3580,1234,1471,1053,2109,781
1600000US0648256,0648256,"Mission Viejo city, California",96386,50,78098,3476,629,482,117,101,10790,2852,273,348,1219,648,5260,1769,1145,828,4115,1446
1600000US0648354,0648354,"Modesto city, California",212172,38,151280,6246,10282,2242,1315,712,15051,3057,1326,853,21976,4878,10942,2300,2597,1234,8345,2152
1600000US0649270,0649270,"Moreno Valley city, California",205516,68,61766,7659,37136,5324,411,321,12067,3235,1030,1044,87817,7936,5289,1469,1364,674,3925,1221
1600000US0649670,0649670,"Mountain View city, California",80459,56,41580,3710,1620,888,718,942,23434,3720,933,953,7904,3959,4270,1244,434,454,3836,1118
1600000US0650076,0650076,"Murrieta city, California",111682,42,68812,7518,4585,2809,1550,1392,12427,4917,1093,1133,11968,4404,11247,2870,1870,1285,9377,2796
1600000US0650258,0650258,"Napa city, California",80412,32,67757,2986,333,235,672,566,2504,807,0,206,6813,2611,2333,971,708,581,1625,622
1600000US0651182,0651182,"Newport Beach city, California",86683,28,74633,2632,632,460,81,139,8327,2612,0,206,492,325,2518,965,342,316,2176,902
1600000US0652526,0652526,"Norwalk city, California",106161,72,41530,5514,7134,2970,363,338,13786,3265,92,125,38267,5933,4989,1715,1813,984,3176,1223
1600000US0653000,0653000,"Oakland city, California",419987,81,145374,7031,98666,5573,4168,1904,69038,6549,2201,866,69133,6965,31407,4183,5508,2015,25899,3694
1600000US0653322,0653322,"Oceanside city, California",175441,87,136832,4599,7395,2694,525,305,12334,2608,1685,1565,6041,1978,10629,2433,1318,778,9311,2266
1600000US0653896,0653896,"Ontario city, California",173211,43,83833,6119,12635,3220,1099,750,9731,2423,407,504,58186,6245,7320,2102,3320,1463,4000,1294
1600000US0653980,0653980,"Orange city, California",140507,43,102293,5549,2424,1455,943,1161,15032,3221,385,405,15223,4778,4207,1230,492,280,3715,1224
1600000US0654652,0654652,"Oxnard city, California",207911,41,158819,5496,5260,1314,2201,2030,13889,3177,267,212,22627,4182,4848,1552,1229,599,3619,1405
1600000US0655156,0655156,"Palmdale city, California",157349,43,71900,6055,15724,3834,942,829,6942,2641,105,168,49565,6023,12171,3499,5183,1857,6988,3047
1600000US0655282,0655282,"Palo Alto city, California",67021,24,43085,2879,450,431,442,399,19438,2769,61,98,980,638,2565,944,586,643,1979,821
1600000US0656000,0656000,"Pasadena city, California",142052,49,75089,4821,14552,2846,1725,1945,24071,4173,615,645,20468,4212,5532,1440,937,530,4595,1328
1600000US0656700,0656700,"Perris city, California",76330,29,23023,5084,8299,3249,1224,1092,3460,2476,0,206,39074,5412,1250,748,398,362,852,540
1600000US0657456,0657456,"Pittsburg city, California",70677,33,29015,4451,8648,2441,5,12,11345,2357,174,245,15653,4043,5837,1827,812,910,5025,1660
1600000US0657792,0657792,"Pleasanton city, California",82267,29,46131,3710,2266,1915,162,170,30105,3481,0,206,814,551,2789,1067,498,474,2291,904
1600000US0658072,0658072,"Pomona city, California",152476,66,69891,6017,8562,2365,5099,2716,14262,3550,140,202,47375,5652,7147,2035,2089,1007,5058,1732
1600000US0659444,0659444,"Rancho Cordova city, California",72319,41,45383,2851,6107,2023,142,239,8372,1876,761,778,4420,1747,7134,1760,902,491,6232,1782
1600000US0659451,0659451,"Rancho Cucamonga city, California",176540,51,107626,6768,19228,5030,809,588,22079,3896,1130,885,14750,4040,10918,2808,1959,979,8959,2684
1600000US0659920,0659920,"Redding city, California",91797,46,77609,1647,1213,505,1752,903,5169,1148,9,21,1198,599,4847,1436,310,261,4537,1393
1600000US0659962,0659962,"Redlands city, California",71288,26,53425,3326,1939,1060,414,360,5014,1730,134,202,5950,2411,4412,1641,1124,1081,3288,1168
1600000US0660018,0660018,"Redondo Beach city, California",67863,28,50007,3010,2764,1189,486,517,8945,2475,3,9,2190,886,3468,1107,443,495,3025,983
1600000US0660102,0660102,"Redwood City city, California",84965,61,50107,4651,690,456,965,701,12462,2398,700,766,15951,4201,4090,1367,1015,636,3075,1047
1600000US0660466,0660466,"Rialto city, California",103300,66,61274,5534,10387,3000,597,462,1672,758,0,206,24127,4357,5243,2462,1875,1222,3368,2123
1600000US0660620,0660620,"Richmond city, California",109814,35,53631,5324,19122,3683,85,151,17538,3073,76,173,11870,3401,7492,2524,1443,1412,6049,2301
1600000US0662000,0662000,"Riverside city, California",324727,60,181923,8372,23186,3900,2330,1426,20389,4120,259,205,80524,7860,16116,3355,4336,1619,11780,2817
1600000US0662938,0662938,"Roseville city, California",132683,54,102160,4379,1954,725,1250,1335,12815,2434,260,241,6062,2589,8182,2606,507,398,7675,2748
1600000US0664000,0664000,"Sacramento city, California",495200,108,244964,8607,66288,5919,4388,1645,91000,6625,7963,2598,50737,6575,29860,3619,5194,1625,24666,3294
1600000US0664224,0664224,"Salinas city, California",157224,32,54427,5290,2747,1034,909,633,11606,2170,102,125,82341,6215,5092,1460,2114,1191,2978,1051
1600000US0665000,0665000,"San Bernardino city, California",216242,49,121909,7624,32249,5535,1708,1101,10983,3088,206,347,38608,6098,10579,3037,2057,1051,8522,2707
1600000US0665042,0665042,"San Buenaventura (Ventura) city, California",109591,31,89654,3331,1394,546,1684,1065,4480,1661,40,72,5543,1860,6796,2254,572,367,6224,2197
1600000US0665084,0665084,"San Clemente city, California",65304,26,52091,3341,573,596,643,764,2416,1495,291,446,6836,3016,2454,1086,380,449,2074,993
1600000US0666000,0666000,"San Diego city, California",1406622,73,935881,13758,89910,6277,5664,1963,240027,10152,5072,1974,61017,7033,69051,5738,9449,2032,59602,5227
1600000US0667000,0667000,"San Francisco city, California",870887,*****,404410,5260,43468,2007,3054,923,300409,3813,1967,622,70599,6070,46980,3525,7632,2021,39348,3169
1600000US0668000,0668000,"San Jose city, California",1025373,91,400984,13021,30624,2896,4424,1514,357891,8570,6628,1525,170139,11803,54683,5791,14806,3566,39877,4795
1600000US0668084,0668084,"San Leandro city, California",90460,30,35510,4355,9636,2709,1089,725,29463,4048,508,338,7538,2697,6716,2437,2051,1104,4665,2246
1600000US0668196,0668196,"San Marcos city, California",95268,40,67422,4914,3962,2123,1915,1655,9620,3236,867,775,5411,2397,6071,2730,234,230,5837,2718
1600000US0668252,0668252,"San Mateo city, California",103959,35,55915,3682,2147,1230,599,431,22635,2706,2076,1274,13207,3956,7380,1682,1541,911,5839,1292
1600000US0668378,0668378,"San Ramon city, California",75643,35,35078,3403,2026,1009,401,295,34798,3311,0,206,855,803,2485,945,272,276,2213,880
1600000US0669000,0669000,"Santa Ana city, California",334236,57,149298,9329,2913,1258,1598,800,39981,5486,549,589,134230,10269,5667,1570,2052,957,3615,1334
1600000US0669070,0669070,"Santa Barbara city, California",91940,50,74892,2895,1298,892,1169,741,3486,1158,0,206,7867,2425,3228,1373,341,381,2887,1258
1600000US0669084,0669084,"Santa Clara city, California",125938,37,53870,5030,4430,1971,289,323,49727,4391,238,238,10335,4330,7049,2381,585,469,6464,2324
1600000US0669088,0669088,"Santa Clarita city, California",181960,61,130934,5214,6494,1853,1948,2349,18572,3639,20,29,14416,3325,9576,2206,1136,709,8440,2027
1600000US0669196,0669196,"Santa Maria city, California",106286,34,83479,4481,1286,921,279,193,7730,2665,0,206,9418,3507,4094,1689,667,601,3427,1554
1600000US0670000,0670000,"Santa Monica city, California",92478,27,73477,2849,2250,1156,440,363,8219,1954,86,144,3719,1899,4287,1343,394,333,3893,1279
1600000US0670098,0670098,"Santa Rosa city, California",175143,51,114932,6304,5279,2345,2404,926,10484,2178,1270,809,29699,5887,11075,2608,1500,1333,9575,2247
1600000US0672016,0672016,"Simi Valley city, California",126327,44,97981,3196,2096,1089,633,471,12600,2340,144,207,4046,1270,8827,2503,1828,896,6999,2290
1600000US0673080,0673080,"South Gate city, California",95537,21,64017,5306,410,377,586,665,284,259,142,205,27944,5156,2154,1298,863,570,1291,1137
1600000US0673262,0673262,"South San Francisco city, California",66989,38,24223,3710,1075,707,23,47,24498,4643,1051,833,12140,4728,3979,2086,1831,1752,2148,1006
1600000US0675000,0675000,"Stockton city, California",307057,71,136363,8426,39316,3195,3022,1698,66560,5967,2151,882,28969,5157,30676,4780,3353,1856,27323,4671
1600000US0677000,0677000,"Sunnyvale city, California",152762,46,63833,4937,2494,880,953,1079,66240,4963,285,322,12971,4800,5986,1531,182,296,5804,1519
1600000US0678120,0678120,"Temecula city, California",113062,53,71438,5936,8304,2653,365,286,9455,2804,337,390,14363,4169,8800,2657,1677,1112,7123,2584
1600000US0678582,0678582,"Thousand Oaks city, California",128915,98,106089,3405,1101,762,474,538,14777,2908,286,291,1925,898,4263,1200,389,306,3874,1133
1600000US0680000,0680000,"Torrance city, California",147185,49,69906,5564,4948,1782,319,217,54364,5726,653,529,8746,2248,8249,1688,1877,1003,6372,1385
1600000US0680238,0680238,"Tracy city, California",89263,50,51226,4694,3765,1700,503,508,15052,3476,1339,795,8242,2813,9136,2268,2418,1193,6718,1888
1600000US0680812,0680812,"Turlock city, California",72808,52,57912,3225,1407,893,1125,1259,4196,2363,158,233,6174,2372,1836,955,675,460,1161,829
1600000US0680854,0680854,"Tustin city, California",80379,65,35186,3877,1472,1041,169,215,19695,3533,1162,1631,18948,4533,3747,1467,832,683,2915,1358
1600000US0681204,0681204,"Union City city, California",75316,40,16836,3093,2778,1543,230,247,39650,3648,1419,972,10008,2697,4395,1446,1225,721,3170,1224
1600000US0681344,0681344,"Upland city, California",76691,36,53042,3869,5090,1854,472,388,6363,1847,207,323,6649,2787,4868,1534,1860,896,3008,1298
1600000US0681554,0681554,"Vacaville city, California",98308,39,60740,4114,10155,2349,603,391,8846,2270,360,242,7990,2460,9614,2142,1305,636,8309,2032
1600000US0681666,0681666,"Vallejo city, California",121316,67,40261,5043,26114,3838,317,275,29449,3106,2153,1058,12873,3369,10149,2345,995,552,9154,2278
1600000US0682590,0682590,"Victorville city, California",122283,72,78220,6738,24650,6640,546,646,3893,1927,0,206,8568,2612,6406,2318,1836,1161,4570,1971
1600000US0682954,0682954,"Visalia city, California",131069,32,103706,6601,1665,788,2453,1439,12008,6188,295,310,7174,2820,3768,1521,838,530,2930,1495
1600000US0682996,0682996,"Vista city, California",101665,43,85006,2997,2289,947,332,261,4431,1523,69,157,6188,2010,3350,1120,368,281,2982,1091
1600000US0683346,0683346,"Walnut Creek city, California",69127,43,53933,3258,577,334,91,123,9241,2526,48,88,1477,868,3760,1736,590,490,3170,1414
1600000US0684200,0684200,"West Covina city, California",107840,44,30418,3883,4681,1651,380,320,30627,4626,559,562,36194,5386,4981,1650,2267,1124,2714,1040
1600000US0684550,0684550,"Westminster city, California",91565,37,35773,4582,853,589,299,212,42497,4390,469,719,8938,3314,2736,1244,814,549,1922,1162
1600000US0685292,0685292,"Whittier city, California",86892,42,44813,4341,1695,1008,312,242,4932,1676,0,206,31334,4618,3806,1440,2403,1238,1403,690
1600000US0686832,0686832,"Yorba Linda city, California",68236,30,46904,3458,640,430,51,82,14797,3110,0,206,1595,691,4249,1575,968,723,3281,1505
1600000US0686972,0686972,"Yuba City city, California",66837,34,43391,1736,1492,584,495,258,13501,2583,331,129,2393,994,5234,2725,330,276,4904,2694
1600000US0803455,0803455,"Arvada city, Colorado",117308,1134,106813,2078,1123,476,1249,920,2928,1338,59,108,2416,1215,2720,865,422,352,2298,881
1600000US0804000,0804000,"Aurora city, Colorado",362249,1157,213117,7792,55030,3968,2724,830,22319,2912,1540,629,50851,5699,16668,3552,3041,1183,13627,3499
1600000US0807850,0807850,"Boulder city, Colorado",108108,65,95279,2136,1316,591,206,218,5517,1375,86,117,2534,1569,3170,985,281,380,2889,893
1600000US0809280,0809280,"Broomfield city, Colorado",66529,*****,57480,1148,727,424,316,250,3943,658,0,195,1812,1292,2251,935,229,339,2022,776
1600000US0812815,0812815,"Centennial city, Colorado",109935,48,95313,3143,3127,1283,743,504,4447,1212,198,188,2805,1921,3302,912,244,225,3058,882
1600000US0816000,0816000,"Colorado Springs city, Colorado",465084,70,366682,6092,31193,4090,2488,1379,12345,1654,1567,915,23047,4443,27762,4131,5712,2198,22050,3615
1600000US0820000,0820000,"Denver city, Colorado",693060,*****,522284,7321,68262,2868,5462,1898,25721,1555,410,265,47322,7382,23599,3361,4456,1805,19143,2853
1600000US0827425,0827425,"Fort Collins city, Colorado",164196,46,143235,2737,3026,746,1333,675,5131,1089,292,316,3784,1239,7395,2248,1223,592,6172,2178
1600000US0832155,0832155,"Greeley city, Colorado",104003,50,94714,1978,1707,682,455,316,2340,970,0,195,2053,1234,2734,1014,889,676,1845,713
1600000US0836410,0836410,"Highlands Ranch CDP, Colorado",112436,4512,95886,3715,1129,694,773,492,9537,1821,89,145,1228,737,3794,1325,959,729,2835,981
1600000US0843000,0843000,"Lakewood city, Colorado",154368,98,138065,2463,2540,1005,1004,576,5603,1481,100,167,3466,1254,3590,1016,1046,631,2544,865
1600000US0845970,0845970,"Longmont city, Colorado",92813,32,84206,1939,816,478,604,451,3569,1478,123,171,1836,1160,1659,779,331,292,1328,710
1600000US0846465,0846465,"Loveland city, Colorado",76906,39,71344,1848,291,283,916,630,733,537,81,129,1075,986,2466,1312,569,618,1897,974
1600000US0862000,0862000,"Pueblo city, Colorado",110295,28,83387,3093,3517,1194,6608,2019,1014,504,127,165,12098,2760,3544,1012,625,374,2919,1000
1600000US0877290,0877290,"Thornton city, Colorado",136690,55,118495,3227,2599,1061,1015,692,6417,1831,0,195,2426,1175,5738,1920,1840,1068,3898,1504
1600000US0883835,0883835,"Westminster city, Colorado",113865,49,92803,4011,3927,1683,1601,1031,7283,2400,88,109,2491,1119,5672,2366,642,444,5030,2268
1600000US0908000,0908000,"Bridgeport city, Connecticut",145934,34,63324,4773,51009,4500,1202,1244,3536,1308,0,200,19264,3438,7599,2376,2641,1454,4958,1675
1600000US0918430,0918430,"Danbury city, Connecticut",85008,59,54757,4779,8452,3210,332,246,6202,2256,116,186,10923,3417,4226,2091,2100,1846,2126,1213
1600000US0937000,0937000,"Hartford city, Connecticut",123287,56,42525,4528,42736,4620,247,247,2764,1095,0,200,27529,5152,7486,2856,2799,2071,4687,1898
1600000US0950370,0950370,"New Britain city, Connecticut",72570,31,52632,2747,7720,2024,44,76,1696,907,0,200,7504,2164,2974,971,787,526,2187,981
1600000US0952000,0952000,"New Haven city, Connecticut",129939,37,60133,4658,40573,3775,510,678,6652,1427,41,67,16576,4049,5454,1720,1601,1119,3853,1221
1600000US0955990,0955990,"Norwalk city, Connecticut",88440,27,64977,3338,11342,2595,443,544,6834,2034,208,269,2062,1104,2574,1353,811,998,1763,1081
1600000US0973000,0973000,"Stamford city, Connecticut",129105,44,80424,5813,22345,4860,460,397,10017,2310,0,200,11682,3901,4177,1770,959,746,3218,1488
1600000US0980000,0980000,"Waterbury city, Connecticut",108269,36,68233,5112,21850,3969,155,254,3188,1974,118,122,10013,2564,4712,1829,327,211,4385,1850
1600000US1077580,1077580,"Wilmington city, Delaware",71455,47,22212,3117,43011,3281,63,105,1310,817,0,193,2539,1518,2320,830,237,292,2083,826
1600000US1150000,1150000,"Washington city, District of Columbia",681170,*****,277268,3530,320554,2554,2004,567,26436,1256,41,68,37132,4302,17735,2345,2127,919,15608,2127
1600000US1200410,1200410,"Alafaya CDP, Florida",91779,11033,66206,9676,13485,7640,0,221,5288,3275,0,221,3605,3196,3195,1767,267,444,2928,1678
1600000US1207300,1207300,"Boca Raton city, Florida",96115,31,84286,2394,2914,1449,269,299,4035,1467,0,221,2461,1207,2150,1098,569,685,1581,919
1600000US1207875,1207875,"Boynton Beach city, Florida",75569,30,49512,4308,21773,4215,79,103,1285,809,53,118,1376,1362,1491,770,212,283,1279,757
1600000US1208150,1208150,"Brandon CDP, Florida",109582,7538,81669,6502,14703,4126,138,153,4657,1811,0,221,4411,2214,4004,1534,658,821,3346,1295
1600000US1210275,1210275,"Cape Coral city, Florida",179795,36,162071,4342,5054,1726,175,309,3202,1308,0,221,6214,3721,3079,1354,562,477,2517,1222
1600000US1212875,1212875,"Clearwater city, Florida",114351,46,92415,3721,10781,2516,280,206,2166,786,149,242,2649,1948,5911,2007,295,238,5616,2011
1600000US1214400,1214400,"Coral Springs city, Florida",130046,51,85468,5701,28439,5514,311,247,6156,2078,68,114,4848,1784,4756,2344,1553,1059,3203,2054
1600000US1216475,1216475,"Davie town, Florida",101857,56,69740,5869,10194,3635,234,366,8685,2851,336,407,10273,4530,2395,1725,194,251,2201,1687
1600000US1216525,1216525,"Daytona Beach city, Florida",66649,32,38702,3175,23397,3290,204,268,1309,849,0,221,1584,1534,1453,723,179,211,1274,704
1600000US1216725,1216725,"Deerfield Beach city, Florida",79754,50,46998,5141,26511,5366,391,352,1189,876,0,221,3535,1918,1130,769,308,333,822,621
1600000US1217100,1217100,"Delray Beach city, Florida",67366,31,42475,3631,19339,3611,92,118,2913,2667,0,221,1469,1040,1078,1052,0,221,1078,1052
1600000US1217200,1217200,"Deltona city, Florida",90139,59,72090,3665,10298,3534,0,221,1670,1050,0,221,2293,1292,3788,2034,587,435,3201,1905
1600000US1224000,1224000,"Fort Lauderdale city, Florida",178764,52,108667,6221,57749,6340,1520,2009,2902,1418,0,221,3389,1608,4537,2199,94,129,4443,2187
1600000US1224125,1224125,"Fort Myers city, Florida",77154,41,49630,4431,20489,3819,76,130,964,733,129,210,4802,2669,1064,657,464,438,600,482
1600000US1225175,1225175,"Gainesville city, Florida",131593,27,90494,3373,24746,2751,926,388,8732,2031,524,501,1201,842,4970,1728,704,540,4266,1635
1600000US1230000,1230000,"Hialeah city, Florida",236385,42,216869,4773,6586,2710,0,221,646,649,97,160,10026,3757,2161,1174,825,600,1336,983
1600000US1232000,1232000,"Hollywood city, Florida",152007,44,108508,5606,25053,4702,36,62,2427,1055,216,230,9794,4278,5973,1982,2197,1358,3776,1285
1600000US1235000,1235000,"Jacksonville city, Florida",880623,26,519739,4773,269312,4442,1804,829,38812,2614,453,374,16024,3864,34479,5347,2769,978,31710,5289
1600000US1236100,1236100,"Kendall CDP, Florida",77619,6924,67812,6613,2795,1513,0,221,3423,1864,0,221,1829,1225,1760,1172,83,133,1677,1168
1600000US1236950,1236950,"Kissimmee city, Florida",69369,23,45062,5017,10427,3324,0,221,2616,1844,0,221,7320,3087,3944,2621,1078,1156,2866,2044
1600000US1238250,1238250,"Lakeland city, Florida",106419,38,74885,4075,22361,3921,89,162,4378,1938,126,210,2350,1226,2230,1159,185,199,2045,1116
1600000US1239425,1239425,"Largo city, Florida",83077,48,74247,2222,3590,1338,429,414,1407,810,278,378,1193,1290,1933,1196,78,128,1855,1192
1600000US1239550,1239550,"Lauderhill city, Florida",71635,40,10777,3010,58194,3321,117,188,551,425,0,221,885,837,1111,975,32,53,1079,973
1600000US1239925,1239925,"Lehigh Acres CDP, Florida",115673,7029,85529,6994,19878,3709,151,187,1347,908,0,221,4786,2532,3982,2184,780,677,3202,1924
1600000US1243975,1243975,"Melbourne city, Florida",81192,36,66039,3053,6398,2058,418,354,2446,1176,0,221,3335,1608,2556,1497,256,309,2300,1439
1600000US1245000,1245000,"Miami city, Florida",453584,62,354046,7777,71010,6865,2049,1741,4225,2095,470,485,15990,3505,5794,1561,1715,679,4079,1427
1600000US1245025,1245025,"Miami Beach city, Florida",91905,37,61538,4746,3352,1315,0,221,2101,974,359,574,22469,3844,2086,1207,1282,1119,804,458
1600000US1245060,1245060,"Miami Gardens city, Florida",113045,64,27551,5330,80596,5113,297,389,643,608,0,221,2746,1651,1212,898,173,281,1039,853
1600000US1245975,1245975,"Miramar city, Florida",138461,51,59449,7223,63479,6868,105,165,6993,2586,0,221,3234,1730,5201,3026,1115,1041,4086,2903
1600000US1253000,1253000,"Orlando city, Florida",277198,108,171406,7888,66863,6413,325,281,16538,4423,0,221,14238,4398,7828,2702,2173,1096,5655,2447
1600000US1254000,1254000,"Palm Bay city, Florida",110107,29,80018,4520,22943,4261,69,91,2169,1209,0,221,1225,924,3683,1546,145,239,3538,1550
1600000US1254200,1254200,"Palm Coast city, Florida",88337,2654,71957,2783,11091,1219,0,221,2013,652,0,221,2203,1274,1073,790,185,231,888,705
1600000US1255775,1255775,"Pembroke Pines city, Florida",168587,39,119719,5708,29914,5445,190,299,6724,2721,36,100,8999,2966,3005,1137,1460,777,1545,800
1600000US1256825,1256825,"Pine Hills CDP, Florida",76048,9408,11873,2875,53534,8186,0,221,1620,933,0,221,6072,5269,2949,1443,766,829,2183,1184
1600000US1257425,1257425,"Plantation city, Florida",92717,45,61607,4968,20844,4394,106,170,4425,1609,261,430,1982,1129,3492,1930,174,148,3318,1907
1600000US1258050,1258050,"Pompano Beach city, Florida",109380,44,66504,5815,36141,5927,235,217,1575,994,0,221,1514,747,3411,1427,285,277,3126,1404
1600000US1258715,1258715,"Port St. Lucie city, Florida",185136,29,140563,5395,32441,5208,982,981,4368,1474,0,221,2287,1825,4495,2074,1229,1393,3266,1500
1600000US1260950,1260950,"Riverview CDP, Florida",88941,7618,59779,7258,14214,3701,165,269,2534,1495,0,221,8340,3187,3909,2034,352,365,3557,2002
1600000US1263000,1263000,"St. Petersburg city, Florida",260991,47,180496,5240,57621,4660,437,267,9646,2539,28,53,4736,1728,8027,2818,764,521,7263,2664
1600000US1268350,1268350,"Spring Hill CDP, Florida",111189,4448,95781,4960,6864,1910,172,326,1970,765,0,221,2505,1564,3897,1650,394,502,3503,1465
1600000US1269700,1269700,"Sunrise city, Florida",93723,45,54600,4769,31336,4806,347,315,2844,1496,0,221,2429,1101,2167,1935,1392,1855,775,489
1600000US1270600,1270600,"Tallahassee city, Florida",190895,40,108352,3507,64902,3796,230,252,8779,1074,256,416,2247,996,6129,2503,270,210,5859,2491
1600000US1270675,1270675,"Tamarac city, Florida",65190,46,37053,4389,21365,4824,476,651,1756,1421,0,221,1904,1108,2636,1433,206,259,2430,1446
1600000US1271000,1271000,"Tampa city, Florida",377172,68,243107,7753,93801,6850,1568,1358,18514,3201,321,279,6591,1929,13270,2868,911,509,12359,2860
1600000US1271569,1271569,"The Hammocks CDP, Florida",65814,8141,55062,8015,2091,1068,49,81,1485,900,0,221,6039,3222,1088,1151,84,140,1004,1145
1600000US1272145,1272145,"Town 'n' Country CDP, Florida",87561,7803,70962,6718,6392,2327,400,431,2138,1106,501,566,2822,1516,4346,2853,611,398,3735,2832
1600000US1276582,1276582,"Weston city, Florida",70023,40,55982,3473,2035,1377,0,221,5173,2188,0,221,2214,1512,4619,2276,154,248,4465,2284
1600000US1276600,1276600,"West Palm Beach city, Florida",108149,56,65998,3902,36086,4013,359,587,2355,1112,0,221,757,704,2594,1200,522,387,2072,1161
1600000US1301052,1301052,"Albany city, Georgia",74904,2458,16133,1658,55766,2105,258,344,583,354,50,104,619,535,1495,1073,26,44,1469,1074
1600000US1301696,1301696,"Alpharetta city, Georgia",65334,30,41339,3100,7482,2704,126,187,14187,2579,0,218,1483,952,717,596,441,516,276,293
1600000US1303440,1303440,"Athens-Clarke County unified government (balance), Georgia",123456,523,77831,2042,34730,626,181,284,5209,558,33,60,3137,1903,2335,879,168,248,2167,810
1600000US1304000,1304000,"Atlanta city, Georgia",472506,67,190892,7313,240202,7409,2895,2322,20450,2661,209,286,3963,1524,13895,2502,1814,947,12081,2311
1600000US1304204,1304204,"Augusta-Richmond County consolidated government (balance), Georgia",196194,1808,73228,2115,112659,2231,584,286,4084,298,848,932,2376,1453,2415,971,195,174,2220,950
1600000US1319000,1319000,"Columbus city, Georgia",197485,*****,86603,1706,90127,2391,1159,290,4160,848,0,218,4517,1397,10919,2533,3340,1846,7579,2795
1600000US1342425,1342425,"Johns Creek city, Georgia",83884,50,52237,4438,6332,2578,220,318,20513,3263,0,218,1637,1435,2945,1420,219,360,2726,1343
1600000US1349008,1349008,"Macon-Bibb County, Georgia",152527,251,61167,1207,82447,1833,98,112,3089,242,0,218,1592,1263,4134,2053,247,346,3887,1997
1600000US1368516,1368516,"Sandy Springs city, Georgia",105720,63,62228,4472,24294,4054,5442,2620,7108,1826,0,218,1572,1257,5076,2787,707,873,4369,2671
1600000US1369000,1369000,"Savannah city, Georgia",146762,29,56773,3732,78846,3838,374,365,3496,1204,360,379,1786,860,5127,1874,413,347,4714,1839
1600000US1380508,1380508,"Warner Robins city, Georgia",74401,460,38579,3428,27641,3307,495,545,3142,1266,0,218,720,880,3824,1813,852,1021,2972,1537
1600000US1571550,1571550,"Urban Honolulu CDP, Hawaii",351769,82,63646,4806,5819,1692,638,375,183327,6716,34345,5729,2211,842,61783,6177,2229,979,59554,6043
1600000US1608830,1608830,"Boise City city, Idaho",223152,31,192811,2551,5055,2122,903,534,9096,1637,377,415,5102,2012,9808,2265,1793,1614,8015,2106
1600000US1656260,1656260,"Nampa city, Idaho",91375,40,73424,3716,48,71,1438,951,591,617,652,866,12794,3486,2428,1408,613,540,1815,1307
1600000US1703012,1703012,"Aurora city, Illinois",197107,5891,113373,7231,20755,3144,689,592,14434,3298,414,685,41859,6145,5583,2427,1796,1690,3787,1551
1600000US1706613,1706613,"Bloomington city, Illinois",78024,68,59864,2504,7882,1668,185,217,6404,1087,0,185,1357,1632,2332,979,725,574,1607,800
1600000US1707133,1707133,"Bolingbrook village, Illinois",73367,4360,35288,3617,13239,3372,116,133,10160,2600,0,185,9134,3984,5430,2445,839,692,4591,2337
1600000US1712385,1712385,"Champaign city, Illinois",86649,46,58594,2552,14078,2260,58,102,10589,1529,0,185,634,372,2696,1043,230,203,2466,999
1600000US1714000,1714000,"Chicago city, Illinois",2704965,51,1309585,20989,802457,14767,8551,2256,172298,8100,1261,633,336428,15619,74385,6555,18457,3305,55928,5785
1600000US1718823,1718823,"Decatur city, Illinois",71435,1943,49798,1885,13342,1582,211,308,670,502,0,185,529,344,6885,1487,149,168,6736,1479
1600000US1723074,1723074,"Elgin city, Illinois",114521,4778,59780,6582,5576,2059,894,732,8098,3041,0,185,36462,6467,3711,1705,2907,1577,804,535
1600000US1724582,1724582,"Evanston city, Illinois",74899,29,47073,3776,15095,3505,97,159,7431,1679,0,185,2615,1586,2588,863,218,257,2370,811
1600000US1738570,1738570,"Joliet city, Illinois",146410,4795,96170,6238,22839,3663,1181,1617,6221,2773,0,185,15902,3536,4097,1381,741,531,3356,1349
1600000US1751622,1751622,"Naperville city, Illinois",148063,1923,105313,5032,7876,2964,407,328,27981,3850,46,77,1498,1217,4942,1569,656,470,4286,1481
1600000US1757225,1757225,"Palatine village, Illinois",68725,32,49708,4123,1338,804,88,145,9280,3067,0,185,4502,2995,3809,2239,1416,1478,2393,1450
1600000US1759000,1759000,"Peoria city, Illinois",115588,2025,68927,2616,32475,1793,542,331,6684,617,0,185,1827,1123,5133,1940,537,391,4596,1826
1600000US1765000,1765000,"Rockford city, Illinois",147404,1851,99031,3154,31666,2431,103,165,5617,1034,0,185,4190,1442,6797,2027,628,491,6169,1973
1600000US1768003,1768003,"Schaumburg village, Illinois",73803,1280,43398,4310,2204,1384,494,408,19882,3064,0,185,5247,3444,2578,975,1268,687,1310,655
1600000US1770122,1770122,"Skokie village, Illinois",64292,75,36120,3678,6716,2880,627,690,16857,3485,0,185,2036,1690,1936,1096,1049,881,887,528
1600000US1772000,1772000,"Springfield city, Illinois",115511,30,84336,1231,24183,1510,35,63,3078,602,107,131,397,471,3375,1048,237,320,3138,999
1600000US1779293,1779293,"Waukegan city, Illinois",84467,3234,40852,3953,14079,2711,98,181,5346,1633,0,185,20607,4400,3485,1620,765,604,2720,1584
1600000US1805860,1805860,"Bloomington city, Indiana",86654,2530,71129,2356,3168,805,310,223,8697,962,0,192,610,466,2740,944,142,186,2598,907
1600000US1810342,1810342,"Carmel city, Indiana",90533,1661,74047,2871,2568,1198,97,89,10491,2229,0,192,1010,817,2320,1367,361,601,1959,1327
1600000US1822000,1822000,"Evansville city, Indiana",119407,3161,95744,3253,14647,1630,310,313,1138,797,1210,1261,1808,1423,4550,1317,248,294,4302,1319
1600000US1823278,1823278,"Fishers city, Indiana",88930,2589,75152,3240,5027,1436,0,192,5216,2036,0,192,910,989,2625,1413,0,192,2625,1413
1600000US1825000,1825000,"Fort Wayne city, Indiana",261342,4425,197350,4295,39177,2737,322,228,11820,1472,102,89,3694,1622,8877,2003,572,346,8305,1978
1600000US1827000,1827000,"Gary city, Indiana",74186,3598,9357,2161,61511,3407,101,117,169,172,53,89,1692,1363,1303,691,231,231,1072,597
1600000US1831000,1831000,"Hammond city, Indiana",77131,32,36718,3773,19262,3081,24,42,688,377,42,72,18500,3842,1897,829,1042,620,855,535
1600000US1836003,1836003,"Indianapolis city (balance), Indiana",852506,4892,518799,7182,238317,5904,2843,1526,26159,2000,244,170,37024,6399,29120,4826,3643,1661,25477,4626
1600000US1840788,1840788,"Lafayette city, Indiana",71311,3468,58419,3430,7599,1416,104,157,443,439,0,192,3509,1719,1237,896,367,447,870,780
1600000US1851876,1851876,"Muncie city, Indiana",68707,1760,55587,2130,8135,1303,226,191,1473,446,163,245,969,948,2154,879,148,187,2006,889
1600000US1871000,1871000,"South Bend city, Indiana",102442,3088,64131,3717,26796,2618,707,642,649,548,125,214,6238,2398,3796,1417,199,229,3597,1354
1600000US1901855,1901855,"Ames city, Iowa",66190,19,53860,616,1342,974,157,122,8289,293,0,159,340,227,2202,1129,46,84,2156,1126
1600000US1912000,1912000,"Cedar Rapids city, Iowa",131118,40,113375,1939,8301,1765,191,236,4837,798,90,124,480,426,3844,1259,157,261,3687,1234
1600000US1919000,1919000,"Davenport city, Iowa",102608,25,83468,1709,13300,1313,416,336,2329,926,0,159,1721,1408,1374,682,257,267,1117,636
1600000US1921000,1921000,"Des Moines city, Iowa",215328,84,160964,3177,24403,2286,299,306,13071,2156,71,124,7103,2258,9417,2110,706,723,8711,2068
1600000US1938595,1938595,"Iowa City city, Iowa",74384,53,57711,2523,6352,1403,0,159,5634,1654,0,159,3186,1812,1501,611,144,145,1357,612
1600000US1973335,1973335,"Sioux City city, Iowa",82105,3082,67712,3294,3720,976,627,573,3013,342,749,791,3038,1306,3246,1031,395,625,2851,907
1600000US1982425,1982425,"Waterloo city, Iowa",67940,29,52068,1255,10609,1416,437,307,1849,769,719,819,811,552,1447,656,0,159,1447,656
1600000US2036000,2036000,"Kansas City city, Kansas",153893,1631,88976,3544,36001,2213,1134,690,5963,1537,0,174,15480,3608,6339,2256,1063,920,5276,2160
1600000US2038900,2038900,"Lawrence city, Kansas",95355,21,76293,1642,4714,947,1486,625,5732,967,10,19,2904,1032,4216,1285,120,115,4096,1285
1600000US2052575,2052575,"Olathe city, Kansas",135474,40,115769,2981,8300,2445,383,302,5444,2067,0,174,1084,625,4494,1464,148,187,4346,1425
1600000US2053775,2053775,"Overland Park city, Kansas",188955,57,159728,3483,9308,1661,181,155,12327,2726,0,174,1859,1099,5552,1676,354,278,5198,1633
1600000US2064500,2064500,"Shawnee city, Kansas",65215,73,53945,3574,2244,901,0,174,4882,3354,0,174,1187,846,2957,1361,231,350,2726,1316
1600000US2071000,2071000,"Topeka city, Kansas",126812,28,94906,3375,14271,1556,1060,532,1928,744,127,200,9074,3321,5446,1650,473,523,4973,1534
1600000US2079000,2079000,"Wichita city, Kansas",389927,90,290548,5204,40640,3244,3125,994,18943,1504,0,174,17431,4634,19240,3610,2027,860,17213,3515
1600000US2108902,2108902,"Bowling Green city, Kentucky",65239,28,47357,1673,10170,1264,58,89,3883,602,0,190,1866,1125,1905,1140,634,609,1271,970
1600000US2146027,2146027,"Lexington-Fayette urban county, Kentucky",318449,*****,238917,3753,46097,1483,1080,448,11699,990,201,324,10307,3881,10148,2057,1433,755,8715,1904
1600000US2148006,2148006,"Louisville/Jefferson County metro government (balance), Kentucky",616261,61,432485,4454,146430,4840,907,531,16079,1944,355,209,3785,1703,16220,2785,1256,624,14964,2624
1600000US2205000,2205000,"Baton Rouge city, Louisiana",227707,44,84704,5293,127685,5635,156,158,8216,1763,0,208,4624,2259,2322,929,270,291,2052,873
1600000US2208920,2208920,"Bossier City city, Louisiana",68485,23,46170,2502,18259,2559,173,213,1173,593,123,198,613,404,1974,838,279,425,1695,752
1600000US2239475,2239475,"Kenner city, Louisiana",67094,29,39750,3878,19622,3586,183,196,1846,1347,0,208,4890,2273,803,439,374,325,429,322
1600000US2240735,2240735,"Lafayette city, Louisiana",127625,30,77710,3589,43551,3568,220,322,2386,1179,0,208,1292,856,2466,1805,0,208,2466,1805
1600000US2241155,2241155,"Lake Charles city, Louisiana",76861,48,34343,2858,38397,2797,320,354,796,465,0,208,800,1096,2205,1603,190,358,2015,1506
1600000US2250115,2250115,"Metairie CDP, Louisiana",143475,7471,118166,6460,12781,3299,212,267,4607,1861,0,208,4629,2566,3080,1376,971,1134,2109,1007
1600000US2255000,2255000,"New Orleans city, Louisiana",391495,*****,133434,1538,233836,1939,434,271,11721,380,97,120,4750,1666,7223,1320,364,291,6859,1343
1600000US2270000,2270000,"Shreveport city, Louisiana",194472,915,74555,3592,111255,2945,422,343,3228,744,0,208,3470,2097,1542,749,257,262,1285,704
1600000US2360545,2360545,"Portland city, Maine",66945,35,55083,1738,6415,1502,443,327,2757,925,0,172,183,179,2064,1048,0,172,2064,1048
1600000US2404000,2404000,"Baltimore city, Maryland",614664,*****,189260,2616,384465,3192,1800,782,15149,1185,604,706,9016,2771,14370,2953,976,463,13394,2864
1600000US2419125,2419125,"Columbia CDP, Maryland",107308,6439,60356,5008,25419,4127,179,155,14815,3103,56,94,1462,981,5021,1738,211,287,4810,1680
1600000US2426000,2426000,"Ellicott City CDP, Maryland",68683,4247,39723,4464,7059,2421,114,138,19451,2928,0,198,151,186,2185,1280,0,198,2185,1280
1600000US2430325,2430325,"Frederick city, Maryland",70062,28,45504,2588,14990,2184,413,316,6639,1963,58,95,579,594,1879,831,178,210,1701,730
1600000US2431175,2431175,"Gaithersburg city, Maryland",67760,56,35630,4199,13969,4226,555,553,10407,2267,0,198,4016,2439,3183,1287,286,236,2897,1204
1600000US2432025,2432025,"Germantown CDP, Maryland",89940,7981,44676,5910,22214,4257,0,198,17495,3142,0,198,3206,2053,2349,1104,810,679,1539,855
1600000US2432650,2432650,"Glen Burnie CDP, Maryland",69499,6257,42028,5513,16211,3829,164,208,4146,1907,0,198,4382,2378,2568,1288,444,497,2124,1339
1600000US2467675,2467675,"Rockville city, Maryland",66927,58,42281,3578,7271,3311,109,133,11610,2172,0,198,3020,1889,2636,1144,76,127,2560,1188
1600000US2472450,2472450,"Silver Spring CDP, Maryland",85988,7291,34148,3438,28099,5162,0,198,7464,2084,0,198,11661,4993,4616,2464,490,770,4126,2353
1600000US2481175,2481175,"Waldorf CDP, Maryland",75448,4374,21002,3200,46501,4039,193,316,3073,1082,0,198,436,371,4243,1834,110,122,4133,1834
1600000US2507000,2507000,"Boston city, Massachusetts",672840,3173,358210,5619,173312,5324,2296,808,65982,1883,252,249,34687,4972,38101,5936,2721,945,35380,5875
1600000US2509000,2509000,"Brockton city, Massachusetts",95623,39,37260,3027,38925,3863,306,295,866,641,0,203,15653,3914,2613,1096,1219,712,1394,790
1600000US2511000,2511000,"Cambridge city, Massachusetts",110644,38,70479,3366,12602,2960,603,432,19813,2657,54,89,2043,928,5050,1276,488,426,4562,1181
1600000US2523000,2523000,"Fall River city, Massachusetts",88929,24,69825,3060,4468,1806,9,20,1544,846,0,203,9246,2902,3837,1154,531,348,3306,1133
1600000US2524960,2524960,"Framingham CDP, Massachusetts",71583,47,52862,3674,3933,1882,56,92,6419,2272,0,203,5733,2618,2580,1402,0,203,2580,1402
1600000US2534550,2534550,"Lawrence city, Massachusetts",80216,29,54819,4150,4582,1989,462,674,1564,1321,0,203,16735,3301,2054,1116,693,605,1361,807
1600000US2537000,2537000,"Lowell city, Massachusetts",110572,61,66794,4103,8912,2766,708,486,25541,4362,177,296,6025,2368,2415,937,582,386,1833,901
1600000US2537490,2537490,"Lynn city, Massachusetts",92708,38,42184,4529,10866,1958,387,313,6618,1827,169,270,26780,4645,5704,2162,833,555,4871,2132
1600000US2545000,2545000,"New Bedford city, Massachusetts",95035,30,60966,3356,6507,2209,59,78,1818,1237,65,135,21804,2976,3816,1164,1669,995,2147,772
1600000US2545560,2545560,"Newton city, Massachusetts",89041,28,68478,3071,1976,810,193,206,12285,2513,27,49,2941,1610,3141,1151,240,235,2901,1159
1600000US2555745,2555745,"Quincy city, Massachusetts",93686,24,55449,4209,4817,1809,387,526,28905,4027,0,203,709,820,3419,1775,0,203,3419,1775
1600000US2562535,2562535,"Somerville city, Massachusetts",81324,22,59418,3340,5658,2142,236,361,8985,2724,0,203,4971,2491,2056,816,129,218,1927,773
1600000US2567000,2567000,"Springfield city, Massachusetts",154079,29,101679,4689,32511,2798,341,385,2963,1012,0,203,8995,2743,7590,2655,2415,1833,5175,2222
1600000US2582000,2582000,"Worcester city, Massachusetts",184509,36,122478,4614,26775,2780,712,477,14312,2644,49,80,14074,3714,6109,2019,1422,1207,4687,1377
1600000US2603000,2603000,"Ann Arbor city, Michigan",120777,33,86008,2822,7583,1343,15,33,19147,1747,179,292,1068,725,6777,2440,282,324,6495,2386
1600000US2621000,2621000,"Dearborn city, Michigan",94430,52,86617,2674,3368,1473,176,204,1454,737,0,168,83,132,2732,1766,166,220,2566,1802
1600000US2622000,2622000,"Detroit city, Michigan",672829,107,91180,5814,531876,4944,2173,685,12282,3067,69,122,23772,4394,11477,2197,1816,760,9661,2028
1600000US2627440,2627440,"Farmington Hills city, Michigan",81130,32,54491,2682,16354,2774,30,54,8113,1996,0,168,352,352,1790,743,351,336,1439,662
1600000US2629000,2629000,"Flint city, Michigan",97379,35,40448,3551,51392,3587,245,215,302,200,0,168,770,819,4222,1319,71,89,4151,1318
1600000US2634000,2634000,"Grand Rapids city, Michigan",196458,48,131297,5589,36737,3754,795,475,4295,1323,67,108,11652,3669,11615,3003,1246,792,10369,3012
1600000US2642160,2642160,"Kalamazoo city, Michigan",75988,32,54153,2538,15050,2318,0,168,1262,535,0,168,623,525,4900,1541,195,200,4705,1542
1600000US2646000,2646000,"Lansing city, Michigan",117400,1797,71639,3276,26068,2794,704,370,4377,1593,187,225,3389,1376,11036,2479,1042,749,9994,2452
1600000US2649000,2649000,"Livonia city, Michigan",94044,28,83902,2022,5150,1383,46,78,2916,1244,62,119,125,140,1843,593,0,168,1843,593
1600000US2669035,2669035,"Rochester Hills city, Michigan",73418,30,55002,2759,4961,2356,112,138,11280,2298,0,168,512,447,1551,737,0,168,1551,737
1600000US2674900,2674900,"Southfield city, Michigan",73093,31,14906,2199,51660,2656,193,166,1870,1271,0,168,1062,738,3402,1153,46,68,3356,1140
1600000US2676460,2676460,"Sterling Heights city, Michigan",132442,54,111033,4071,7902,2961,416,481,9448,2146,0,168,816,598,2827,1311,248,302,2579,1271
1600000US2680700,2680700,"Troy city, Michigan",83651,46,60510,2846,2082,1045,149,132,18926,2842,0,168,45,76,1939,758,41,65,1898,755
1600000US2684000,2684000,"Warren city, Michigan",135121,38,97309,4150,23298,3877,163,139,11198,1898,0,168,412,529,2741,820,134,122,2607,815
1600000US2686000,2686000,"Westland city, Michigan",81543,27,61033,3064,14778,2880,605,735,2186,841,81,147,1042,626,1818,736,131,161,1687,732
1600000US2688940,2688940,"Wyoming city, Michigan",75560,35,58050,3478,6068,2131,645,517,1326,808,0,168,4424,2365,5047,1797,764,670,4283,1525
1600000US2706616,2706616,"Bloomington city, Minnesota",85337,64,63158,3594,8460,2585,440,348,3280,1288,70,123,6934,3041,2995,1096,499,515,2496,1054
1600000US2707966,2707966,"Brooklyn Park city, Minnesota",79708,31,37162,5036,25670,5074,502,601,12079,2968,252,315,1431,1128,2612,1712,107,175,2505,1726
1600000US2717000,2717000,"Duluth city, Minnesota",86300,35,76930,1142,2365,544,2877,882,1686,455,35,60,185,207,2222,609,89,118,2133,570
1600000US2717288,2717288,"Eagan city, Minnesota",66431,29,53795,2568,5911,2186,510,465,3577,1153,0,149,900,692,1738,814,0,149,1738,814
1600000US2740166,2740166,"Maple Grove city, Minnesota",69569,32,58432,3170,3867,1636,40,67,4833,2935,0,149,221,236,2176,1279,0,149,2176,1279
1600000US2743000,2743000,"Minneapolis city, Minnesota",413645,45,265776,6680,74766,6938,6083,1545,27385,2845,39,73,20011,4091,19585,2698,1497,637,18088,2597
1600000US2751730,2751730,"Plymouth city, Minnesota",77231,55,62217,3160,2290,1211,503,692,9482,2767,0,149,838,757,1901,907,128,158,1773,901
1600000US2754880,2754880,"Rochester city, Minnesota",114008,26,90714,1128,8806,936,900,427,8682,815,0,149,2092,1118,2814,1170,282,224,2532,1142
1600000US2756896,2756896,"St. Cloud city, Minnesota",67396,2364,52486,2703,10786,1594,208,226,2003,710,0,149,792,528,1121,656,42,76,1079,646
1600000US2758000,2758000,"St. Paul city, Minnesota",302403,35,172623,5051,45923,4083,2283,797,55056,3475,114,178,10257,2524,16147,3028,1125,543,15022,3061
1600000US2771428,2771428,"Woodbury city, Minnesota",68824,28,52205,2807,5341,2203,143,233,6347,1822,66,111,1221,739,3501,1889,1699,1533,1802,1100
1600000US2829700,2829700,"Gulfport city, Mississippi",72077,29,42464,3324,25043,3130,981,539,1559,922,0,213,596,532,1434,864,337,463,1097,749
1600000US2915670,2915670,"Columbia city, Missouri",120606,30,90760,2269,14038,1873,775,588,8900,549,0,187,1938,1681,4195,1628,142,246,4053,1622
1600000US2935000,2935000,"Independence city, Missouri",117031,34,93723,3969,8276,3262,488,443,2579,1362,1999,993,6153,2691,3813,2329,0,187,3813,2329
1600000US2938000,2938000,"Kansas City city, Missouri",481360,151,296737,5808,137333,6007,1368,591,14876,1897,1010,1050,17566,3524,12470,2615,1673,1130,10797,2484
1600000US2941348,2941348,"Lee's Summit city, Missouri",95782,525,81770,3222,7660,2680,389,314,1049,607,0,187,1390,1198,3524,2352,0,187,3524,2352
1600000US2964082,2964082,"St. Charles city, Missouri",69293,31,58544,2788,3824,1600,294,291,3560,1793,0,187,620,557,2451,1188,22,37,2429,1186
1600000US2964550,2964550,"St. Joseph city, Missouri",76506,1882,66049,2145,4448,1127,336,281,1048,318,0,187,1560,1010,3065,1225,143,148,2922,1219
1600000US2965000,2965000,"St. Louis city, Missouri",311404,*****,144752,1300,145886,1916,762,506,10264,764,88,111,3317,1743,6335,1718,161,136,6174,1748
1600000US2970000,2970000,"Springfield city, Missouri",167313,33,144488,2328,8173,1336,1498,689,2659,932,110,123,4216,1592,6169,1668,429,513,5740,1625
1600000US3006550,3006550,"Billings city, Montana",110314,36,99661,1241,823,563,4856,1831,934,401,0,168,421,336,3619,1585,239,244,3380,1555
1600000US3050200,3050200,"Missoula city, Montana",72362,24,66023,1338,690,611,2037,1132,1298,732,0,168,237,246,2077,948,394,369,1683,905
1600000US3128000,3128000,"Lincoln city, Nebraska",280369,29,239577,1917,12309,1910,1863,539,12093,2738,3,8,4657,1409,9867,3184,665,493,9202,3146
1600000US3137000,3137000,"Omaha city, Nebraska",446956,66,349668,3059,54432,3090,1316,466,16599,1937,284,256,9516,2340,15141,2340,923,571,14218,2168
1600000US3223770,3223770,"Enterprise CDP, Nevada",139509,11035,73283,7942,11682,3707,527,450,33565,5751,1641,1313,7446,4905,11365,3037,959,505,10406,3019
1600000US3231900,3231900,"Henderson city, Nevada",292977,50,227367,6154,15739,3188,2274,1791,19841,4042,2751,1575,11140,2993,13865,2588,2132,1012,11733,2260
1600000US3240000,3240000,"Las Vegas city, Nevada",632916,61,397592,11356,87268,7436,3233,1777,40180,5959,3947,1768,71341,8176,29355,4456,4653,1958,24702,4086
1600000US3251800,3251800,"North Las Vegas city, Nevada",238689,54,138581,7291,46263,5968,2133,1208,14661,2766,1632,1328,23397,4833,12022,2837,1263,675,10759,2708
1600000US3254600,3254600,"Paradise CDP, Nevada",242013,13183,147322,8659,21728,4126,969,490,30095,5488,2794,1731,27449,5848,11656,3206,2316,1165,9340,3040
1600000US3260600,3260600,"Reno city, Nevada",245251,44,186547,5777,6881,1560,3211,1019,15733,2219,1637,669,18999,4374,12243,3287,2265,2668,9978,2459
1600000US3268400,3268400,"Sparks city, Nevada",98346,35,75152,3823,1527,921,509,518,6995,1773,457,341,9274,3184,4432,1660,142,142,4290,1696
1600000US3268585,3268585,"Spring Valley CDP, Nevada",205933,10653,102742,7879,23948,4447,1228,652,43110,6198,2477,1420,16821,4544,15607,4333,2593,1937,13014,3588
1600000US3271400,3271400,"Sunrise Manor CDP, Nevada",193357,10355,99257,8910,23391,4199,2333,1520,10593,2757,921,781,50221,8850,6641,2009,2384,1250,4257,1561
1600000US3345140,3345140,"Manchester city, New Hampshire",110499,36,94304,2949,5058,1753,234,206,6062,2064,0,187,1406,990,3435,1217,537,424,2898,1117
1600000US3350260,3350260,"Nashua city, New Hampshire",87889,30,74604,3297,3104,1556,170,278,5392,1958,32,60,2415,1298,2172,1087,0,187,2172,1087
1600000US3403580,3403580,"Bayonne city, New Jersey",66224,53,40253,3541,5665,1916,67,113,6941,2241,202,240,7216,2719,5880,2424,2874,2215,3006,1468
1600000US3410000,3410000,"Camden city, New Jersey",74417,30,19692,3894,28699,4009,743,676,2230,1262,0,200,21260,4057,1793,1119,253,356,1540,1081
1600000US3413690,3413690,"Clifton city, New Jersey",85847,31,58072,4161,4920,2095,22,69,9904,1877,180,296,11026,3045,1723,1033,584,517,1139,865
1600000US3419390,3419390,"East Orange city, New Jersey",64797,31,2425,1148,54171,2723,384,643,498,420,0,200,6148,2922,1171,662,413,449,758,544
1600000US3421000,3421000,"Elizabeth city, New Jersey",128638,30,51210,4787,25183,4125,431,476,2157,1066,0,200,45327,5810,4330,1537,1033,652,3297,1518
1600000US3436000,3436000,"Jersey City city, New Jersey",264161,48,88979,6647,61338,3603,1040,659,67062,4281,195,303,34793,5759,10754,2349,4577,1937,6177,1580
1600000US3451000,3451000,"Newark city, New Jersey",281770,38,85918,6595,140673,5597,767,538,5556,1849,0,200,41042,5596,7814,3208,1814,702,6000,3161
1600000US3456550,3456550,"Passaic city, New Jersey",70646,45,50865,3424,8124,2413,426,679,1310,851,0,200,8598,2543,1323,841,649,517,674,704
1600000US3457000,3457000,"Paterson city, New Jersey",147011,39,50202,4777,38447,3517,119,142,4954,1909,0,200,47944,5314,5345,2033,1532,1092,3813,1656
1600000US3473110,3473110,"Toms River CDP, New Jersey",88283,942,78571,2371,2032,820,84,98,3188,1260,71,140,1647,1258,2690,1046,207,330,2483,1035
1600000US3474000,3474000,"Trenton city, New Jersey",84065,36,38904,3510,41065,3208,274,346,1138,733,0,200,1879,1031,805,516,132,123,673,478
1600000US3474630,3474630,"Union City city, New Jersey",69298,28,51525,2953,4333,1367,70,89,3079,1726,279,459,7332,2264,2680,1150,1324,651,1356,898
1600000US3502000,3502000,"Albuquerque city, New Mexico",559270,40,395010,9080,17927,1687,27901,3532,16427,1712,498,548,80755,8185,20752,3596,8584,2406,12168,2782
1600000US3539380,3539380,"Las Cruces city, New Mexico",101760,28,91988,1550,2831,633,924,530,2095,435,69,130,2815,1232,1038,572,355,322,683,471
1600000US3563460,3563460,"Rio Rancho city, New Mexico",96022,27,76335,3058,2909,461,3133,1523,1271,512,0,195,7392,2815,4982,1364,771,504,4211,1253
1600000US3570500,3570500,"Santa Fe city, New Mexico",83881,35,74454,1952,904,283,1952,671,404,465,20,39,4262,1510,1885,737,808,393,1077,611
1600000US3601000,3601000,"Albany city, New York",98106,53,51681,3016,30354,2645,224,322,6418,1803,0,192,3430,1381,5999,1974,795,572,5204,2054
1600000US3608026,3608026,"Brentwood CDP, New York",62132,6543,38085,6161,8268,3852,268,445,690,576,0,192,12825,4358,1996,1519,986,956,1010,1219
1600000US3611000,3611000,"Buffalo city, New York",256908,38,120967,4783,94657,3356,1281,791,16617,2901,240,193,13529,2907,9617,2376,2292,1297,7325,1810
1600000US3615000,3615000,"Cheektowaga CDP, New York",73199,2789,60001,2963,9361,2214,68,103,2122,1201,0,192,137,155,1510,560,0,192,1510,560
1600000US3649121,3649121,"Mount Vernon city, New York",68348,29,18891,3445,40981,3703,246,225,1682,1307,0,192,4928,1745,1620,1155,855,909,765,649
1600000US3650617,3650617,"New Rochelle city, New York",79558,29,51526,4086,14741,2833,41,80,3484,1437,0,192,7558,2629,2208,933,1404,814,804,437
1600000US3651000,3651000,"New York city, New York",8537673,*****,3627375,20638,2073102,14870,31806,4920,1205911,9551,4940,1712,1286959,28639,307580,16604,90212,9868,217368,13005
1600000US3663000,3663000,"Rochester city, New York",208886,36,99699,4915,85771,4341,1552,799,4967,1481,61,52,7442,2005,9394,2493,1187,939,8207,2320
1600000US3665508,3665508,"Schenectady city, New York",64907,35,37382,2421,12691,2399,258,305,3291,971,191,346,6790,2739,4304,1508,1149,880,3155,1295
1600000US3673000,3673000,"Syracuse city, New York",143378,31,78868,2538,41560,2394,959,582,8529,1580,0,192,4018,1096,9444,1969,391,272,9053,1923
1600000US3684000,3684000,"Yonkers city, New York",200792,61,97326,5841,43358,5442,537,588,15158,2740,76,91,33530,6077,10807,3604,4631,2816,6176,2442
1600000US3702140,3702140,"Asheville city, North Carolina",89098,76,72342,2032,11111,1808,57,102,2570,983,0,203,105,161,2913,1318,150,149,2763,1353
1600000US3710740,3710740,"Cary town, North Carolina",164007,921,113872,4805,11114,3212,951,562,28520,2946,0,203,5221,3088,4329,1275,408,372,3921,1195
1600000US3712000,3712000,"Charlotte city, North Carolina",842029,96,414560,8387,302904,6557,2358,969,53235,2473,786,301,46279,6848,21907,3054,1779,912,20128,3114
1600000US3714100,3714100,"Concord city, North Carolina",89895,32,60717,3068,17296,2805,53,109,4079,1321,49,82,4855,2360,2846,1231,446,410,2400,1107
1600000US3719000,3719000,"Durham city, North Carolina",262989,23,130718,3594,100950,2920,392,249,14462,1365,267,315,8616,2536,7584,2025,544,522,7040,1955
1600000US3722920,3722920,"Fayetteville city, North Carolina",204777,68,91948,3831,88517,3300,2215,1110,5341,1238,510,291,5348,1929,10898,2159,815,504,10083,2058
1600000US3725580,3725580,"Gastonia city, North Carolina",75537,31,48137,2692,19907,2559,45,69,1885,875,0,203,2643,1351,2920,1506,313,326,2607,1505
1600000US3728000,3728000,"Greensboro city, North Carolina",287019,53,139564,5468,115211,5316,1220,657,14430,2323,295,405,9424,2728,6875,2593,734,919,6141,2628
1600000US3728080,3728080,"Greenville city, North Carolina",91500,34,50433,3252,34227,3660,537,261,2208,1039,64,101,1981,2087,2050,1301,79,138,1971,1219
1600000US3731400,3731400,"High Point city, North Carolina",115299,3691,58540,4875,41346,4488,300,207,8100,2791,0,203,4025,2073,2988,1666,124,186,2864,1654
1600000US3734200,3734200,"Jacksonville city, North Carolina",67795,45,48166,3148,9896,2357,376,284,1179,752,275,206,1581,1398,6322,2670,1714,1954,4608,1987
1600000US3755000,3755000,"Raleigh city, North Carolina",458862,405,272643,7159,133592,6824,1445,791,21468,3573,87,145,17389,5493,12238,3255,1101,645,11137,3195
1600000US3774440,3774440,"Wilmington city, North Carolina",117545,71,89065,3333,21336,2867,453,491,1666,763,0,203,1027,706,3998,1587,0,203,3998,1587
1600000US3775000,3775000,"Winston-Salem city, North Carolina",242200,43,138133,3947,84404,4403,825,427,5279,897,21,40,7175,2409,6363,2174,731,605,5632,2059
1600000US3807200,3807200,"Bismarck city, North Dakota",68780,2762,61360,2709,2026,456,3448,1228,674,757,131,231,80,143,1061,775,20,41,1041,767
1600000US3825700,3825700,"Fargo city, North Dakota",120235,2348,103380,2822,6237,1684,1367,624,4151,1057,0,155,668,853,4432,1644,344,440,4088,1539
1600000US3901000,3901000,"Akron city, Ohio",197634,29,116967,4232,61945,3909,378,292,9274,2244,0,189,1104,895,7966,2266,113,116,7853,2261
1600000US3912000,3912000,"Canton city, Ohio",71329,34,45306,2415,18226,2094,0,189,286,288,0,189,1638,1206,5873,1857,541,358,5332,1768
1600000US3915000,3915000,"Cincinnati city, Ohio",298802,35,152794,5647,124696,6609,102,103,5095,1297,0,189,4889,1973,11226,3362,288,290,10938,3253
1600000US3916000,3916000,"Cleveland city, Ohio",385810,45,154487,5789,191178,5874,1528,650,8047,1461,135,127,14295,2619,16140,3009,2800,1213,13340,2894
1600000US3918000,3918000,"Columbus city, Ohio",862643,3517,519035,7738,249181,6883,1222,608,44835,3670,747,393,12768,3775,34855,4550,1850,1064,33005,4179
1600000US3921000,3921000,"Dayton city, Ohio",140478,53,77082,3874,57999,3552,127,172,1481,808,270,262,233,176,3286,1181,285,236,3001,1136
1600000US3944856,3944856,"Lorain city, Ohio",63736,32,44806,2272,11485,1890,362,244,554,745,174,278,2610,1034,3745,1630,474,394,3271,1593
1600000US3961000,3961000,"Parma city, Ohio",79423,25,71112,2477,2978,1423,0,189,1798,871,0,189,1384,1032,2151,1273,0,189,2151,1273
1600000US3977000,3977000,"Toledo city, Ohio",278512,36,175137,3203,76608,2975,727,427,2722,950,146,235,9294,1753,13878,2584,2846,1416,11032,2130
1600000US3988000,3988000,"Youngstown city, Ohio",64301,24,32155,2124,25980,2210,122,108,309,261,0,189,1319,713,4416,1846,35,62,4381,1846
1600000US4009050,4009050,"Broken Arrow city, Oklahoma",109439,1943,86693,2739,3966,1162,5688,1181,3507,1092,0,159,1553,809,8032,1374,651,501,7381,1349
1600000US4023200,4023200,"Edmond city, Oklahoma",91187,31,74020,2698,5258,1901,1789,696,2691,992,0,159,351,311,7078,1971,24,47,7054,1969
1600000US4041850,4041850,"Lawton city, Oklahoma",94652,24,56540,2287,21074,1572,3863,1367,2400,738,170,206,2602,1214,8003,1769,664,494,7339,1595
1600000US4052500,4052500,"Norman city, Oklahoma",122186,37,93564,2876,6069,1375,5080,1479,7458,1687,112,165,828,578,9075,1736,708,414,8367,1695
1600000US4055000,4055000,"Oklahoma City city, Oklahoma",638311,73,433765,7043,92689,4606,21571,3138,25383,2717,986,503,22760,4521,41157,4354,2472,1264,38685,4405
1600000US4075000,4075000,"Tulsa city, Oklahoma",403622,1399,255063,4010,61480,2599,19345,2198,13046,1762,279,162,22776,2599,31633,2806,2037,670,29596,2718
1600000US4105350,4105350,"Beaverton city, Oregon",97602,50,72296,3935,2177,832,325,316,9606,2036,98,197,7764,3872,5336,2069,1420,1093,3916,1804
1600000US4105800,4105800,"Bend city, Oregon",91123,19,86288,1395,538,493,159,196,1102,532,0,201,770,501,2266,869,247,345,2019,798
1600000US4123850,4123850,"Eugene city, Oregon",166581,39,141176,2579,2998,968,2394,1261,7272,1436,490,349,3191,1582,9060,1937,427,310,8633,1959
1600000US4131250,4131250,"Gresham city, Oregon",111521,35,90533,3869,5483,2212,1900,1085,4357,1658,318,414,3415,1946,5515,1798,281,330,5234,1720
1600000US4134100,4134100,"Hillsboro city, Oregon",105171,38,70620,4757,3134,1978,567,668,13785,2189,1861,1477,6439,2464,8765,3272,2330,2206,6435,2834
1600000US4147000,4147000,"Medford city, Oregon",81621,50,69756,2511,503,519,1481,1200,1559,559,404,243,2752,2297,5166,1577,462,513,4704,1453
1600000US4159000,4159000,"Portland city, Oregon",639635,1164,497999,5118,38807,3308,3558,1151,49174,3181,4329,1598,11484,2945,34284,3715,1556,715,32728,3626
1600000US4164900,4164900,"Salem city, Oregon",167421,36,137347,4995,1449,995,1611,774,5528,1379,1992,1430,7977,2731,11517,3508,712,487,10805,3505
1600000US4202000,4202000,"Allentown city, Pennsylvania",120440,27,74100,5119,16625,3032,0,174,2408,910,0,174,21938,4364,5369,1719,1774,1336,3595,1318
1600000US4206088,4206088,"Bethlehem city, Pennsylvania",76427,2687,62136,3135,5918,1917,320,277,2185,740,0,174,2970,1079,2898,1186,1041,659,1857,931
1600000US4224000,4224000,"Erie city, Pennsylvania",98601,33,74635,2037,15557,2035,427,297,3468,844,153,247,1584,1014,2777,873,239,180,2538,860
1600000US4260000,4260000,"Philadelphia city, Pennsylvania",1567872,*****,634111,9099,661032,6667,5521,1410,110733,2985,480,298,104892,8590,51103,5880,10716,3221,40387,5480
1600000US4261000,4261000,"Pittsburgh city, Pennsylvania",303624,35,205201,5336,69010,4610,338,284,17031,2694,245,395,1154,665,10645,2657,333,264,10312,2617
1600000US4263624,4263624,"Reading city, Pennsylvania",87575,28,47324,4806,8057,1753,3377,2379,786,676,0,174,8359,2222,19672,4166,621,379,19051,4204
1600000US4269000,4269000,"Scranton city, Pennsylvania",77294,24,65080,1702,4855,1306,176,155,3102,945,0,174,547,345,3534,1635,47,82,3487,1631
1600000US4419180,4419180,"Cranston city, Rhode Island",81025,39,68119,2652,3943,1663,350,525,3904,1757,48,78,2866,1602,1795,945,740,657,1055,667
1600000US4454640,4454640,"Pawtucket city, Rhode Island",71434,36,46471,3200,10676,2115,937,1035,2391,1339,135,233,6243,1875,4581,1742,1320,875,3261,1478
1600000US4459000,4459000,"Providence city, Rhode Island",179214,35,94085,5896,23938,3639,3066,1350,10651,2251,175,165,38609,5780,8690,2697,2222,1404,6468,2133
1600000US4474300,4474300,"Warwick city, Rhode Island",81576,23,73326,1451,1557,589,196,271,2691,1363,128,203,987,796,2691,1183,47,75,2644,1186
1600000US4513330,4513330,"Charleston city, South Carolina",137539,2440,100430,4811,32447,3797,123,135,2724,1180,0,207,189,279,1626,651,117,130,1509,627
1600000US4516000,4516000,"Columbia city, South Carolina",133972,297,70338,4064,53642,4304,42,78,3734,1025,545,671,2213,1352,3458,1063,242,179,3216,1046
1600000US4530850,4530850,"Greenville city, South Carolina",67447,30,45907,3126,17812,2888,149,183,1719,731,0,207,950,931,910,422,78,99,832,408
1600000US4548535,4548535,"Mount Pleasant town, South Carolina",84177,33,77894,2697,3142,2535,417,334,977,773,0,207,127,149,1620,711,100,168,1520,675
1600000US4550875,4550875,"North Charleston city, South Carolina",112147,4644,57640,5256,47074,3839,86,135,1919,1116,0,207,1888,1013,3540,1856,74,141,3466,1844
1600000US4561405,4561405,"Rock Hill city, South Carolina",72926,46,37188,2989,28992,2982,0,207,1979,1199,38,71,3111,1897,1618,943,492,548,1126,750
1600000US4652980,4652980,"Rapid City city, South Dakota",74050,26,58856,1402,660,414,9240,1902,1149,380,0,157,170,202,3975,1416,712,733,3263,1303
1600000US4659020,4659020,"Sioux Falls city, South Dakota",174350,38,147395,1686,9170,1265,3859,1042,5214,1041,39,58,3220,1575,5453,1528,549,409,4904,1531
1600000US4714000,4714000,"Chattanooga city, Tennessee",177582,49,109586,3888,58157,3801,89,136,4913,1134,0,204,589,514,4248,1724,212,140,4036,1696
1600000US4715160,4715160,"Clarksville city, Tennessee",150280,37,100415,2000,34363,2554,1383,427,4612,819,1375,1847,2057,1392,6075,1520,648,531,5427,1446
1600000US4727740,4727740,"Franklin city, Tennessee",74788,34,63519,1873,3459,1080,0,204,4923,1084,0,204,764,924,2123,1139,863,822,1260,679
1600000US4737640,4737640,"Jackson city, Tennessee",67006,23,34444,1507,30599,1627,53,91,767,346,0,204,344,465,799,443,115,169,684,413
1600000US4738320,4738320,"Johnson City city, Tennessee",66976,1098,57820,1816,4234,1367,903,761,1601,434,64,117,196,214,2158,1028,0,204,2158,1028
1600000US4740000,4740000,"Knoxville city, Tennessee",186238,32,139049,3403,32994,2945,1081,592,4349,1459,261,310,4245,2073,4259,1440,121,147,4138,1434
1600000US4748000,4748000,"Memphis city, Tennessee",652752,122,183086,7224,421114,7009,1994,1550,10394,2215,98,89,27059,4279,9007,2330,1194,608,7813,2183
1600000US4751560,4751560,"Murfreesboro city, Tennessee",131939,37,99290,3314,22653,2762,0,204,4537,2029,0,204,788,721,4671,1470,174,295,4497,1466
1600000US4752006,4752006,"Nashville-Davidson metropolitan government (balance), Tennessee",660393,30,422479,3722,184132,3283,1108,612,25558,1022,605,204,10712,3228,15799,3075,1099,808,14700,2971
1600000US4801000,4801000,"Abilene city, Texas",128272,3320,93584,3655,13479,1443,1258,316,3471,656,8,15,12306,2619,4166,1471,1215,823,2951,1265
1600000US4801924,4801924,"Allen city, Texas",99166,51,67115,5192,9165,3060,191,214,16807,4095,0,220,2017,1276,3871,1747,307,361,3564,1749
1600000US4803000,4803000,"Amarillo city, Texas",197812,2701,161939,3275,13360,1439,1071,483,7837,1220,239,277,6388,1992,6978,2139,1018,636,5960,2046
1600000US4804000,4804000,"Arlington city, Texas",392787,67,246424,10957,84751,8787,2107,1398,23540,4039,942,771,22408,6661,12615,2472,1448,732,11167,2357
1600000US4804462,4804462,"Atascocita CDP, Texas",72763,9049,52055,7072,14522,4309,75,125,2259,1582,329,539,1734,1063,1789,830,179,213,1610,846
1600000US4805000,4805000,"Austin city, Texas",947897,69,706658,9864,72371,5545,4941,1954,66777,4854,783,880,68209,8442,28158,3701,4710,1381,23448,3531
1600000US4806128,4806128,"Baytown city, Texas",76834,2222,53202,4572,11090,3270,323,525,3008,1715,0,220,7323,2479,1888,1108,326,239,1562,998
1600000US4807000,4807000,"Beaumont city, Texas",118309,35,55572,2903,54771,2657,483,414,4780,1441,32,54,1714,1014,957,560,429,414,528,307
1600000US4810768,4810768,"Brownsville city, Texas",183829,32,178281,1596,980,661,38,74,1779,1037,35,59,1760,804,956,540,509,336,447,413
1600000US4810912,4810912,"Bryan city, Texas",83265,28,57877,4185,13219,2164,0,220,529,386,107,163,5596,2367,5937,3243,74,90,5863,3247
1600000US4813024,4813024,"Carrollton city, Texas",133351,38,90192,4878,12840,3135,754,432,19477,3738,244,332,6149,2382,3695,1200,760,520,2935,1039
1600000US4813552,4813552,"Cedar Park city, Texas",70498,3391,56895,4505,1004,771,346,577,7115,2338,0,220,2474,1653,2664,1732,347,464,2317,1752
1600000US4815976,4815976,"College Station city, Texas",112142,26,87999,2582,8638,2037,235,248,12088,1182,0,220,1196,596,1986,610,305,273,1681,560
1600000US4816432,4816432,"Conroe city, Texas",82296,42,68828,3919,5480,2428,396,523,3611,2610,0,220,3168,1579,813,889,106,184,707,867
1600000US4817000,4817000,"Corpus Christi city, Texas",325734,25,292170,1768,14774,1112,1403,1139,6628,796,211,250,4804,1411,5744,1663,2294,860,3450,1224
1600000US4819000,4819000,"Dallas city, Texas",1317942,102,814974,15110,324829,10696,2090,820,46997,5162,179,174,88910,9521,39963,4892,11844,3014,28119,4083
1600000US4819972,4819972,"Denton city, Texas",133803,37,103969,4809,13659,4012,917,474,5920,1849,264,246,3875,1677,5199,1446,656,577,4543,1352
1600000US4824000,4824000,"El Paso city, Texas",683088,49,561325,10074,28025,2582,3850,1266,10758,1152,299,316,60696,8947,18135,4817,5057,1946,13078,4617
1600000US4826232,4826232,"Flower Mound town, Texas",73289,58,60475,2227,2657,1254,193,213,6443,1747,34,59,740,755,2747,1136,282,383,2465,1070
1600000US4827000,4827000,"Fort Worth city, Texas",855897,2918,545285,11317,162955,9829,3337,1460,39260,5686,454,499,73569,10558,31037,4989,4838,1789,26199,4548
1600000US4827684,4827684,"Frisco city, Texas",163631,95,112304,5069,11038,3263,558,431,33350,4772,35,73,2203,1696,4143,1291,803,648,3340,1072
1600000US4829000,4829000,"Garland city, Texas",234588,60,158211,7698,34752,6168,518,268,24919,4584,0,220,8226,3110,7962,2851,2504,1744,5458,2190
1600000US4829336,4829336,"Georgetown city, Texas",67137,29,61995,2367,1829,1345,0,220,312,250,0,220,1941,1398,1060,768,299,501,761,569
1600000US4830464,4830464,"Grand Prairie city, Texas",190626,69,121743,6999,40206,5982,409,394,15551,3662,0,220,7542,2728,5175,1904,1114,571,4061,1920
1600000US4832372,4832372,"Harlingen city, Texas",65533,30,58336,2873,871,555,303,365,237,243,85,143,4630,2683,1071,766,477,569,594,531
1600000US4835000,4835000,"Houston city, Texas",2304388,2884,1318837,21479,520127,15733,5044,1431,171312,9387,968,741,237903,17985,50197,6756,10482,2742,39715,5489
1600000US4837000,4837000,"Irving city, Texas",238284,42,113047,7695,31480,4517,1303,1058,46029,5577,531,470,36805,5954,9089,2744,3485,1755,5604,2253
1600000US4839148,4839148,"Killeen city, Texas",143397,30,62075,5395,59327,4662,1476,1167,4855,1502,2217,456,3868,1942,9579,2057,535,305,9044,2078
1600000US4841464,4841464,"Laredo city, Texas",257988,2598,245694,4224,1139,291,358,340,832,769,0,220,7971,3346,1994,1404,366,259,1628,1402
1600000US4841980,4841980,"League City city, Texas",101619,1270,80612,5283,10912,4601,973,723,4686,1658,0,220,3350,1666,1086,902,45,86,1041,894
1600000US4842508,4842508,"Lewisville city, Texas",104676,563,66383,4492,11573,2729,373,415,9229,2454,315,297,11303,4318,5500,1948,356,335,5144,1948
1600000US4843888,4843888,"Longview city, Texas",81712,878,57039,2275,20621,1798,408,244,1545,431,0,220,426,475,1673,1008,173,227,1500,997
1600000US4845000,4845000,"Lubbock city, Texas",252514,32,202208,3639,20501,1632,3576,1972,5184,1051,1000,1067,13687,3408,6358,1748,2057,626,4301,1514
1600000US4845384,4845384,"McAllen city, Texas",142203,39,93259,7618,1630,1602,1320,1198,4412,1555,0,220,40030,7655,1552,1116,1090,1225,462,442
1600000US4845744,4845744,"McKinney city, Texas",172318,80,129425,6249,18887,4163,679,380,13596,4420,162,264,4036,1770,5533,1688,747,569,4786,1646
1600000US4846452,4846452,"Mansfield city, Texas",65205,1073,41470,3978,10686,3694,487,458,5950,2846,264,437,2925,1897,3423,1512,1007,686,2416,1150
1600000US4847892,4847892,"Mesquite city, Texas",143763,252,94356,6924,36061,6876,1146,864,4066,1579,244,401,3228,1225,4662,1920,1354,949,3308,1683
1600000US4848072,4848072,"Midland city, Texas",134613,19,112486,2622,11052,1933,341,544,3386,443,88,132,4458,1841,2802,1321,1177,967,1625,948
1600000US4848804,4848804,"Missouri City city, Texas",74875,2652,27403,4676,33846,4910,220,313,8361,2999,0,220,2784,2232,2261,1574,0,220,2261,1574
1600000US4850820,4850820,"New Braunfels city, Texas",70999,2734,64295,2833,2006,1127,73,126,1304,450,0,220,2158,1408,1163,604,318,394,845,456
1600000US4852356,4852356,"North Richland Hills city, Texas",69807,40,59726,2838,3335,1871,0,220,802,463,0,220,4616,2541,1328,754,0,220,1328,754
1600000US4853388,4853388,"Odessa city, Texas",117749,929,98075,3510,7301,1385,849,978,1426,630,0,220,6530,3052,3568,1367,545,368,3023,1422
1600000US4856000,4856000,"Pasadena city, Texas",153359,44,136040,3492,5370,2227,1340,1153,2409,1133,0,220,4519,1567,3681,1635,824,765,2857,1429
1600000US4856348,4856348,"Pearland city, Texas",117367,2908,69095,5577,21685,4515,2460,2698,17246,2991,0,220,3071,1593,3810,2228,292,299,3518,2197
1600000US4858016,4858016,"Plano city, Texas",286047,1382,188085,5942,30299,4414,1179,761,52511,4587,495,365,4115,1344,9363,2403,686,466,8677,2429
1600000US4861796,4861796,"Richardson city, Texas",113368,79,74781,4905,14373,4026,225,181,16656,3654,0,220,3252,2006,4081,1904,219,244,3862,1876
1600000US4863500,4863500,"Round Rock city, Texas",120528,1096,86455,3414,11983,2976,0,220,9200,2172,0,220,3678,1771,9212,2482,1667,986,7545,2360
1600000US4864472,4864472,"San Angelo city, Texas",103526,2105,91526,2721,5803,754,455,314,1259,360,0,220,2730,1358,1753,409,246,208,1507,391
1600000US4865000,4865000,"San Antonio city, Texas",1492494,86,1184876,12857,110885,6296,11402,4705,41863,3332,727,488,106782,10538,35959,4146,8448,1936,27511,3324
1600000US4870808,4870808,"Sugar Land city, Texas",88187,47,42580,4787,5788,3021,167,282,35725,5717,0,220,1513,1467,2414,2776,1782,2766,632,493
1600000US4872176,4872176,"Temple city, Texas",73597,32,57045,3653,10162,2599,432,477,764,849,0,220,1474,983,3720,1594,49,87,3671,1604
1600000US4872656,4872656,"The Woodlands CDP, Texas",112076,9297,97357,9594,3720,2633,0,220,5460,2052,0,220,1770,1096,3769,1921,683,672,3086,1696
1600000US4874144,4874144,"Tyler city, Texas",104796,30,71494,4295,23237,3618,280,257,2799,607,0,220,4355,2445,2631,1238,429,507,2202,1125
1600000US4875428,4875428,"Victoria city, Texas",67672,19,58049,1946,5009,1219,101,170,1396,220,164,275,2394,1400,559,398,355,347,204,208
1600000US4876000,4876000,"Waco city, Texas",134422,46,90117,3181,30745,1981,640,418,2498,829,149,256,6770,1924,3503,1251,1053,610,2450,1011
1600000US4879000,4879000,"Wichita Falls city, Texas",104735,43,78901,1908,12703,1210,856,903,3329,659,151,188,3313,1663,5482,1912,1576,1335,3906,1432
1600000US4943660,4943660,"Layton city, Utah",75658,30,63061,3231,1525,968,705,564,1754,953,821,677,4046,2188,3746,1459,1305,1249,2441,919
1600000US4955980,4955980,"Ogden city, Utah",86709,30,74796,2635,1432,966,1065,668,1771,982,141,208,5720,2100,1784,887,175,223,1609,840
1600000US4957300,4957300,"Orem city, Utah",97508,38,85801,2876,1368,742,1358,1788,1635,952,784,516,1321,672,5241,1420,360,391,4881,1358
1600000US4962470,4962470,"Provo city, Utah",116874,35,104399,2515,515,392,890,603,3532,1035,1799,1093,1524,1137,4215,1430,349,271,3866,1385
1600000US4965330,4965330,"St. George city, Utah",82315,24,69725,2934,456,401,789,533,629,546,869,653,6851,2959,2996,1736,916,1232,2080,806
1600000US4967000,4967000,"Salt Lake City city, Utah",193776,122,140022,4898,7022,2669,1730,816,9569,1735,2946,1924,26037,5424,6450,1699,515,410,5935,1709
1600000US4967440,4967440,"Sandy city, Utah",95827,45,88549,1809,348,415,422,464,3046,1017,208,257,1270,801,1984,864,0,190,1984,864
1600000US4982950,4982950,"West Jordan city, Utah",113688,52,92944,4112,322,285,636,692,2341,1115,3886,2548,9001,3456,4558,1777,631,416,3927,1718
1600000US4983470,4983470,"West Valley City city, Utah",136579,47,76838,6024,4588,1832,376,301,6569,2076,3713,2261,40550,5804,3945,1176,1150,714,2795,833
1600000US5101000,5101000,"Alexandria city, Virginia",155810,*****,92717,2256,34500,2083,99,159,9726,802,146,192,11250,2606,7372,2578,2103,1535,5269,2155
1600000US5103000,5103000,"Arlington CDP, Virginia",230050,*****,162749,3924,19802,1221,962,316,23558,1515,411,390,13518,4075,9050,1835,755,454,8295,1827
1600000US5114440,5114440,"Centreville CDP, Virginia",68024,5746,38736,4784,4861,2146,84,146,18770,3309,329,354,868,816,4376,1741,703,926,3673,1373
1600000US5116000,5116000,"Chesapeake city, Virginia",237940,*****,147623,1647,71159,1502,68,90,7197,1159,0,201,2808,1174,9085,2173,179,226,8906,2165
1600000US5121088,5121088,"Dale City CDP, Virginia",72073,7320,31207,4650,17879,4217,0,201,8570,2489,0,201,10769,4577,3648,1461,428,504,3220,1389
1600000US5135000,5135000,"Hampton city, Virginia",135410,*****,56219,1375,68730,2014,75,125,3506,678,476,422,1902,985,4502,1749,322,315,4180,1765
1600000US5147672,5147672,"Lynchburg city, Virginia",80212,*****,53004,417,23624,1486,312,391,795,418,0,201,235,214,2242,1280,57,75,2185,1280
1600000US5156000,5156000,"Newport News city, Virginia",181825,*****,86739,1439,73750,2428,430,357,4472,852,202,259,3401,1068,12831,2323,1817,1035,11014,2387
1600000US5157000,5157000,"Norfolk city, Virginia",245115,*****,115675,1776,100685,2264,832,483,9313,626,496,473,8111,2412,10003,2285,1270,765,8733,2083
1600000US5164000,5164000,"Portsmouth city, Virginia",95252,*****,38231,570,49467,1974,265,249,1626,256,1001,1558,1566,890,3096,1035,0,201,3096,1035
1600000US5167000,5167000,"Richmond city, Virginia",223170,*****,101987,985,105155,2458,650,266,4903,612,115,158,1948,750,8412,2516,451,444,7961,2517
1600000US5168000,5168000,"Roanoke city, Virginia",99660,*****,63615,1480,30307,966,68,103,3200,139,123,225,640,974,1707,860,240,338,1467,728
1600000US5176432,5176432,"Suffolk city, Virginia",89273,*****,45912,546,37324,1433,191,194,1688,285,89,118,583,352,3486,1296,287,358,3199,1323
1600000US5182000,5182000,"Virginia Beach city, Virginia",452602,*****,303452,3140,82660,3299,901,444,30196,2030,175,131,9160,2661,26058,3848,2689,1123,23369,3907
1600000US5303180,5303180,"Auburn city, Washington",75968,2030,48026,4020,5401,2253,2449,1527,6948,2118,1790,1819,3076,2034,8278,2506,87,109,8191,2497
1600000US5305210,5305210,"Bellevue city, Washington",141415,59,75456,4927,4794,1761,121,198,50111,5112,470,786,2769,2060,7694,1619,343,309,7351,1514
1600000US5305280,5305280,"Bellingham city, Washington",87577,31,69699,2844,2085,612,947,531,5425,1795,290,245,5159,2183,3972,1445,420,374,3552,1362
1600000US5322640,5322640,"Everett city, Washington",109035,42,79608,4794,4681,1515,1508,845,9952,3150,1564,1041,6439,4097,5283,1777,202,174,5081,1792
1600000US5323515,5323515,"Federal Way city, Washington",96748,44,57647,5075,5951,2108,905,656,12444,2603,2451,2179,11108,3751,6242,2185,1197,930,5045,1787
1600000US5335275,5335275,"Kennewick city, Washington",80469,57,65134,3671,1110,941,344,240,2206,819,0,198,9773,3448,1902,1189,85,157,1817,1166
1600000US5335415,5335415,"Kent city, Washington",127506,54,62039,5014,14175,4372,534,409,25478,4476,1645,1322,13745,3941,9890,2327,1709,846,8181,2385
1600000US5335940,5335940,"Kirkland city, Washington",87672,98,66935,2977,1252,792,180,246,13587,2504,0,198,1744,1203,3974,1179,231,310,3743,1144
1600000US5343955,5343955,"Marysville city, Washington",67625,23,58328,2674,277,239,125,150,4286,2314,376,383,921,596,3312,1458,830,791,2482,1270
1600000US5353545,5353545,"Pasco city, Washington",71934,3510,42553,3887,1382,778,609,474,647,724,759,654,22884,4227,3100,1522,845,900,2255,1248
1600000US5357745,5357745,"Renton city, Washington",100952,34,47180,4389,12634,3610,755,485,22178,4170,2890,2201,7356,2997,7959,1824,1014,639,6945,1914
1600000US5363000,5363000,"Seattle city, Washington",704358,51,475419,8504,50146,6455,2701,931,104955,6334,2098,1695,18005,3993,51034,6147,1996,675,49038,6360
1600000US5367000,5367000,"Spokane city, Washington",215964,43,181230,3845,3434,1287,5330,2603,6186,1837,2166,494,4747,1812,12871,2629,1475,1065,11396,2515
1600000US5367167,5367167,"Spokane Valley city, Washington",96337,31,87705,2566,967,657,855,654,1238,1125,360,357,2740,1930,2472,905,55,80,2417,898
1600000US5370000,5370000,"Tacoma city, Washington",211304,88,132869,5168,21790,3363,4164,2068,21480,3871,2037,1394,8029,2887,20935,3859,678,431,20257,3826
1600000US5374060,5374060,"Vancouver city, Washington",174836,97,137738,4090,4197,1182,909,431,10538,1745,2477,997,9650,2981,9327,1824,1338,819,7989,1580
1600000US5380010,5380010,"Yakima city, Washington",93974,49,70908,3295,3116,2518,1899,1074,1206,626,0,198,12857,3255,3988,1632,1450,1307,2538,1236
1600000US5502375,5502375,"Appleton city, Wisconsin",75465,2015,64422,2654,2402,915,493,352,4571,1596,65,107,2029,1145,1483,810,273,360,1210,768
1600000US5522300,5522300,"Eau Claire city, Wisconsin",67776,503,62345,1068,614,400,196,246,3114,930,0,147,110,179,1397,703,90,106,1307,701
1600000US5531000,5531000,"Green Bay city, Wisconsin",105142,28,82200,3276,3493,1041,3765,1211,4112,1476,0,147,5685,2218,5887,2501,2917,2098,2970,1163
1600000US5539225,5539225,"Kenosha city, Wisconsin",99634,25,80060,2512,10507,1296,688,269,1629,572,175,301,2523,1499,4052,1415,709,582,3343,1312
1600000US5548000,5548000,"Madison city, Wisconsin",252557,45,199966,3160,15656,2318,1852,1188,22813,2351,198,238,2554,1165,9518,1672,1594,899,7924,1609
1600000US5553000,5553000,"Milwaukee city, Wisconsin",595070,71,259589,5893,229503,3672,2533,813,26295,2630,35,58,51156,4961,25959,3473,3671,1282,22288,3199
1600000US5560500,5560500,"Oshkosh city, Wisconsin",66570,35,61088,1160,2685,658,220,182,1673,868,0,147,400,293,504,283,0,147,504,283
1600000US5566000,5566000,"Racine city, Wisconsin",77572,27,49635,2861,17860,1873,398,438,756,613,0,147,4286,2021,4637,2409,931,718,3706,2307
1600000US5584250,5584250,"Waukesha city, Wisconsin",72358,31,61904,1666,4394,1502,321,410,2502,846,99,150,915,536,2223,1387,426,477,1797,1121
